ImageId,class_1,class_2,class_3,class_4,no_defect,positive_class_count,combination
0002cc93b.jpg,True,False,False,False,False,1,1
00031f466.jpg,False,False,False,False,True,0,none
000418bfc.jpg,False,False,False,False,True,0,none
000789191.jpg,False,False,False,False,True,0,none
0007a71bf.jpg,False,False,True,False,False,1,3
000a4bcdd.jpg,True,False,False,False,False,1,1
000f6bf48.jpg,False,False,False,True,False,1,4
0014fce06.jpg,False,False,True,False,False,1,3
001982b08.jpg,False,False,False,False,True,0,none
001d1b355.jpg,False,False,False,False,True,0,none
001d3d093.jpg,False,False,False,False,True,0,none
0025bde0c.jpg,False,False,True,True,False,2,3+4
002af848d.jpg,False,False,False,True,False,1,4
002e73b3c.jpg,False,False,False,False,True,0,none
002fc4e19.jpg,True,True,False,False,False,2,1+2
0030401a5.jpg,False,False,False,True,False,1,4
003ac9d2a.jpg,False,False,False,False,True,0,none
0046839bd.jpg,False,False,True,False,False,1,3
005b92582.jpg,False,False,False,False,True,0,none
005d86c25.jpg,False,False,True,False,False,1,3
005da33cf.jpg,False,False,False,False,True,0,none
005dbf0e0.jpg,False,False,False,False,True,0,none
005f02e20.jpg,False,False,True,False,False,1,3
005f19695.jpg,False,False,True,False,False,1,3
006a4402e.jpg,False,False,False,False,True,0,none
0074d81d0.jpg,False,False,False,False,True,0,none
00762aa3b.jpg,False,False,False,False,True,0,none
007f28bba.jpg,False,False,False,False,True,0,none
008479d08.jpg,False,False,False,False,True,0,none
008621629.jpg,False,False,False,True,False,1,4
0088260da.jpg,False,False,True,False,False,1,3
00894274f.jpg,False,False,False,False,True,0,none
008b9acf5.jpg,False,False,False,False,True,0,none
008d0f87b.jpg,False,False,True,False,False,1,3
008ef3d74.jpg,True,True,False,False,False,2,1+2
0095cd374.jpg,False,False,True,False,False,1,3
009b12ccc.jpg,False,False,False,False,True,0,none
00ac8372f.jpg,True,True,False,False,False,2,1+2
00af2671f.jpg,False,False,True,False,False,1,3
00b989e78.jpg,False,False,False,False,True,0,none
00bc01bfe.jpg,True,False,False,False,False,1,1
00bf8497a.jpg,False,False,True,False,False,1,3
00c24a74c.jpg,False,False,False,False,True,0,none
00c6060db.jpg,False,False,False,False,True,0,none
00c88fed0.jpg,True,True,False,False,False,2,1+2
00cdb56a0.jpg,False,False,True,False,False,1,3
00d639396.jpg,False,False,True,False,False,1,3
00d7ae946.jpg,False,False,False,False,True,0,none
00dcb19f3.jpg,False,False,False,False,True,0,none
00ded7837.jpg,False,False,False,False,True,0,none
00e0398ad.jpg,False,False,True,False,False,1,3
00ec97699.jpg,False,False,True,False,False,1,3
00f1665e6.jpg,False,False,True,False,False,1,3
00f68d337.jpg,False,False,False,False,True,0,none
00f6e702c.jpg,False,False,True,False,False,1,3
00f95222c.jpg,False,False,False,False,True,0,none
00fe04c98.jpg,False,False,False,False,True,0,none
00fe7f023.jpg,False,False,False,False,True,0,none
0101e2cf0.jpg,False,False,False,False,True,0,none
01053d28f.jpg,True,False,False,False,False,1,1
010db68d1.jpg,True,False,False,False,False,1,1
012a4581b.jpg,False,False,False,False,True,0,none
012a9a4c7.jpg,True,False,False,False,False,1,1
012d29df4.jpg,False,False,True,False,False,1,3
012f26693.jpg,False,False,True,True,False,2,3+4
01338c0ea.jpg,False,False,True,False,False,1,3
0139dd004.jpg,False,False,True,False,False,1,3
0141c9bf3.jpg,False,False,True,False,False,1,3
014409fcc.jpg,False,False,False,False,True,0,none
0148e9891.jpg,False,False,True,False,False,1,3
014ebe543.jpg,False,False,True,False,False,1,3
01540cab1.jpg,False,False,True,False,False,1,3
015ed7fac.jpg,False,False,False,False,True,0,none
01661826d.jpg,True,False,False,False,False,1,1
0167a740e.jpg,True,False,False,False,False,1,1
016af13d0.jpg,False,False,True,False,False,1,3
016efe618.jpg,False,False,False,True,False,1,4
01764ee81.jpg,False,False,True,False,False,1,3
017c828a1.jpg,True,False,False,False,False,1,1
017d75655.jpg,False,False,False,False,True,0,none
0181695f9.jpg,False,False,False,False,True,0,none
018ccdfed.jpg,False,False,False,True,False,1,4
01919944c.jpg,False,False,True,False,False,1,3
0198ab92d.jpg,False,False,False,False,True,0,none
019f42c2a.jpg,False,False,True,False,False,1,3
01a1027ce.jpg,False,False,True,False,False,1,3
01afbfa7a.jpg,False,False,False,True,False,1,4
01b043500.jpg,False,False,True,False,False,1,3
01b237ab8.jpg,False,False,False,False,True,0,none
01b492dd6.jpg,False,False,True,False,False,1,3
01b6c2dc1.jpg,False,False,False,False,True,0,none
01c3ef286.jpg,False,False,True,False,False,1,3
01cf446d4.jpg,False,False,True,False,False,1,3
01cfacf80.jpg,False,False,True,True,False,2,3+4
01d590c5f.jpg,False,False,False,False,True,0,none
01d97b205.jpg,False,False,False,False,True,0,none
01dbcd2ec.jpg,False,False,False,False,True,0,none
01df77e59.jpg,True,False,False,False,False,1,1
01e020dc5.jpg,False,False,True,False,False,1,3
01e501f99.jpg,False,False,False,False,True,0,none
01e69cfc3.jpg,False,False,False,False,True,0,none
01ebe0d32.jpg,False,False,True,False,False,1,3
01fd320c9.jpg,False,False,True,False,False,1,3
01fd50e68.jpg,False,False,True,False,False,1,3
0202a5f22.jpg,False,False,False,False,True,0,none
020ff3106.jpg,False,False,True,False,False,1,3
0217af9b1.jpg,False,False,True,False,False,1,3
0218c0fcc.jpg,False,False,False,True,False,1,4
02291e913.jpg,False,False,True,False,False,1,3
023353d24.jpg,False,False,False,False,True,0,none
023a21cf2.jpg,False,False,False,False,True,0,none
02431211b.jpg,False,False,True,False,False,1,3
02449f836.jpg,False,False,False,False,True,0,none
025cb9f6e.jpg,False,False,True,False,False,1,3
025dc8dc8.jpg,False,False,True,False,False,1,3
026105525.jpg,False,False,False,False,True,0,none
026183d85.jpg,False,True,False,False,False,1,2
02701c239.jpg,False,False,True,False,False,1,3
02709b038.jpg,False,False,False,False,True,0,none
0274a26b4.jpg,False,False,False,False,True,0,none
02761e0d1.jpg,False,False,False,False,True,0,none
027b280f4.jpg,False,False,False,False,True,0,none
0281aba7b.jpg,False,False,True,False,False,1,3
0285f63ad.jpg,False,False,False,False,True,0,none
028eb44d1.jpg,False,False,True,False,False,1,3
028ed7768.jpg,False,False,True,False,False,1,3
0294f23c0.jpg,False,False,True,False,False,1,3
02a78fb18.jpg,False,False,False,False,True,0,none
02aa62471.jpg,False,False,False,False,True,0,none
02b2cb5c3.jpg,False,False,False,False,True,0,none
02b2d3aa4.jpg,True,False,False,False,False,1,1
02b6b9f29.jpg,False,False,False,False,True,0,none
02b906933.jpg,False,False,True,False,False,1,3
02bb80457.jpg,False,False,False,False,True,0,none
02bf279c9.jpg,False,False,True,False,False,1,3
02c4655ff.jpg,True,False,False,False,False,1,1
02c79bfcb.jpg,False,False,True,False,False,1,3
02c7f44d9.jpg,False,False,False,False,True,0,none
02d006f47.jpg,False,False,False,False,True,0,none
02d18b8a4.jpg,False,False,True,False,False,1,3
02d3ca489.jpg,False,False,False,False,True,0,none
02d573611.jpg,False,False,False,True,False,1,4
02d8c6b30.jpg,False,False,True,False,False,1,3
02ea1d0e8.jpg,False,False,False,False,True,0,none
030336aa4.jpg,False,False,False,False,True,0,none
03098160c.jpg,False,False,False,False,True,0,none
031179c6e.jpg,False,False,False,False,True,0,none
031614d60.jpg,False,False,False,False,True,0,none
031627893.jpg,False,False,True,False,False,1,3
031f334ec.jpg,False,False,True,False,False,1,3
031fc45b5.jpg,False,False,False,False,True,0,none
03216ed91.jpg,False,False,False,False,True,0,none
03284f71b.jpg,False,False,False,False,True,0,none
03395a3da.jpg,False,False,False,False,True,0,none
0340e13c4.jpg,False,False,True,False,False,1,3
03461f8e0.jpg,False,False,True,False,False,1,3
034941f9d.jpg,False,False,True,False,False,1,3
034a72783.jpg,False,False,False,False,True,0,none
034b387c3.jpg,False,False,False,False,True,0,none
034e64ff3.jpg,False,False,False,False,True,0,none
035021da2.jpg,False,False,True,False,False,1,3
0358eaf5b.jpg,False,False,False,False,True,0,none
0360edfb8.jpg,False,False,True,False,False,1,3
036505ca3.jpg,False,False,False,False,True,0,none
036c4e5d2.jpg,True,False,False,False,False,1,1
036c7d18c.jpg,False,False,True,False,False,1,3
037887e11.jpg,False,False,False,False,True,0,none
037fca267.jpg,False,False,True,False,False,1,3
0384b81f8.jpg,False,False,False,False,True,0,none
03860f6a9.jpg,False,False,True,False,False,1,3
0386ce84b.jpg,False,False,True,False,False,1,3
038c59253.jpg,False,False,False,False,True,0,none
038c9fdad.jpg,False,False,False,False,True,0,none
038f14456.jpg,False,False,False,True,False,1,4
0391d44d6.jpg,False,False,True,True,False,2,3+4
039577d49.jpg,False,False,True,False,False,1,3
0399d7c46.jpg,False,False,False,False,True,0,none
03ab4e3ea.jpg,False,False,True,False,False,1,3
03ae2bc91.jpg,False,False,False,False,True,0,none
03af7f0c0.jpg,False,False,False,False,True,0,none
03b3b06e1.jpg,False,False,False,False,True,0,none
03ba7286b.jpg,False,False,False,False,True,0,none
03c558103.jpg,False,False,False,False,True,0,none
03ca4d04c.jpg,False,False,True,False,False,1,3
03da79fda.jpg,True,False,False,False,False,1,1
03db6bbc3.jpg,False,False,True,True,False,2,3+4
03e2515a7.jpg,False,False,False,False,True,0,none
03f15daba.jpg,False,False,False,False,True,0,none
03faf7462.jpg,False,False,True,False,False,1,3
0401d67aa.jpg,False,False,False,False,True,0,none
04055fd3e.jpg,False,False,True,False,False,1,3
0405e7c54.jpg,False,True,False,False,False,1,2
04072b39a.jpg,False,False,True,False,False,1,3
040de71ca.jpg,False,False,False,False,True,0,none
040fcc2f1.jpg,False,False,False,False,True,0,none
041187764.jpg,False,False,True,False,False,1,3
041a93b6d.jpg,False,False,True,False,False,1,3
04238d7e3.jpg,False,False,False,False,True,0,none
04246167f.jpg,False,False,True,False,False,1,3
042691991.jpg,False,False,False,False,True,0,none
0429258ad.jpg,True,False,False,False,False,1,1
044700866.jpg,False,False,True,True,False,2,3+4
04505c6df.jpg,False,False,False,False,True,0,none
04594d04e.jpg,False,False,True,False,False,1,3
046282f58.jpg,False,False,True,False,False,1,3
046c35525.jpg,True,False,False,False,False,1,1
0473a80ee.jpg,False,False,False,False,True,0,none
047681252.jpg,False,False,False,False,True,0,none
047fa15d0.jpg,False,False,True,False,False,1,3
04802a6c2.jpg,False,False,False,False,True,0,none
0482ee1d6.jpg,False,False,False,False,True,0,none
0483ecae0.jpg,False,False,False,False,True,0,none
0489a64d7.jpg,False,False,False,False,True,0,none
048d14d3f.jpg,False,False,True,False,False,1,3
048e8f015.jpg,False,False,False,False,True,0,none
04933e7f0.jpg,False,False,False,False,True,0,none
04985b2a8.jpg,False,False,False,False,True,0,none
0498abd18.jpg,False,False,True,False,False,1,3
049bad998.jpg,False,False,True,False,False,1,3
049fb17a1.jpg,False,False,False,False,True,0,none
04a06d744.jpg,False,False,True,False,False,1,3
04a4777e9.jpg,False,False,True,False,False,1,3
04a5009fa.jpg,False,False,True,False,False,1,3
04a5d5763.jpg,False,False,False,False,True,0,none
04ae7853c.jpg,False,False,True,False,False,1,3
04b0f819d.jpg,False,False,False,False,True,0,none
04bf23eba.jpg,False,False,False,False,True,0,none
04c3aade7.jpg,False,False,False,True,False,1,4
04d49c95d.jpg,False,False,True,False,False,1,3
04d527562.jpg,False,False,False,False,True,0,none
04d9a0db8.jpg,False,False,False,False,True,0,none
04e15fdc1.jpg,False,False,False,False,True,0,none
04e23e414.jpg,True,False,False,False,False,1,1
04fa19d59.jpg,False,False,False,True,False,1,4
050edacec.jpg,False,False,False,False,True,0,none
05172e316.jpg,False,False,False,False,True,0,none
05184e71b.jpg,False,False,True,False,False,1,3
0518e79e9.jpg,False,False,True,False,False,1,3
0519989b3.jpg,False,False,False,False,True,0,none
051f0d825.jpg,False,False,True,False,False,1,3
051f58cb4.jpg,False,False,False,False,True,0,none
0526d780c.jpg,False,False,True,False,False,1,3
052838084.jpg,False,False,True,False,False,1,3
052ac9a54.jpg,False,False,True,False,False,1,3
052cc2a0f.jpg,False,False,False,True,False,1,4
0534f1b45.jpg,False,False,True,False,False,1,3
05396b495.jpg,False,False,True,False,False,1,3
053bf4b5f.jpg,False,False,False,False,True,0,none
053e9a29c.jpg,False,False,True,False,False,1,3
054190eb2.jpg,False,False,True,False,False,1,3
05431e2d2.jpg,False,False,False,False,True,0,none
0549ad8ba.jpg,False,False,False,False,True,0,none
054d1650d.jpg,False,False,False,False,True,0,none
054fad516.jpg,False,False,False,False,True,0,none
056e34021.jpg,True,False,False,False,False,1,1
05747b10b.jpg,False,True,False,False,False,1,2
0576d3847.jpg,False,False,True,False,False,1,3
057b89dd5.jpg,False,False,True,False,False,1,3
0582ac66c.jpg,False,False,False,True,False,1,4
058a1e3b8.jpg,False,False,True,False,False,1,3
058f6a9c6.jpg,False,False,False,False,True,0,none
059000a4f.jpg,True,False,False,False,False,1,1
059327fe3.jpg,False,False,True,False,False,1,3
059910f5a.jpg,False,False,False,False,True,0,none
05a024a74.jpg,False,False,True,False,False,1,3
05a08c565.jpg,False,False,False,False,True,0,none
05a2c2eb0.jpg,False,False,False,False,True,0,none
05b847b1f.jpg,False,False,False,False,True,0,none
05b8ed770.jpg,False,False,False,False,True,0,none
05bb18957.jpg,False,False,False,False,True,0,none
05bc27672.jpg,False,False,False,False,True,0,none
05c05ea43.jpg,False,False,False,False,True,0,none
05d67a7ef.jpg,False,False,False,False,True,0,none
05d6bccf8.jpg,False,False,True,False,False,1,3
05f5e7366.jpg,False,False,True,False,False,1,3
05fc29f57.jpg,False,False,False,False,True,0,none
0602f0520.jpg,False,False,True,False,False,1,3
0603c2340.jpg,True,False,False,False,False,1,1
0606395c5.jpg,False,False,True,False,False,1,3
060964105.jpg,False,True,False,False,False,1,2
060c3159e.jpg,False,True,False,False,False,1,2
0613c11b3.jpg,False,False,False,False,True,0,none
061c3401a.jpg,False,False,False,False,True,0,none
062167783.jpg,False,False,True,False,False,1,3
0634275a6.jpg,False,False,False,False,True,0,none
063571c5c.jpg,False,False,True,False,False,1,3
063b5dcbe.jpg,False,False,False,False,True,0,none
063fa1630.jpg,False,False,False,True,False,1,4
0645d69f9.jpg,False,False,True,False,False,1,3
065b312ff.jpg,False,False,False,False,True,0,none
066b9220c.jpg,False,False,False,False,True,0,none
066bed8c1.jpg,False,False,False,False,True,0,none
066ecd182.jpg,False,False,True,False,False,1,3
06713b712.jpg,False,False,True,False,False,1,3
068587112.jpg,False,False,True,False,False,1,3
068c6c4a9.jpg,False,True,False,False,False,1,2
0696cfa05.jpg,False,False,True,False,False,1,3
06a01c775.jpg,True,False,False,False,False,1,1
06a86ee90.jpg,False,False,False,False,True,0,none
06ab5c48e.jpg,False,False,False,False,True,0,none
06ad83bac.jpg,False,False,True,False,False,1,3
06ae96c30.jpg,False,False,True,False,False,1,3
06aed81ba.jpg,False,False,True,False,False,1,3
06b384e78.jpg,False,False,True,False,False,1,3
06b49e34f.jpg,False,False,True,False,False,1,3
06d0fbb0c.jpg,False,False,True,False,False,1,3
06d3a99cb.jpg,False,False,True,False,False,1,3
06e099136.jpg,False,False,False,False,True,0,none
06e5521bc.jpg,False,False,False,False,True,0,none
06e55cb16.jpg,False,False,True,False,False,1,3
06e6582af.jpg,False,False,True,False,False,1,3
06e6e7a8c.jpg,False,False,False,True,False,1,4
06e7b157a.jpg,False,False,True,False,False,1,3
06e8eced9.jpg,False,False,False,False,True,0,none
06eb2151d.jpg,False,False,True,False,False,1,3
06f4583b1.jpg,False,False,True,False,False,1,3
06f52f4dd.jpg,False,False,True,False,False,1,3
06fb3a6e5.jpg,False,False,True,False,False,1,3
070037b64.jpg,False,False,False,False,True,0,none
070f0733c.jpg,False,False,False,False,True,0,none
0712fbd90.jpg,False,False,True,False,False,1,3
07134bc11.jpg,False,False,False,False,True,0,none
0728b2ac9.jpg,True,False,False,False,False,1,1
0739e9688.jpg,False,False,True,False,False,1,3
073d8f414.jpg,False,False,False,False,True,0,none
073f2a466.jpg,False,False,False,False,True,0,none
0757665c0.jpg,False,False,False,False,True,0,none
075ae68f4.jpg,False,False,False,False,True,0,none
07611b0a1.jpg,False,False,False,False,True,0,none
07732248e.jpg,False,False,True,True,False,2,3+4
0774ee747.jpg,False,False,False,False,True,0,none
077f0256d.jpg,True,False,False,False,False,1,1
078cb6932.jpg,False,False,False,False,True,0,none
078e8abfb.jpg,False,False,False,False,True,0,none
079054aa2.jpg,False,False,True,False,False,1,3
0792723f1.jpg,False,False,False,False,True,0,none
0794e9e24.jpg,False,False,False,False,True,0,none
079ff61ce.jpg,False,False,False,False,True,0,none
07a238cf0.jpg,False,False,False,False,True,0,none
07a5651ce.jpg,False,False,True,False,False,1,3
07ac7620c.jpg,True,False,False,False,False,1,1
07b1a9644.jpg,False,False,True,False,False,1,3
07b627cb9.jpg,False,False,True,False,False,1,3
07ba16aba.jpg,False,False,True,False,False,1,3
07ba66beb.jpg,True,False,False,False,False,1,1
07bee931a.jpg,False,False,False,False,True,0,none
07c3d6d77.jpg,False,True,False,False,False,1,2
07c8ba1d5.jpg,False,False,True,True,False,2,3+4
07c8c77a3.jpg,False,False,True,False,False,1,3
07c917711.jpg,False,False,True,False,False,1,3
07cb6d544.jpg,False,False,True,False,False,1,3
07cb85a8d.jpg,False,False,False,False,True,0,none
07cbfd1f8.jpg,False,False,True,True,False,2,3+4
07cd0a3e9.jpg,False,False,True,False,False,1,3
07e68173c.jpg,False,False,False,False,True,0,none
07e6bbef3.jpg,False,False,False,False,True,0,none
07e8fca73.jpg,False,False,False,False,True,0,none
07edbd095.jpg,False,False,False,False,True,0,none
07edcfc26.jpg,False,False,False,False,True,0,none
07edd4209.jpg,False,False,False,False,True,0,none
07ee5cbb2.jpg,False,False,False,False,True,0,none
07fd9f3e6.jpg,False,False,False,False,True,0,none
0803acf1f.jpg,False,False,True,False,False,1,3
08041ffdb.jpg,False,False,False,False,True,0,none
0808a098b.jpg,False,False,True,False,False,1,3
080906d34.jpg,False,False,False,False,True,0,none
080d6f77f.jpg,False,False,True,False,False,1,3
08135e87d.jpg,False,False,False,False,True,0,none
0817e2da4.jpg,False,False,True,False,False,1,3
08193cfc8.jpg,False,True,False,False,False,1,2
0821136d7.jpg,False,False,False,False,True,0,none
0824aaa5d.jpg,False,False,False,False,True,0,none
0829af407.jpg,True,False,False,False,False,1,1
082ad405c.jpg,False,False,False,False,True,0,none
083134687.jpg,False,False,False,False,True,0,none
0832de752.jpg,True,False,False,False,False,1,1
0841074c1.jpg,False,False,True,False,False,1,3
0842fa725.jpg,False,True,False,False,False,1,2
0849ea9f1.jpg,False,False,True,False,False,1,3
084abb378.jpg,False,False,False,False,True,0,none
084e8ba74.jpg,False,False,True,False,False,1,3
0855026b4.jpg,False,False,False,False,True,0,none
0858830b6.jpg,False,False,True,False,False,1,3
085a9eea6.jpg,False,False,True,False,False,1,3
085bcd104.jpg,False,False,True,False,False,1,3
085f71134.jpg,False,False,False,False,True,0,none
08605c0eb.jpg,False,False,True,False,False,1,3
08630f05d.jpg,False,False,False,False,True,0,none
08658acdf.jpg,False,False,False,False,True,0,none
086739d4f.jpg,False,False,False,False,True,0,none
086bf54f4.jpg,False,False,False,False,True,0,none
08808b1a2.jpg,True,False,False,False,False,1,1
08852b69d.jpg,False,False,True,False,False,1,3
0888e6a84.jpg,False,False,True,True,False,2,3+4
088a6bb94.jpg,False,False,True,False,False,1,3
088aee82e.jpg,False,False,True,False,False,1,3
088ecc915.jpg,False,False,False,False,True,0,none
08a1a079b.jpg,True,False,True,False,False,2,1+3
08a8ed239.jpg,True,False,False,False,False,1,1
08b10468d.jpg,False,False,False,True,False,1,4
08b40a161.jpg,False,False,True,True,False,2,3+4
08b539d11.jpg,False,False,True,False,False,1,3
08b99532a.jpg,False,False,False,False,True,0,none
08ba29346.jpg,False,False,False,False,True,0,none
08c2fc120.jpg,False,False,True,False,False,1,3
08c8229e3.jpg,False,False,False,False,True,0,none
08cb2b899.jpg,False,False,False,False,True,0,none
08d5bd03d.jpg,False,False,True,False,False,1,3
08d80d51a.jpg,False,False,True,False,False,1,3
08d9cdf3b.jpg,False,False,False,False,True,0,none
08de8621d.jpg,False,False,True,False,False,1,3
08de8df60.jpg,True,False,True,False,False,2,1+3
08e21ba66.jpg,False,False,False,False,True,0,none
08e3aadde.jpg,False,False,True,False,False,1,3
08f0b26ac.jpg,False,False,True,False,False,1,3
08f37071a.jpg,False,False,False,False,True,0,none
08f5c0997.jpg,False,False,True,False,False,1,3
08f5d5a29.jpg,False,False,False,False,True,0,none
08f9c685f.jpg,True,False,True,False,False,2,1+3
08fc8dc5d.jpg,False,False,False,False,True,0,none
08fe9f644.jpg,False,False,False,False,True,0,none
0905fe055.jpg,True,False,False,False,False,1,1
090859f6a.jpg,False,False,False,False,True,0,none
090a6a4b5.jpg,False,False,True,False,False,1,3
09140dda7.jpg,False,False,True,False,False,1,3
091d21109.jpg,False,False,True,False,False,1,3
091fcc239.jpg,False,False,False,False,True,0,none
0920a07c6.jpg,False,False,False,False,True,0,none
092145f0c.jpg,False,False,True,False,False,1,3
092614afe.jpg,False,False,False,True,False,1,4
0929b3d8f.jpg,False,False,True,False,False,1,3
092c1f666.jpg,False,False,False,False,True,0,none
092f2587c.jpg,False,False,False,False,True,0,none
092f8d365.jpg,False,False,True,False,False,1,3
09323504a.jpg,False,False,True,False,False,1,3
0934b8bff.jpg,True,False,False,False,False,1,1
093ec1c68.jpg,False,False,True,False,False,1,3
094281d26.jpg,False,False,False,False,True,0,none
09478d706.jpg,False,False,False,False,True,0,none
094b155b4.jpg,False,False,False,False,True,0,none
094fd70ea.jpg,False,False,True,False,False,1,3
09552b326.jpg,False,False,True,False,False,1,3
095c6bcdc.jpg,False,False,False,False,True,0,none
095c72506.jpg,False,False,False,False,True,0,none
09627b1bf.jpg,False,False,False,False,True,0,none
096465b41.jpg,False,False,True,False,False,1,3
096701230.jpg,False,False,False,False,True,0,none
096e9d26a.jpg,False,False,False,False,True,0,none
0970201e2.jpg,False,False,True,False,False,1,3
0973e56f0.jpg,False,False,False,False,True,0,none
09757b84e.jpg,False,False,True,False,False,1,3
097e28492.jpg,False,False,True,False,False,1,3
097eaf94c.jpg,False,False,True,True,False,2,3+4
0984c380f.jpg,False,False,True,False,False,1,3
0986996f0.jpg,False,False,True,False,False,1,3
0988e13e7.jpg,False,False,True,False,False,1,3
098935502.jpg,False,False,False,False,True,0,none
09909c535.jpg,False,False,False,False,True,0,none
099465815.jpg,False,False,False,False,True,0,none
0999e53af.jpg,True,False,False,False,False,1,1
099e4e39a.jpg,False,False,True,False,False,1,3
09a3a5730.jpg,False,False,False,False,True,0,none
09b2001b6.jpg,False,False,False,False,True,0,none
09b26a624.jpg,False,False,True,False,False,1,3
09b428fe0.jpg,True,False,False,False,False,1,1
09b8f16ad.jpg,False,False,False,False,True,0,none
09bb26d69.jpg,False,False,False,False,True,0,none
09bb99140.jpg,False,False,False,False,True,0,none
09c4ca5ef.jpg,False,False,False,False,True,0,none
09c967630.jpg,False,False,True,False,False,1,3
09d4ee8a5.jpg,False,False,True,False,False,1,3
09d70d8f0.jpg,False,False,True,False,False,1,3
09d7dba1b.jpg,False,False,True,False,False,1,3
09d84ff22.jpg,False,False,True,False,False,1,3
09d87038e.jpg,False,False,True,False,False,1,3
09dd555c8.jpg,False,False,False,False,True,0,none
09e06e897.jpg,False,False,True,False,False,1,3
09e15218c.jpg,False,False,True,False,False,1,3
09e4f864e.jpg,False,False,False,False,True,0,none
09e75817a.jpg,False,False,True,False,False,1,3
09e9c96fd.jpg,False,False,True,False,False,1,3
09ee01161.jpg,False,False,True,False,False,1,3
09ef816bf.jpg,False,False,False,False,True,0,none
09f1605ee.jpg,False,False,False,True,False,1,4
09f598cb6.jpg,False,False,False,False,True,0,none
09fa983ff.jpg,False,False,False,False,True,0,none
0a058fcb6.jpg,False,False,False,False,True,0,none
0a122ef42.jpg,False,False,False,False,True,0,none
0a1cade03.jpg,False,False,False,False,True,0,none
0a21ce787.jpg,False,False,True,False,False,1,3
0a26aceb2.jpg,False,False,True,False,False,1,3
0a29ef6f9.jpg,False,False,False,False,True,0,none
0a34e73df.jpg,False,False,False,False,True,0,none
0a37f0a29.jpg,False,False,True,False,False,1,3
0a3bbea4d.jpg,False,False,False,False,True,0,none
0a405b396.jpg,False,False,True,False,False,1,3
0a427a066.jpg,False,False,False,False,True,0,none
0a433cb96.jpg,False,False,False,False,True,0,none
0a46cc4bf.jpg,False,False,False,False,True,0,none
0a4ad45a5.jpg,True,False,False,False,False,1,1
0a4ef8ee7.jpg,False,False,False,False,True,0,none
0a536b3c5.jpg,False,False,False,False,True,0,none
0a5a82b86.jpg,False,False,False,False,True,0,none
0a5ad2f0f.jpg,False,False,False,False,True,0,none
0a5cff3a7.jpg,False,False,True,False,False,1,3
0a6324223.jpg,False,False,False,False,True,0,none
0a65bd8d4.jpg,False,False,False,False,True,0,none
0a728f2a5.jpg,False,False,False,False,True,0,none
0a740fe74.jpg,False,False,False,False,True,0,none
0a76ac9b8.jpg,False,False,False,False,True,0,none
0a76c7934.jpg,False,False,False,False,True,0,none
0a8306bfe.jpg,False,False,True,False,False,1,3
0a85666e4.jpg,False,False,False,False,True,0,none
0a8cb8ddf.jpg,True,False,False,False,False,1,1
0a8fddf7a.jpg,False,False,False,False,True,0,none
0a9799f01.jpg,False,False,False,False,True,0,none
0a9a7a6c7.jpg,False,False,True,False,False,1,3
0a9aaba9a.jpg,False,False,True,False,False,1,3
0aa4399a4.jpg,False,False,True,False,False,1,3
0aa66dd72.jpg,False,False,False,False,True,0,none
0aa7955fd.jpg,False,False,True,False,False,1,3
0aafd7471.jpg,True,False,False,False,False,1,1
0abfbfc69.jpg,False,False,True,False,False,1,3
0ac9936af.jpg,False,False,True,False,False,1,3
0aceecf0a.jpg,False,False,True,False,False,1,3
0adc17f1d.jpg,False,False,False,True,False,1,4
0ae08c27e.jpg,False,False,False,False,True,0,none
0ae4f8a60.jpg,False,False,True,False,False,1,3
0af5680b1.jpg,False,False,False,False,True,0,none
0af6b34a8.jpg,False,False,True,False,False,1,3
0b0f32a34.jpg,False,False,False,False,True,0,none
0b1235e38.jpg,False,False,True,False,False,1,3
0b15dd467.jpg,False,False,False,False,True,0,none
0b1993a49.jpg,False,False,True,False,False,1,3
0b1a4d585.jpg,True,False,False,False,False,1,1
0b1e5a7a5.jpg,False,True,False,False,False,1,2
0b202a5ad.jpg,False,False,False,False,True,0,none
0b2d14bfd.jpg,False,False,False,False,True,0,none
0b2edb671.jpg,False,False,False,False,True,0,none
0b31575c2.jpg,False,False,False,False,True,0,none
0b3a0fabe.jpg,False,False,False,False,True,0,none
0b431da6c.jpg,False,False,False,False,True,0,none
0b4457f28.jpg,False,False,False,False,True,0,none
0b475b419.jpg,False,False,True,False,False,1,3
0b4a68676.jpg,False,False,True,False,False,1,3
0b4c8e681.jpg,False,True,False,False,False,1,2
0b5018316.jpg,False,True,False,False,False,1,2
0b5051d9f.jpg,False,False,True,False,False,1,3
0b50b417a.jpg,False,False,False,False,True,0,none
0b56da4ff.jpg,False,False,False,True,False,1,4
0b5c97e4c.jpg,False,False,True,False,False,1,3
0b620e67a.jpg,False,False,False,False,True,0,none
0b6cc9daa.jpg,False,False,True,False,False,1,3
0b76bcd3a.jpg,False,False,True,False,False,1,3
0b77d4ddf.jpg,False,False,True,False,False,1,3
0b7a4c9b9.jpg,False,False,True,False,False,1,3
0b8575001.jpg,False,False,True,False,False,1,3
0b8775632.jpg,False,False,True,False,False,1,3
0b89f99d7.jpg,False,False,False,False,True,0,none
0b95d9ca5.jpg,False,False,False,False,True,0,none
0ba2d403f.jpg,False,False,False,False,True,0,none
0ba4c4183.jpg,False,False,False,False,True,0,none
0bac0ef65.jpg,False,False,False,False,True,0,none
0bae1d71e.jpg,False,False,False,False,True,0,none
0bb304645.jpg,True,False,False,False,False,1,1
0bb37f2aa.jpg,False,False,True,False,False,1,3
0bb39cafa.jpg,False,False,True,False,False,1,3
0bb3b11e1.jpg,False,False,False,False,True,0,none
0bbd121d7.jpg,False,False,True,False,False,1,3
0bbec39a3.jpg,False,False,False,False,True,0,none
0bc0d715e.jpg,False,False,True,False,False,1,3
0bc373e44.jpg,True,False,True,False,False,2,1+3
0bc3f8ce8.jpg,False,False,True,False,False,1,3
0bc8070d5.jpg,False,False,True,False,False,1,3
0bd505b1b.jpg,False,False,False,False,True,0,none
0bd6da716.jpg,True,False,False,False,False,1,1
0bda9a0eb.jpg,False,False,True,False,False,1,3
0be6eca0c.jpg,False,False,False,False,True,0,none
0be878d63.jpg,False,False,False,False,True,0,none
0be9bad7b.jpg,False,False,True,True,False,2,3+4
0beadf0e6.jpg,False,False,False,False,True,0,none
0becaa911.jpg,False,False,False,False,True,0,none
0bee4edeb.jpg,False,False,True,False,False,1,3
0bef9d940.jpg,False,False,False,False,True,0,none
0bf383153.jpg,False,False,False,False,True,0,none
0bfce2f41.jpg,False,False,True,False,False,1,3
0bfcf7a71.jpg,False,False,True,False,False,1,3
0bfe252d0.jpg,False,False,False,False,True,0,none
0c0f61ab5.jpg,False,False,False,False,True,0,none
0c1c63e68.jpg,False,False,False,False,True,0,none
0c21c4b46.jpg,False,False,True,False,False,1,3
0c2522533.jpg,False,False,True,False,False,1,3
0c3fdad18.jpg,False,False,False,False,True,0,none
0c46e79a4.jpg,False,False,False,False,True,0,none
0c495b1c8.jpg,False,False,True,False,False,1,3
0c4c73167.jpg,False,False,False,False,True,0,none
0c4fc6017.jpg,False,False,False,False,True,0,none
0c59df320.jpg,True,False,False,False,False,1,1
0c5c5644b.jpg,False,False,True,False,False,1,3
0c607c9a3.jpg,False,False,False,False,True,0,none
0c6720401.jpg,False,True,False,False,False,1,2
0c6b1cfeb.jpg,False,False,False,False,True,0,none
0c6d171c6.jpg,False,False,False,False,True,0,none
0c6f55571.jpg,False,False,False,False,True,0,none
0c7930c2d.jpg,False,False,False,False,True,0,none
0c888ecb5.jpg,False,False,True,True,False,2,3+4
0c9425441.jpg,False,False,False,False,True,0,none
0c9ae816d.jpg,False,False,True,False,False,1,3
0ca915b9f.jpg,False,False,True,False,False,1,3
0ca999106.jpg,False,False,False,False,True,0,none
0caf53aba.jpg,False,False,True,False,False,1,3
0cb3064bd.jpg,False,False,True,False,False,1,3
0cb590f8e.jpg,True,True,False,False,False,2,1+2
0cc0f6640.jpg,False,False,False,False,True,0,none
0cc44081a.jpg,False,False,False,False,True,0,none
0cd22bad5.jpg,False,False,True,False,False,1,3
0cd8bbae8.jpg,False,False,False,False,True,0,none
0cdce1e66.jpg,False,False,False,False,True,0,none
0ce18d9e2.jpg,False,False,True,False,False,1,3
0ce3a145f.jpg,False,False,True,False,False,1,3
0ce5ead68.jpg,False,False,True,False,False,1,3
0ce6ef153.jpg,False,False,True,False,False,1,3
0ce9fcb62.jpg,False,False,False,False,True,0,none
0cefc1f4f.jpg,False,False,True,False,False,1,3
0cf509103.jpg,True,False,False,False,False,1,1
0cfcad1f5.jpg,False,False,True,False,False,1,3
0d01c8efb.jpg,False,False,False,False,True,0,none
0d0c21687.jpg,False,False,False,False,True,0,none
0d0ee7a51.jpg,False,False,True,False,False,1,3
0d13c2a23.jpg,True,False,False,False,False,1,1
0d17b6b4f.jpg,False,False,True,False,False,1,3
0d1ada935.jpg,False,False,False,False,True,0,none
0d1b42754.jpg,False,False,False,False,True,0,none
0d1e0ae6d.jpg,False,False,False,False,True,0,none
0d224e852.jpg,False,False,True,False,False,1,3
0d22c1559.jpg,False,False,True,False,False,1,3
0d22de6d4.jpg,False,False,False,False,True,0,none
0d258e4ae.jpg,False,False,False,False,True,0,none
0d26bb9b3.jpg,False,False,False,False,True,0,none
0d2a4e766.jpg,False,False,True,False,False,1,3
0d2a8b196.jpg,False,False,False,False,True,0,none
0d2c6fdf8.jpg,False,False,False,False,True,0,none
0d2fe4d55.jpg,False,False,False,False,True,0,none
0d324f7bd.jpg,False,False,False,False,True,0,none
0d32ad533.jpg,False,False,False,False,True,0,none
0d365d98c.jpg,False,False,True,False,False,1,3
0d388891f.jpg,False,False,False,False,True,0,none
0d3a308d6.jpg,False,False,False,False,True,0,none
0d3d0dbf2.jpg,False,False,True,False,False,1,3
0d3edfec6.jpg,False,False,True,False,False,1,3
0d4866e3c.jpg,False,True,False,False,False,1,2
0d4eae8de.jpg,False,False,False,True,False,1,4
0d4ebbafc.jpg,False,False,False,False,True,0,none
0d51538b9.jpg,False,False,False,True,False,1,4
0d5e07a0d.jpg,False,False,False,False,True,0,none
0d617d477.jpg,False,False,True,False,False,1,3
0d61cb826.jpg,False,False,False,False,True,0,none
0d661ca68.jpg,False,False,True,False,False,1,3
0d78ac743.jpg,False,False,False,True,False,1,4
0d7943344.jpg,False,False,False,False,True,0,none
0d7afc7a6.jpg,False,False,False,False,True,0,none
0d7e52a91.jpg,False,False,True,False,False,1,3
0d99ab39c.jpg,False,False,True,False,False,1,3
0d9d01f2e.jpg,False,False,False,False,True,0,none
0d9d2aa59.jpg,False,False,True,False,False,1,3
0da0d2c17.jpg,False,False,True,False,False,1,3
0da1c044f.jpg,False,False,True,False,False,1,3
0da296499.jpg,False,False,False,False,True,0,none
0da6615e7.jpg,False,False,False,False,True,0,none
0db39b46a.jpg,False,False,False,False,True,0,none
0db448eb7.jpg,False,False,True,False,False,1,3
0db535c8c.jpg,False,False,True,False,False,1,3
0db7ec4f0.jpg,False,False,True,False,False,1,3
0dc52baf6.jpg,False,False,False,False,True,0,none
0dc953a31.jpg,False,False,True,False,False,1,3
0dced41aa.jpg,False,False,False,False,True,0,none
0dcfc9c19.jpg,False,False,False,False,True,0,none
0dd76b019.jpg,False,False,True,False,False,1,3
0dd8c9f61.jpg,False,False,True,False,False,1,3
0ddbc9fb5.jpg,False,False,False,True,False,1,4
0ddd9b0c8.jpg,False,False,False,False,True,0,none
0debf180d.jpg,False,False,False,False,True,0,none
0dfc5aa21.jpg,False,False,False,False,True,0,none
0dfd831a1.jpg,False,False,False,False,True,0,none
0e01b820c.jpg,False,False,False,True,False,1,4
0e0377ffa.jpg,False,False,True,False,False,1,3
0e09ff3bd.jpg,False,False,False,False,True,0,none
0e0d5004d.jpg,False,False,True,False,False,1,3
0e0f06208.jpg,False,False,True,False,False,1,3
0e0f0a99e.jpg,False,False,False,False,True,0,none
0e106d482.jpg,False,True,False,False,False,1,2
0e15479f7.jpg,False,False,False,False,True,0,none
0e1925eb6.jpg,False,False,True,False,False,1,3
0e232ce72.jpg,False,False,False,True,False,1,4
0e3ade070.jpg,False,False,False,False,True,0,none
0e45812d6.jpg,False,False,False,False,True,0,none
0e479a15f.jpg,False,False,False,False,True,0,none
0e5981679.jpg,False,False,True,False,False,1,3
0e5e3f570.jpg,False,False,True,False,False,1,3
0e62d06d5.jpg,False,False,True,False,False,1,3
0e650e720.jpg,False,False,False,True,False,1,4
0e6f5e694.jpg,False,False,False,False,True,0,none
0e6ff7484.jpg,False,False,False,False,True,0,none
0e71cd651.jpg,False,False,True,True,False,2,3+4
0e7a45695.jpg,True,False,False,False,False,1,1
0e7f04eb4.jpg,False,False,True,False,False,1,3
0e86dea5b.jpg,True,False,False,False,False,1,1
0e9356159.jpg,True,False,False,False,False,1,1
0ea00bf92.jpg,False,True,False,False,False,1,2
0ea151b2f.jpg,False,False,True,False,False,1,3
0ea1e5d1a.jpg,False,False,False,False,True,0,none
0ea67158e.jpg,False,False,False,False,True,0,none
0eae06feb.jpg,False,False,True,False,False,1,3
0eb09950a.jpg,False,False,True,False,False,1,3
0eb39d43f.jpg,False,False,False,False,True,0,none
0eb737bd5.jpg,False,False,False,False,True,0,none
0eb93b1a5.jpg,False,False,False,False,True,0,none
0ebb34d89.jpg,False,False,True,False,False,1,3
0ebdc1277.jpg,False,True,False,False,False,1,2
0ec130695.jpg,False,False,True,False,False,1,3
0ec47dc45.jpg,False,False,True,False,False,1,3
0ec69ca92.jpg,False,False,True,False,False,1,3
0ec90edd8.jpg,False,False,False,False,True,0,none
0ecf31314.jpg,False,False,True,False,False,1,3
0ed2b54f1.jpg,False,False,False,False,True,0,none
0ed6d9ed0.jpg,False,False,False,False,True,0,none
0ed6dadbd.jpg,False,False,True,False,False,1,3
0edbdc249.jpg,False,False,False,False,True,0,none
0ee20797b.jpg,False,False,True,False,False,1,3
0ee406ddb.jpg,False,False,True,False,False,1,3
0ee453e02.jpg,False,False,False,False,True,0,none
0ee9187b6.jpg,False,False,False,False,True,0,none
0eeb95f8f.jpg,False,False,False,False,True,0,none
0ef465b25.jpg,False,False,True,False,False,1,3
0ef4bff49.jpg,False,False,False,False,True,0,none
0f010cc60.jpg,True,False,True,False,False,2,1+3
0f059464d.jpg,False,False,False,False,True,0,none
0f0c71c3e.jpg,False,False,True,False,False,1,3
0f0e5dcf1.jpg,False,False,False,False,True,0,none
0f1617841.jpg,True,False,False,False,False,1,1
0f2f4c90e.jpg,False,False,True,False,False,1,3
0f3528f69.jpg,False,False,False,False,True,0,none
0f388ff6d.jpg,False,False,False,False,True,0,none
0f3de4dde.jpg,False,False,False,False,True,0,none
0f4709f57.jpg,False,False,False,False,True,0,none
0f4a022fd.jpg,False,False,True,False,False,1,3
0f4bf08bd.jpg,True,False,False,False,False,1,1
0f55795dc.jpg,False,False,False,False,True,0,none
0f61cbd36.jpg,False,False,False,False,True,0,none
0f632b643.jpg,False,False,False,False,True,0,none
0f65a99d2.jpg,False,False,True,False,False,1,3
0f74501fa.jpg,False,False,False,False,True,0,none
0f79fd2f8.jpg,False,False,False,False,True,0,none
0f7b0f4ab.jpg,False,False,True,False,False,1,3
0f8305adb.jpg,False,False,False,True,False,1,4
0f9227faf.jpg,False,False,False,False,True,0,none
0f9a12222.jpg,True,False,False,False,False,1,1
0f9f79a88.jpg,True,False,False,False,False,1,1
0fa3f0dab.jpg,False,False,True,False,False,1,3
0faa71251.jpg,False,False,False,False,True,0,none
0fab4b372.jpg,False,False,False,False,True,0,none
0fac62a3e.jpg,False,False,False,False,True,0,none
0fb0a9555.jpg,False,False,False,False,True,0,none
0fb30b22c.jpg,False,False,True,False,False,1,3
0fb56c62d.jpg,True,False,False,False,False,1,1
0fc3d194a.jpg,False,False,True,False,False,1,3
0fc62814e.jpg,False,False,False,False,True,0,none
0fcafcb3b.jpg,False,False,True,False,False,1,3
0fd171923.jpg,False,False,True,False,False,1,3
0fd52bd83.jpg,False,False,False,False,True,0,none
0fd63823c.jpg,True,False,False,False,False,1,1
0fd87a6a9.jpg,False,False,False,False,True,0,none
0fe12f041.jpg,False,False,True,False,False,1,3
0fe38037f.jpg,False,False,False,False,True,0,none
0fe52ac1e.jpg,False,False,False,False,True,0,none
0ff13bf69.jpg,False,False,True,False,False,1,3
0ff2850a2.jpg,False,False,True,False,False,1,3
0ff538004.jpg,False,False,True,False,False,1,3
100cf75d9.jpg,False,False,True,False,False,1,3
100de36e9.jpg,False,False,False,False,True,0,none
10120e148.jpg,False,False,False,False,True,0,none
1013a0b6e.jpg,False,False,True,False,False,1,3
1014162c3.jpg,False,False,False,False,True,0,none
10145b58a.jpg,False,False,False,False,True,0,none
1015a389a.jpg,False,False,False,False,True,0,none
101648543.jpg,False,True,True,False,False,2,2+3
1017c52e8.jpg,True,False,False,False,False,1,1
101bc8aa5.jpg,False,False,True,False,False,1,3
101cb7171.jpg,False,False,False,False,True,0,none
1028475d0.jpg,False,False,False,False,True,0,none
102ac71fd.jpg,False,False,True,False,False,1,3
10378f8ea.jpg,False,False,True,False,False,1,3
1045b62c0.jpg,False,False,False,False,True,0,none
104856a03.jpg,False,False,False,False,True,0,none
104e612c2.jpg,False,False,True,False,False,1,3
1058879b4.jpg,False,False,False,False,True,0,none
105c65107.jpg,False,False,False,False,True,0,none
105f93d9e.jpg,False,False,True,False,False,1,3
10631d848.jpg,False,False,False,False,True,0,none
1065b4d64.jpg,False,False,False,False,True,0,none
106a5cf60.jpg,False,False,False,False,True,0,none
106fd7aad.jpg,False,False,True,False,False,1,3
1082cfe08.jpg,False,False,False,True,False,1,4
108502c97.jpg,False,False,False,False,True,0,none
1086196e1.jpg,False,False,True,False,False,1,3
108ea689b.jpg,False,False,True,False,False,1,3
10909b4bb.jpg,False,False,True,False,False,1,3
10972add9.jpg,False,False,True,False,False,1,3
109fbcecf.jpg,False,False,False,False,True,0,none
10a3cfbce.jpg,False,False,True,False,False,1,3
10ad74934.jpg,False,False,False,False,True,0,none
10b23eabe.jpg,False,False,True,False,False,1,3
10b6f12f1.jpg,False,False,True,False,False,1,3
10bbf7cb3.jpg,False,False,True,False,False,1,3
10c05e806.jpg,False,False,True,False,False,1,3
10c190f20.jpg,False,False,True,False,False,1,3
10c5015a2.jpg,False,False,False,False,True,0,none
10c752d54.jpg,False,False,False,False,True,0,none
10ca1b930.jpg,False,False,False,False,True,0,none
10caa6470.jpg,False,False,False,False,True,0,none
10cc0c97a.jpg,False,False,False,False,True,0,none
10d49b465.jpg,False,False,False,False,True,0,none
10d98c2be.jpg,False,False,True,False,False,1,3
10d9f85be.jpg,True,False,False,False,False,1,1
10dd730be.jpg,False,False,False,False,True,0,none
10de4f401.jpg,False,False,False,False,True,0,none
10e429bfc.jpg,False,False,True,False,False,1,3
10ea01334.jpg,False,False,False,False,True,0,none
10f1276ce.jpg,False,False,False,False,True,0,none
10f93990e.jpg,False,False,False,False,True,0,none
10fd19005.jpg,False,False,False,False,True,0,none
10ff9730b.jpg,False,False,False,False,True,0,none
110e63bfa.jpg,False,False,False,False,True,0,none
11192bc94.jpg,False,False,True,False,False,1,3
111ea31b8.jpg,False,False,False,False,True,0,none
112624ebb.jpg,False,False,False,False,True,0,none
112942aed.jpg,True,True,False,False,False,2,1+2
112b06482.jpg,False,False,True,False,False,1,3
112d183e5.jpg,False,False,True,False,False,1,3
11418b1c5.jpg,True,False,False,False,False,1,1
114743369.jpg,False,False,False,False,True,0,none
114e89e60.jpg,False,False,True,False,False,1,3
115c02850.jpg,False,False,True,False,False,1,3
115d51e4f.jpg,False,False,False,False,True,0,none
115efa1ca.jpg,False,False,False,False,True,0,none
115f3e6ad.jpg,False,False,False,False,True,0,none
1165781f0.jpg,False,False,True,False,False,1,3
116d673e3.jpg,False,False,True,False,False,1,3
117759a83.jpg,False,False,True,False,False,1,3
117a02fa5.jpg,False,False,False,False,True,0,none
117ddaa9f.jpg,False,False,True,False,False,1,3
117e76e70.jpg,False,False,False,False,True,0,none
11872c662.jpg,False,False,False,False,True,0,none
118b71091.jpg,False,False,True,False,False,1,3
118f6acfe.jpg,False,False,False,False,True,0,none
1195bebaf.jpg,False,False,False,False,True,0,none
1198f83d2.jpg,False,False,True,False,False,1,3
119f2b7e3.jpg,False,False,False,False,True,0,none
11a92e52f.jpg,False,False,False,False,True,0,none
11aaf18e2.jpg,False,False,True,False,False,1,3
11b1e2910.jpg,False,False,False,False,True,0,none
11b37e4d7.jpg,False,False,True,False,False,1,3
11b3c8232.jpg,False,False,False,False,True,0,none
11b3d69a1.jpg,False,False,False,False,True,0,none
11b60701f.jpg,False,False,False,False,True,0,none
11b801a0a.jpg,False,False,True,False,False,1,3
11bbd9f31.jpg,False,False,False,False,True,0,none
11bda65f0.jpg,False,False,True,False,False,1,3
11bf761dc.jpg,False,False,True,False,False,1,3
11c481d5e.jpg,False,False,True,False,False,1,3
11e51739f.jpg,False,False,False,False,True,0,none
11f34f40d.jpg,False,False,True,False,False,1,3
11f788ecf.jpg,True,False,False,False,False,1,1
11ff6a6f4.jpg,False,False,True,False,False,1,3
12006587f.jpg,False,False,False,False,True,0,none
1205a8e2b.jpg,False,False,False,False,True,0,none
121d3818a.jpg,False,False,True,False,False,1,3
12234aab8.jpg,False,False,True,False,False,1,3
12274ea9c.jpg,False,True,False,False,False,1,2
122c21f79.jpg,False,False,False,False,True,0,none
122e21783.jpg,False,False,False,False,True,0,none
122e9279c.jpg,False,False,False,False,True,0,none
1233290d1.jpg,False,False,False,False,True,0,none
12375dd7a.jpg,False,False,True,False,False,1,3
1238340e9.jpg,False,False,True,False,False,1,3
123a05e48.jpg,False,False,False,False,True,0,none
123b0882e.jpg,True,False,False,False,False,1,1
124204a30.jpg,False,False,True,False,False,1,3
12471d0d5.jpg,True,False,False,False,False,1,1
1259fbac8.jpg,False,False,True,False,False,1,3
12627251e.jpg,False,False,True,False,False,1,3
12630149a.jpg,False,False,False,False,True,0,none
127504e0f.jpg,False,False,True,False,False,1,3
1279bdb2d.jpg,False,False,False,False,True,0,none
127a4a097.jpg,False,False,True,False,False,1,3
127f33e12.jpg,False,False,False,False,True,0,none
1287339e5.jpg,False,False,True,False,False,1,3
1287c7c74.jpg,False,False,True,False,False,1,3
128b708e5.jpg,True,False,False,False,False,1,1
12939a330.jpg,False,False,False,False,True,0,none
1296079c8.jpg,False,False,False,False,True,0,none
1298b6dbb.jpg,False,False,True,False,False,1,3
12baa6dc4.jpg,False,False,False,False,True,0,none
12c03a410.jpg,False,False,False,False,True,0,none
12c0b2b5c.jpg,False,False,True,False,False,1,3
12ca2b04b.jpg,False,False,True,False,False,1,3
12d1056a2.jpg,False,False,False,False,True,0,none
12d38a1d4.jpg,False,False,True,False,False,1,3
12d720737.jpg,False,False,False,False,True,0,none
12d7ffca7.jpg,False,False,False,False,True,0,none
12dc92cfd.jpg,False,False,False,False,True,0,none
12dd3899c.jpg,False,False,True,False,False,1,3
12e0fb251.jpg,False,False,False,False,True,0,none
12e5fd049.jpg,False,False,False,False,True,0,none
12ee58841.jpg,False,False,True,False,False,1,3
12ef6188f.jpg,False,False,False,False,True,0,none
13067c801.jpg,False,False,True,False,False,1,3
1308a608d.jpg,True,False,False,False,False,1,1
130e11be6.jpg,False,False,True,False,False,1,3
131196b13.jpg,False,False,False,False,True,0,none
131566b9b.jpg,False,False,False,False,True,0,none
13169e4cf.jpg,False,False,True,False,False,1,3
132511b8b.jpg,False,False,False,True,False,1,4
132e8ca58.jpg,False,False,True,False,False,1,3
1339dae37.jpg,False,False,False,False,True,0,none
13432fa74.jpg,False,False,False,False,True,0,none
1346c8ba2.jpg,False,False,True,False,False,1,3
135a4b191.jpg,False,False,True,False,False,1,3
135a6d6ef.jpg,False,False,False,False,True,0,none
135be73db.jpg,False,False,True,False,False,1,3
135fe211d.jpg,False,False,True,False,False,1,3
136d519e9.jpg,False,False,False,False,True,0,none
136e82a7f.jpg,False,False,False,False,True,0,none
1379aba8d.jpg,False,False,True,False,False,1,3
137b5546d.jpg,False,False,True,False,False,1,3
137bea7ce.jpg,False,False,False,False,True,0,none
1380154bd.jpg,False,False,False,False,True,0,none
1387583da.jpg,False,False,True,False,False,1,3
1395f831c.jpg,False,False,False,False,True,0,none
13964d18d.jpg,False,False,False,False,True,0,none
1396b6e88.jpg,False,False,True,False,False,1,3
139a60994.jpg,False,False,False,False,True,0,none
139b7e692.jpg,False,False,True,True,False,2,3+4
13a12ca2b.jpg,False,False,False,False,True,0,none
13a5ae893.jpg,False,False,False,False,True,0,none
13ab7b13e.jpg,False,False,True,False,False,1,3
13b66e5de.jpg,False,False,False,True,False,1,4
13baad39e.jpg,False,False,False,False,True,0,none
13c1d516a.jpg,False,False,True,False,False,1,3
13c27aa5b.jpg,False,False,True,False,False,1,3
13c9921d2.jpg,False,False,True,False,False,1,3
13ca110ae.jpg,True,False,False,False,False,1,1
13cf44f8d.jpg,False,False,False,False,True,0,none
13d727efa.jpg,False,False,False,False,True,0,none
13de5ec74.jpg,False,False,False,False,True,0,none
13e1de19b.jpg,False,False,False,False,True,0,none
13eaecb93.jpg,False,False,False,False,True,0,none
13f563a54.jpg,False,False,False,False,True,0,none
13fa1d70d.jpg,False,False,True,True,False,2,3+4
14003a7d9.jpg,False,False,False,False,True,0,none
140c6ef91.jpg,False,False,False,False,True,0,none
140e212df.jpg,True,False,False,False,False,1,1
140e59cff.jpg,True,False,True,False,False,2,1+3
141b21ab9.jpg,False,False,False,False,True,0,none
141bea747.jpg,False,False,False,True,False,1,4
141d72a3f.jpg,False,False,True,False,False,1,3
142036308.jpg,False,False,False,False,True,0,none
1422b7da0.jpg,False,False,False,True,False,1,4
1422f2b27.jpg,False,False,True,False,False,1,3
14277cfb6.jpg,False,False,False,False,True,0,none
1434e44e5.jpg,False,False,False,False,True,0,none
1435cd970.jpg,False,False,True,False,False,1,3
1435e5572.jpg,False,False,False,False,True,0,none
14423e60c.jpg,False,False,False,False,True,0,none
14457e888.jpg,True,False,False,False,False,1,1
144e06202.jpg,False,False,False,False,True,0,none
144fa75bf.jpg,False,False,False,False,True,0,none
144fdd925.jpg,False,True,False,False,False,1,2
1453b2506.jpg,False,False,False,False,True,0,none
1466a7fc7.jpg,False,False,False,False,True,0,none
146ce9b0d.jpg,False,False,False,False,True,0,none
1470535be.jpg,False,False,False,False,True,0,none
1473a83e2.jpg,False,False,True,False,False,1,3
147be765a.jpg,False,False,False,False,True,0,none
147ca5516.jpg,False,False,False,True,False,1,4
1481a35e4.jpg,False,False,False,False,True,0,none
1483a930d.jpg,False,False,False,False,True,0,none
1483bc52d.jpg,False,False,True,False,False,1,3
148da3675.jpg,False,False,False,False,True,0,none
149ac1c03.jpg,False,False,False,False,True,0,none
14a77cc6f.jpg,False,False,True,False,False,1,3
14b5ab5a6.jpg,False,False,False,False,True,0,none
14c0ae34c.jpg,False,False,False,False,True,0,none
14c9a9062.jpg,False,False,True,False,False,1,3
14cc1c6b0.jpg,False,False,False,True,False,1,4
14d55eb94.jpg,False,False,False,False,True,0,none
14dfdd0bf.jpg,False,False,False,False,True,0,none
14e4da366.jpg,False,False,True,False,False,1,3
14e90eb54.jpg,False,False,True,False,False,1,3
14ef456c0.jpg,False,False,False,False,True,0,none
14fb9778c.jpg,False,False,True,False,False,1,3
14ff2a474.jpg,False,False,True,True,False,2,3+4
1501f53a2.jpg,False,False,True,False,False,1,3
15063692d.jpg,False,False,False,False,True,0,none
150b95c70.jpg,False,False,False,False,True,0,none
150cadc70.jpg,False,False,True,False,False,1,3
1511d97da.jpg,False,False,True,False,False,1,3
1513b40a0.jpg,False,False,True,False,False,1,3
1522f11af.jpg,False,False,False,False,True,0,none
1524a6e4f.jpg,False,False,True,False,False,1,3
15334d9b3.jpg,False,False,False,False,True,0,none
1534debad.jpg,False,False,False,False,True,0,none
1535e2127.jpg,False,False,True,False,False,1,3
153b56c43.jpg,False,False,True,False,False,1,3
154e7e802.jpg,True,False,False,False,False,1,1
15547c309.jpg,False,False,True,False,False,1,3
15550e6b7.jpg,False,False,False,False,True,0,none
155d2590e.jpg,False,False,False,False,True,0,none
1561eb657.jpg,False,True,False,False,False,1,2
156a74a49.jpg,False,True,False,False,False,1,2
1571b4532.jpg,False,False,False,False,True,0,none
1574cc730.jpg,False,False,True,False,False,1,3
15796b4d5.jpg,False,False,True,False,False,1,3
157b414cc.jpg,False,False,False,False,True,0,none
157f361ec.jpg,False,False,True,False,False,1,3
1592ad79d.jpg,False,False,False,False,True,0,none
159a2fee0.jpg,False,False,True,False,False,1,3
159a7dfba.jpg,False,False,False,False,True,0,none
159b43d49.jpg,False,False,True,False,False,1,3
15a15f4c4.jpg,False,False,False,False,True,0,none
15aab6627.jpg,False,False,False,False,True,0,none
15ab03ce5.jpg,False,False,True,False,False,1,3
15aeb5d52.jpg,False,False,True,False,False,1,3
15afcbaf7.jpg,False,False,False,False,True,0,none
15b56bf43.jpg,False,False,False,True,False,1,4
15b56e942.jpg,False,False,False,False,True,0,none
15ca4bc45.jpg,False,False,False,False,True,0,none
15ca7ce7c.jpg,False,False,False,False,True,0,none
15ce9e5cf.jpg,False,False,True,False,False,1,3
15d258692.jpg,False,False,True,False,False,1,3
15d355039.jpg,False,False,False,False,True,0,none
15d8b6f02.jpg,False,False,True,False,False,1,3
15e21dfad.jpg,False,False,True,False,False,1,3
15e25d808.jpg,False,False,False,False,True,0,none
15e512a0f.jpg,False,False,True,False,False,1,3
15e8d5e3d.jpg,False,False,False,True,False,1,4
15ece0447.jpg,False,False,True,False,False,1,3
15f14781f.jpg,False,False,True,False,False,1,3
15f78ae69.jpg,False,False,False,False,True,0,none
15f8fd390.jpg,False,False,True,False,False,1,3
16020674e.jpg,False,False,False,False,True,0,none
160337c37.jpg,False,False,False,False,True,0,none
160391fb1.jpg,False,False,False,False,True,0,none
16073dd8e.jpg,False,False,False,False,True,0,none
1607a314f.jpg,False,False,False,False,True,0,none
161ab51b4.jpg,False,False,False,False,True,0,none
161ca82bf.jpg,False,False,True,False,False,1,3
1621488c7.jpg,False,False,False,False,True,0,none
162de780e.jpg,False,False,True,False,False,1,3
162f17999.jpg,False,False,True,False,False,1,3
162fbb1af.jpg,False,False,True,False,False,1,3
16305679d.jpg,False,False,False,False,True,0,none
163473240.jpg,False,False,True,False,False,1,3
1636d2e36.jpg,False,False,False,False,True,0,none
16371ae14.jpg,True,False,False,False,False,1,1
1639cc829.jpg,False,False,True,False,False,1,3
163cc2750.jpg,False,False,False,True,False,1,4
163ff3547.jpg,False,True,False,False,False,1,2
16498a156.jpg,False,False,True,False,False,1,3
164df9af8.jpg,False,False,False,False,True,0,none
164ed8257.jpg,False,False,False,False,True,0,none
1651fe36f.jpg,False,False,False,False,True,0,none
165598000.jpg,False,False,False,False,True,0,none
16585993c.jpg,False,False,False,False,True,0,none
165908e42.jpg,False,False,False,False,True,0,none
165a55d5c.jpg,False,False,True,True,False,2,3+4
1662b40c1.jpg,False,False,False,False,True,0,none
1664d4b17.jpg,False,False,True,False,False,1,3
166645a0b.jpg,False,False,True,False,False,1,3
166818755.jpg,False,False,True,False,False,1,3
166944188.jpg,False,False,False,False,True,0,none
166d7ab80.jpg,False,False,False,False,True,0,none
166fcd035.jpg,False,False,True,False,False,1,3
166fff927.jpg,False,False,True,False,False,1,3
16730239e.jpg,False,False,False,False,True,0,none
167ae556b.jpg,False,False,True,False,False,1,3
167bea6b7.jpg,False,False,False,False,True,0,none
167d6930a.jpg,False,False,True,False,False,1,3
1689be8c8.jpg,False,False,False,False,True,0,none
168ad74c8.jpg,False,False,False,False,True,0,none
1695e6e06.jpg,False,False,False,False,True,0,none
1699951da.jpg,True,False,False,False,False,1,1
169baf9bb.jpg,False,False,True,False,False,1,3
169bb9923.jpg,False,False,True,False,False,1,3
16a1cf5b9.jpg,False,False,True,False,False,1,3
16a50624d.jpg,False,False,False,True,False,1,4
16a8c937b.jpg,False,False,False,False,True,0,none
16aa5333c.jpg,False,False,True,False,False,1,3
16aabaf79.jpg,True,False,False,False,False,1,1
16acf1ed9.jpg,False,False,True,False,False,1,3
16b00d4ef.jpg,False,False,False,False,True,0,none
16b7dc417.jpg,True,False,True,False,False,2,1+3
16b8b50af.jpg,False,False,True,False,False,1,3
16c01355c.jpg,False,False,False,False,True,0,none
16c2faaef.jpg,False,False,False,False,True,0,none
16c60441c.jpg,False,False,True,False,False,1,3
16ce69c02.jpg,False,False,False,False,True,0,none
16cf961d6.jpg,True,False,False,False,False,1,1
16d0b11ff.jpg,True,True,False,False,False,2,1+2
16d76e80f.jpg,False,False,False,False,True,0,none
16d9c0a30.jpg,False,False,False,False,True,0,none
16e926c1a.jpg,False,False,False,False,True,0,none
16ec8f55a.jpg,False,False,False,False,True,0,none
16f5ada73.jpg,False,False,False,False,True,0,none
16f619f33.jpg,False,False,False,False,True,0,none
16f6acb96.jpg,False,False,False,False,True,0,none
16fbb83d5.jpg,False,False,False,False,True,0,none
16fe1ce09.jpg,False,False,False,False,True,0,none
16ffb6397.jpg,False,False,False,False,True,0,none
170c6b1b7.jpg,False,False,False,False,True,0,none
170f32281.jpg,False,False,False,False,True,0,none
17158eff6.jpg,False,False,False,False,True,0,none
1717ef156.jpg,False,False,True,False,False,1,3
171c64a72.jpg,False,False,True,False,False,1,3
17260504d.jpg,False,False,False,False,True,0,none
172b72353.jpg,False,False,True,False,False,1,3
172e692e1.jpg,False,False,True,False,False,1,3
17383bd97.jpg,True,False,False,False,False,1,1
1740fcd28.jpg,False,False,True,False,False,1,3
174528b1d.jpg,False,False,False,False,True,0,none
174a43cd9.jpg,False,False,False,False,True,0,none
174af9fd6.jpg,False,False,True,False,False,1,3
1755b86e4.jpg,False,False,True,False,False,1,3
175a25522.jpg,False,False,False,False,True,0,none
175abd8ac.jpg,False,False,False,False,True,0,none
175aeb257.jpg,False,False,False,False,True,0,none
175c0ee12.jpg,False,False,True,False,False,1,3
175d95f92.jpg,False,False,False,False,True,0,none
17685ac2d.jpg,False,False,False,False,True,0,none
177151af4.jpg,False,False,False,False,True,0,none
177a33f57.jpg,False,False,True,False,False,1,3
17840def7.jpg,False,False,False,False,True,0,none
178490b45.jpg,False,False,True,False,False,1,3
17856c79c.jpg,False,False,False,False,True,0,none
1795867f2.jpg,False,False,False,True,False,1,4
179b27647.jpg,False,False,True,False,False,1,3
179f00d93.jpg,False,False,True,False,False,1,3
17a2d22f7.jpg,False,False,False,False,True,0,none
17ac2163c.jpg,False,True,False,False,False,1,2
17af615e5.jpg,False,False,False,False,True,0,none
17b384c3e.jpg,False,False,True,False,False,1,3
17b3f9421.jpg,False,False,True,False,False,1,3
17c821b3f.jpg,True,False,False,False,False,1,1
17d02873a.jpg,False,False,True,False,False,1,3
17d084dae.jpg,False,False,False,False,True,0,none
17d359607.jpg,False,False,False,False,True,0,none
17de32215.jpg,False,False,False,False,True,0,none
17e12e6cb.jpg,False,False,False,False,True,0,none
17e6602c2.jpg,False,False,False,False,True,0,none
17e6e4b30.jpg,False,False,False,False,True,0,none
17e7cd5c6.jpg,False,False,True,False,False,1,3
17e7e1e08.jpg,False,False,False,False,True,0,none
17eeca349.jpg,True,False,False,False,False,1,1
17f01b94d.jpg,True,False,False,False,False,1,1
17f611256.jpg,False,False,True,False,False,1,3
17f9f952a.jpg,True,False,False,False,False,1,1
17fa32126.jpg,False,False,True,False,False,1,3
1800cd0b0.jpg,False,False,False,False,True,0,none
180478e66.jpg,False,False,True,False,False,1,3
18076ccc9.jpg,False,False,False,False,True,0,none
1809bcad9.jpg,False,False,True,False,False,1,3
180bb19f9.jpg,False,False,False,True,False,1,4
181454b94.jpg,False,False,True,False,False,1,3
181d5197b.jpg,False,False,True,False,False,1,3
1821dcbf1.jpg,False,False,False,True,False,1,4
18262cbbb.jpg,False,False,False,False,True,0,none
182a90efe.jpg,False,False,False,False,True,0,none
182bce847.jpg,True,False,False,False,False,1,1
18303031f.jpg,False,False,False,False,True,0,none
183383e8d.jpg,False,False,True,False,False,1,3
1834d87c4.jpg,False,False,False,False,True,0,none
1835aee23.jpg,False,False,True,False,False,1,3
183bd7328.jpg,False,False,False,False,True,0,none
183dbcde4.jpg,False,False,True,False,False,1,3
1841b3825.jpg,False,False,False,False,True,0,none
1844b698a.jpg,False,False,False,False,True,0,none
1849f8952.jpg,False,False,False,True,False,1,4
184bd091d.jpg,False,False,False,False,True,0,none
184eb988e.jpg,False,False,False,False,True,0,none
185c3d54f.jpg,False,False,False,False,True,0,none
1860df762.jpg,False,False,True,False,False,1,3
18615eacf.jpg,False,False,True,False,False,1,3
1863eb011.jpg,False,False,False,False,True,0,none
186534efc.jpg,False,False,True,False,False,1,3
186ecdd0c.jpg,False,False,False,False,True,0,none
187220bde.jpg,False,False,False,False,True,0,none
18736b585.jpg,False,False,False,False,True,0,none
1875c660c.jpg,False,False,False,False,True,0,none
1878c476c.jpg,False,False,False,False,True,0,none
189659389.jpg,True,False,False,False,False,1,1
1897882a1.jpg,False,False,True,False,False,1,3
18a277ca3.jpg,False,False,False,False,True,0,none
18aa8af7c.jpg,False,False,True,False,False,1,3
18ace9a9a.jpg,False,False,False,True,False,1,4
18af1ceb1.jpg,False,False,False,False,True,0,none
18b1bb78a.jpg,False,False,False,False,True,0,none
18b243e06.jpg,False,False,False,False,True,0,none
18ba753ff.jpg,False,True,False,False,False,1,2
18bacf0e3.jpg,False,False,True,False,False,1,3
18c141479.jpg,False,False,True,False,False,1,3
18c14f720.jpg,False,True,False,False,False,1,2
18c3cb344.jpg,False,False,False,False,True,0,none
18c97da58.jpg,False,False,False,False,True,0,none
18cc39190.jpg,False,False,False,False,True,0,none
18cc78e81.jpg,False,False,False,False,True,0,none
18db4975b.jpg,False,False,False,False,True,0,none
18dfcd9ae.jpg,False,False,False,False,True,0,none
18e2f6396.jpg,False,False,False,False,True,0,none
18eeb26f7.jpg,False,False,False,False,True,0,none
18ef5e6f6.jpg,False,False,False,False,True,0,none
18f057e52.jpg,False,False,True,False,False,1,3
18fc395b4.jpg,True,False,False,False,False,1,1
1901655b3.jpg,False,False,False,False,True,0,none
190190a6f.jpg,False,False,False,True,False,1,4
19115aedb.jpg,False,False,True,False,False,1,3
1917c9f34.jpg,False,False,True,False,False,1,3
1918f3176.jpg,False,False,False,False,True,0,none
1919bde53.jpg,True,False,False,False,False,1,1
192531334.jpg,False,False,False,True,False,1,4
192557d24.jpg,False,False,False,False,True,0,none
192a90dcc.jpg,False,False,False,False,True,0,none
192e256ba.jpg,False,False,True,False,False,1,3
193732cc8.jpg,False,False,False,False,True,0,none
193884988.jpg,False,False,True,False,False,1,3
193c9a289.jpg,False,False,False,False,True,0,none
193eeae52.jpg,False,False,True,False,False,1,3
19402ed6b.jpg,False,False,False,False,True,0,none
194244a20.jpg,False,False,False,False,True,0,none
194cce1be.jpg,True,False,False,False,False,1,1
194e207f7.jpg,False,False,False,False,True,0,none
194f48184.jpg,False,False,False,False,True,0,none
195a41c2d.jpg,False,False,True,False,False,1,3
195a8e47b.jpg,False,False,False,False,True,0,none
195c2e0d0.jpg,False,False,True,False,False,1,3
195c67ce9.jpg,False,False,False,False,True,0,none
195e36565.jpg,True,False,False,False,False,1,1
19656c148.jpg,False,False,True,False,False,1,3
1966c0598.jpg,False,False,False,False,True,0,none
196d65e42.jpg,False,False,True,False,False,1,3
196e624f5.jpg,False,False,True,False,False,1,3
196f339f2.jpg,False,False,False,False,True,0,none
198252b95.jpg,False,False,True,False,False,1,3
1988d45c4.jpg,False,False,True,False,False,1,3
198942ea8.jpg,False,False,False,False,True,0,none
19955420c.jpg,False,False,True,False,False,1,3
199c7ca22.jpg,False,False,False,False,True,0,none
199da8fbc.jpg,False,False,False,False,True,0,none
199dc89de.jpg,False,False,True,False,False,1,3
19a0b8362.jpg,False,False,False,False,True,0,none
19a0beb1a.jpg,False,False,False,False,True,0,none
19a352c2f.jpg,False,False,True,False,False,1,3
19a3acdeb.jpg,False,False,True,False,False,1,3
19ab4c335.jpg,False,False,True,True,False,2,3+4
19aef9172.jpg,False,False,True,False,False,1,3
19b4b7cd8.jpg,True,False,False,False,False,1,1
19b8972c7.jpg,False,False,True,False,False,1,3
19c3a9c48.jpg,False,False,True,False,False,1,3
19c645c25.jpg,False,False,True,False,False,1,3
19cf72d91.jpg,True,False,False,False,False,1,1
19d5d25a6.jpg,False,False,True,False,False,1,3
19d892dd9.jpg,False,False,False,True,False,1,4
19dcbc01f.jpg,False,False,False,False,True,0,none
19dd323a9.jpg,False,False,False,False,True,0,none
19e918673.jpg,False,False,False,True,False,1,4
19e96b746.jpg,False,False,False,False,True,0,none
19e9bfbf2.jpg,False,False,False,False,True,0,none
19ecb0e40.jpg,False,False,False,False,True,0,none
19f00abbf.jpg,False,False,True,False,False,1,3
19f3fd5f9.jpg,False,False,False,False,True,0,none
19fd40586.jpg,False,False,False,False,True,0,none
19fee14e3.jpg,False,False,False,False,True,0,none
1a075e075.jpg,False,False,False,True,False,1,4
1a0f5230a.jpg,False,False,True,False,False,1,3
1a0fbd2f0.jpg,False,False,False,False,True,0,none
1a1380e4f.jpg,False,False,False,False,True,0,none
1a15e33ae.jpg,False,False,True,False,False,1,3
1a17a1f15.jpg,False,False,True,True,False,2,3+4
1a1d0ced7.jpg,False,False,False,False,True,0,none
1a20228f6.jpg,False,False,False,False,True,0,none
1a20361c3.jpg,False,False,True,False,False,1,3
1a23e4531.jpg,False,False,False,False,True,0,none
1a2457322.jpg,False,False,False,False,True,0,none
1a2b7acb7.jpg,False,False,False,False,True,0,none
1a33e152d.jpg,True,False,False,False,False,1,1
1a382baf6.jpg,False,False,False,True,False,1,4
1a3cb1bfc.jpg,False,False,False,True,False,1,4
1a4039711.jpg,True,False,False,False,False,1,1
1a4ac4d43.jpg,False,False,False,False,True,0,none
1a4bfb910.jpg,False,False,False,False,True,0,none
1a5947eb5.jpg,False,False,False,False,True,0,none
1a5f1097f.jpg,False,False,False,False,True,0,none
1a603f8dd.jpg,False,False,True,False,False,1,3
1a674eaaf.jpg,False,False,False,False,True,0,none
1a70268d4.jpg,True,False,False,False,False,1,1
1a7230747.jpg,False,False,False,False,True,0,none
1a750bfc8.jpg,False,False,False,False,True,0,none
1a759ef19.jpg,False,False,False,False,True,0,none
1a77fb759.jpg,False,False,False,True,False,1,4
1a8440db2.jpg,True,False,False,False,False,1,1
1a8eb71da.jpg,False,False,True,False,False,1,3
1a947561f.jpg,False,False,False,False,True,0,none
1a9654c65.jpg,False,False,True,False,False,1,3
1a9c38991.jpg,True,False,False,False,False,1,1
1aa2ba1b5.jpg,False,False,True,False,False,1,3
1aa2e159a.jpg,False,False,False,False,True,0,none
1aa7e1c47.jpg,False,False,False,False,True,0,none
1ab07605b.jpg,False,False,True,False,False,1,3
1ab13a821.jpg,False,False,False,False,True,0,none
1ab604624.jpg,False,False,False,False,True,0,none
1ab7b5ed2.jpg,False,False,True,False,False,1,3
1ab97ff12.jpg,False,False,False,False,True,0,none
1abb621ee.jpg,True,False,False,False,False,1,1
1ac437ea4.jpg,False,False,True,False,False,1,3
1ad10c316.jpg,True,False,False,False,False,1,1
1ad5eabbc.jpg,False,False,False,False,True,0,none
1ad82d66a.jpg,False,False,True,False,False,1,3
1ada6a7ac.jpg,False,False,True,False,False,1,3
1ae34857b.jpg,False,False,False,False,True,0,none
1ae56dead.jpg,True,False,False,False,False,1,1
1ae581a9b.jpg,False,False,True,False,False,1,3
1aecf21ad.jpg,False,False,False,False,True,0,none
1aedfd7ab.jpg,False,False,True,False,False,1,3
1af650ab4.jpg,False,False,True,False,False,1,3
1afbf2cc3.jpg,False,False,False,False,True,0,none
1b04341a6.jpg,False,False,False,False,True,0,none
1b053c667.jpg,False,False,True,False,False,1,3
1b12de419.jpg,False,False,True,False,False,1,3
1b13686ba.jpg,False,False,False,False,True,0,none
1b1937685.jpg,False,False,False,False,True,0,none
1b1a8316b.jpg,False,False,False,False,True,0,none
1b1fd7bb3.jpg,False,False,False,False,True,0,none
1b213d816.jpg,True,False,False,False,False,1,1
1b2b4d68f.jpg,False,False,False,False,True,0,none
1b2c029b8.jpg,False,False,True,False,False,1,3
1b2d85fa8.jpg,False,False,False,False,True,0,none
1b2dcaa3d.jpg,False,False,False,False,True,0,none
1b3619d14.jpg,False,False,False,False,True,0,none
1b3666262.jpg,False,False,False,False,True,0,none
1b4642fd5.jpg,False,False,True,False,False,1,3
1b4b41b81.jpg,False,False,False,False,True,0,none
1b52ec552.jpg,False,False,True,False,False,1,3
1b5427b35.jpg,False,False,False,True,False,1,4
1b58aab8e.jpg,False,False,False,False,True,0,none
1b6346c51.jpg,False,False,False,False,True,0,none
1b64a8b18.jpg,False,False,False,False,True,0,none
1b64da256.jpg,False,False,False,False,True,0,none
1b6743f6e.jpg,False,False,True,False,False,1,3
1b6a9d41b.jpg,False,False,False,False,True,0,none
1b6aefdb7.jpg,False,False,True,False,False,1,3
1b7669eb4.jpg,False,False,True,False,False,1,3
1b7bec2ba.jpg,True,False,False,False,False,1,1
1b7d7eec6.jpg,False,False,False,False,True,0,none
1b7e426bc.jpg,False,False,True,False,False,1,3
1b88aba1a.jpg,True,False,False,False,False,1,1
1b8ef5392.jpg,False,False,True,False,False,1,3
1b9016dd1.jpg,False,False,False,False,True,0,none
1b91eb9cb.jpg,False,False,False,False,True,0,none
1b92a1b6d.jpg,False,False,False,False,True,0,none
1b93e337a.jpg,False,False,True,False,False,1,3
1b955ad28.jpg,False,False,True,False,False,1,3
1b9fb7411.jpg,False,False,True,True,False,2,3+4
1ba01937f.jpg,False,False,False,True,False,1,4
1bad143b0.jpg,False,False,False,False,True,0,none
1bb1e1055.jpg,False,False,True,False,False,1,3
1bb316ba4.jpg,False,False,False,False,True,0,none
1bbd2bc64.jpg,False,False,False,False,True,0,none
1bc37a6f4.jpg,False,False,True,False,False,1,3
1bd394dd6.jpg,False,False,True,False,False,1,3
1bd3a1f4c.jpg,False,False,True,False,False,1,3
1bd93f498.jpg,False,False,False,False,True,0,none
1bdb7f26f.jpg,True,False,False,False,False,1,1
1bdcc6338.jpg,False,False,True,False,False,1,3
1bdf9a8c6.jpg,False,False,False,False,True,0,none
1be022616.jpg,False,False,False,False,True,0,none
1be0f63b4.jpg,False,False,False,False,True,0,none
1be49cb6f.jpg,False,False,True,False,False,1,3
1be849dd0.jpg,False,False,True,False,False,1,3
1be84c6a7.jpg,False,False,True,False,False,1,3
1bea66c7a.jpg,False,False,False,True,False,1,4
1bead4843.jpg,False,False,False,False,True,0,none
1bebe7eb7.jpg,False,False,False,False,True,0,none
1bec34f9a.jpg,False,False,False,False,True,0,none
1bed9264f.jpg,False,True,False,False,False,1,2
1bf49d46e.jpg,False,False,True,False,False,1,3
1bf758d80.jpg,False,False,True,False,False,1,3
1c029a278.jpg,False,False,True,False,False,1,3
1c0d8bcd0.jpg,False,False,True,False,False,1,3
1c18acd30.jpg,False,False,True,False,False,1,3
1c19efedd.jpg,False,False,True,False,False,1,3
1c1ca0221.jpg,False,True,True,False,False,2,2+3
1c2879d0d.jpg,False,False,True,False,False,1,3
1c29bf20f.jpg,False,False,False,False,True,0,none
1c2a39896.jpg,False,False,False,False,True,0,none
1c2b72b46.jpg,False,False,False,False,True,0,none
1c32b8c83.jpg,False,False,True,False,False,1,3
1c3a58b06.jpg,False,False,True,False,False,1,3
1c3aae5fd.jpg,False,False,False,False,True,0,none
1c3bfb4ab.jpg,False,False,False,False,True,0,none
1c3c26c17.jpg,False,False,False,False,True,0,none
1c3efa3ca.jpg,False,False,False,False,True,0,none
1c4018f02.jpg,False,False,False,False,True,0,none
1c448e585.jpg,False,False,False,False,True,0,none
1c484802f.jpg,False,False,False,False,True,0,none
1c493aed1.jpg,False,False,True,False,False,1,3
1c61eaea9.jpg,False,False,True,False,False,1,3
1c6625114.jpg,False,False,True,False,False,1,3
1c75c4ebd.jpg,False,False,True,False,False,1,3
1c8053366.jpg,False,False,False,False,True,0,none
1c8802c08.jpg,False,False,False,True,False,1,4
1c92b4274.jpg,False,False,False,False,True,0,none
1c9564f66.jpg,False,False,False,False,True,0,none
1c96b0bbc.jpg,False,True,False,False,False,1,2
1c97d1861.jpg,False,False,True,False,False,1,3
1c9ac6c1d.jpg,False,False,False,False,True,0,none
1c9bc9377.jpg,False,False,False,False,True,0,none
1ca7f19cf.jpg,False,False,True,False,False,1,3
1cac6e1f3.jpg,True,False,True,False,False,2,1+3
1caea18fc.jpg,False,False,True,False,False,1,3
1cb0a0a2f.jpg,False,False,False,False,True,0,none
1cb26b10a.jpg,False,False,True,False,False,1,3
1cb27ff90.jpg,False,False,True,False,False,1,3
1cb290c38.jpg,False,False,False,False,True,0,none
1cb83b95a.jpg,False,False,False,False,True,0,none
1ccb093e6.jpg,False,True,False,False,False,1,2
1cd446dc7.jpg,False,False,False,False,True,0,none
1cdbad7d2.jpg,False,False,True,False,False,1,3
1ce62dfc0.jpg,False,False,False,False,True,0,none
1cf3a123f.jpg,False,False,False,False,True,0,none
1cf5ea893.jpg,False,False,False,False,True,0,none
1d00226a0.jpg,True,False,False,False,False,1,1
1d0521214.jpg,False,False,True,False,False,1,3
1d0861206.jpg,True,False,False,False,False,1,1
1d13e99fc.jpg,False,False,False,False,True,0,none
1d2202772.jpg,False,False,False,False,True,0,none
1d28002da.jpg,False,False,True,False,False,1,3
1d32009ed.jpg,False,False,True,False,False,1,3
1d34ad26c.jpg,True,False,False,False,False,1,1
1d3b3b762.jpg,False,False,False,False,True,0,none
1d3f3c69c.jpg,False,False,False,False,True,0,none
1d405ef29.jpg,False,False,False,False,True,0,none
1d4a5181e.jpg,False,False,True,False,False,1,3
1d4b011c7.jpg,False,False,False,False,True,0,none
1d4d33873.jpg,False,False,True,False,False,1,3
1d4fa8da0.jpg,False,False,False,False,True,0,none
1d56ccf70.jpg,False,False,True,False,False,1,3
1d5ad5541.jpg,False,False,True,False,False,1,3
1d5eeb9bd.jpg,False,False,True,False,False,1,3
1d5f3ecb8.jpg,False,False,True,False,False,1,3
1d61649b1.jpg,False,False,False,False,True,0,none
1d64dd62e.jpg,False,False,False,False,True,0,none
1d66a6fb4.jpg,False,False,True,True,False,2,3+4
1d694b8dc.jpg,False,False,True,False,False,1,3
1d69915c8.jpg,False,False,False,False,True,0,none
1d71764d0.jpg,False,False,False,True,False,1,4
1d718ddb9.jpg,False,True,False,False,False,1,2
1d7f05244.jpg,False,False,True,False,False,1,3
1d7f89efa.jpg,False,False,True,True,False,2,3+4
1d7fb0fa8.jpg,False,False,False,False,True,0,none
1d83b44be.jpg,True,False,False,False,False,1,1
1d849ef03.jpg,False,False,False,False,True,0,none
1d895ec3d.jpg,False,False,False,False,True,0,none
1d99e94a9.jpg,False,False,True,False,False,1,3
1da1345fc.jpg,False,False,False,False,True,0,none
1da26ff0c.jpg,False,False,False,False,True,0,none
1da5c535f.jpg,False,False,False,False,True,0,none
1daa10850.jpg,False,False,False,False,True,0,none
1dac7069c.jpg,False,False,True,False,False,1,3
1dae4f59b.jpg,False,False,False,False,True,0,none
1dae739cb.jpg,False,False,False,False,True,0,none
1dafc568c.jpg,False,False,False,False,True,0,none
1dba99dc5.jpg,False,False,True,False,False,1,3
1dbbbadde.jpg,False,False,False,False,True,0,none
1dbe980cc.jpg,False,False,False,False,True,0,none
1dc0e1d12.jpg,False,False,True,False,False,1,3
1dc68a7a7.jpg,False,False,True,False,False,1,3
1dc8a43ce.jpg,False,False,True,False,False,1,3
1dd219a5c.jpg,False,False,False,False,True,0,none
1dd56a824.jpg,False,False,False,False,True,0,none
1dd76fb74.jpg,False,False,True,False,False,1,3
1dd8107e9.jpg,False,False,True,False,False,1,3
1dd828ff3.jpg,False,False,False,False,True,0,none
1de3fbfda.jpg,False,False,False,True,False,1,4
1deada184.jpg,True,False,False,False,False,1,1
1dec24f86.jpg,False,False,False,False,True,0,none
1def10240.jpg,False,False,True,False,False,1,3
1df34bed6.jpg,False,False,True,False,False,1,3
1df9eefe5.jpg,False,True,False,False,False,1,2
1dfd53dbb.jpg,False,False,False,False,True,0,none
1e01ad32d.jpg,False,False,False,True,False,1,4
1e0220d5c.jpg,False,False,True,False,False,1,3
1e037a937.jpg,False,False,False,False,True,0,none
1e0980950.jpg,False,False,True,False,False,1,3
1e1d1606e.jpg,False,False,False,True,False,1,4
1e1f0b7b0.jpg,False,False,True,False,False,1,3
1e28fa5c3.jpg,False,False,False,False,True,0,none
1e2bd7ad0.jpg,True,False,False,False,False,1,1
1e2c34785.jpg,False,False,False,False,True,0,none
1e2ec4b36.jpg,False,False,False,False,True,0,none
1e3328de6.jpg,False,False,False,False,True,0,none
1e351863b.jpg,False,False,False,False,True,0,none
1e41bed39.jpg,False,False,False,False,True,0,none
1e4530fc7.jpg,False,False,False,False,True,0,none
1e4aaae3e.jpg,False,False,True,False,False,1,3
1e4cf3b70.jpg,False,False,True,False,False,1,3
1e4e988cd.jpg,False,False,True,False,False,1,3
1e57c8073.jpg,False,False,True,False,False,1,3
1e5f88c2c.jpg,False,False,False,False,True,0,none
1e6878c5e.jpg,False,False,False,False,True,0,none
1e6ac8d91.jpg,False,False,False,False,True,0,none
1e6d08dd9.jpg,False,False,False,False,True,0,none
1e7415a4c.jpg,False,False,False,False,True,0,none
1e742caeb.jpg,False,False,True,True,False,2,3+4
1e75373b2.jpg,True,False,False,False,False,1,1
1e7893a11.jpg,False,False,True,False,False,1,3
1e7a089c5.jpg,False,False,False,False,True,0,none
1e7b96509.jpg,False,False,True,False,False,1,3
1e7c529a2.jpg,False,False,True,False,False,1,3
1e893e86c.jpg,False,False,True,False,False,1,3
1e896dda7.jpg,False,False,False,False,True,0,none
1e954c608.jpg,False,False,True,False,False,1,3
1e95fc3d7.jpg,True,False,True,False,False,2,1+3
1e963d7f6.jpg,False,False,True,False,False,1,3
1e979fb66.jpg,False,False,True,False,False,1,3
1e9aec741.jpg,False,False,True,False,False,1,3
1ea25d4fa.jpg,False,False,True,False,False,1,3
1ea40df0e.jpg,False,False,True,False,False,1,3
1ea493a4f.jpg,False,False,True,False,False,1,3
1eb193ad7.jpg,False,False,False,False,True,0,none
1eb697fe5.jpg,True,False,False,False,False,1,1
1eb8aaa15.jpg,False,False,False,False,True,0,none
1ebd7aba5.jpg,False,False,True,False,False,1,3
1ebf04057.jpg,False,False,False,False,True,0,none
1ebf26c1d.jpg,False,False,False,False,True,0,none
1ec0bfd19.jpg,False,False,False,False,True,0,none
1ec98acac.jpg,False,False,True,False,False,1,3
1ecae540a.jpg,False,False,False,False,True,0,none
1ecd0214c.jpg,False,False,True,False,False,1,3
1ecfcc78b.jpg,False,False,False,False,True,0,none
1ed75107a.jpg,False,False,True,False,False,1,3
1ee38e570.jpg,False,False,True,False,False,1,3
1ee9359c6.jpg,False,False,False,False,True,0,none
1ee966a3e.jpg,False,False,False,False,True,0,none
1eedf2f95.jpg,False,False,False,False,True,0,none
1eee7f0da.jpg,False,False,False,False,True,0,none
1ef276277.jpg,False,False,True,False,False,1,3
1ef27af60.jpg,False,False,False,True,False,1,4
1ef476f3c.jpg,False,False,True,False,False,1,3
1ef82c3bb.jpg,False,False,False,False,True,0,none
1efdd626e.jpg,True,False,False,False,False,1,1
1efe2a3d5.jpg,False,False,False,False,True,0,none
1efff24a0.jpg,False,False,True,False,False,1,3
1f06bd0a5.jpg,True,False,False,False,False,1,1
1f1110622.jpg,False,False,False,False,True,0,none
1f117b19e.jpg,True,False,False,False,False,1,1
1f1426f32.jpg,False,False,True,False,False,1,3
1f151ee84.jpg,False,False,False,False,True,0,none
1f15d197c.jpg,False,False,False,False,True,0,none
1f1a35501.jpg,False,False,False,False,True,0,none
1f249ed4c.jpg,False,False,False,False,True,0,none
1f2c14ca8.jpg,False,False,False,False,True,0,none
1f3092136.jpg,False,False,False,False,True,0,none
1f384e1f4.jpg,False,False,False,False,True,0,none
1f3c86c6f.jpg,False,False,True,False,False,1,3
1f3e0b337.jpg,False,False,True,False,False,1,3
1f4161475.jpg,True,False,False,False,False,1,1
1f43421a7.jpg,False,False,True,False,False,1,3
1f45f2491.jpg,False,False,False,False,True,0,none
1f4f2cbae.jpg,False,False,False,False,True,0,none
1f54ac735.jpg,False,False,False,False,True,0,none
1f5af3611.jpg,False,False,False,False,True,0,none
1f5cd4df7.jpg,False,False,True,False,False,1,3
1f663a670.jpg,False,False,False,False,True,0,none
1f6807921.jpg,False,False,True,False,False,1,3
1f6915575.jpg,False,False,True,False,False,1,3
1f6a00569.jpg,False,False,False,False,True,0,none
1f7b64701.jpg,True,False,False,False,False,1,1
1f7e9363d.jpg,False,False,True,False,False,1,3
1f86fdb5b.jpg,False,False,False,False,True,0,none
1f88df184.jpg,False,False,False,False,True,0,none
1f8ea6702.jpg,False,False,True,False,False,1,3
1f93c38d7.jpg,False,False,False,False,True,0,none
1f9442c13.jpg,False,False,False,False,True,0,none
1f9863963.jpg,False,False,False,True,False,1,4
1f9b8e2e6.jpg,False,False,True,False,False,1,3
1f9f854f3.jpg,False,False,False,False,True,0,none
1f9f97b80.jpg,False,False,True,False,False,1,3
1fa0c8951.jpg,False,False,True,False,False,1,3
1fbde2708.jpg,False,False,False,False,True,0,none
1fc012f23.jpg,False,False,True,True,False,2,3+4
1fc4c5a4b.jpg,False,False,True,False,False,1,3
1fcabeee5.jpg,False,False,False,False,True,0,none
1fccd2eed.jpg,False,False,False,False,True,0,none
1fcecb643.jpg,False,False,True,False,False,1,3
1fd098a38.jpg,True,False,False,False,False,1,1
1fd4cb300.jpg,False,False,False,False,True,0,none
1fd758653.jpg,False,False,False,False,True,0,none
1fdd142e9.jpg,False,False,False,False,True,0,none
1fdef786c.jpg,False,False,True,True,False,2,3+4
1fe327594.jpg,False,False,True,False,False,1,3
1fe3d2031.jpg,False,False,False,False,True,0,none
1feaa8b3f.jpg,False,False,True,False,False,1,3
1fed233e0.jpg,True,False,False,False,False,1,1
1ff3214db.jpg,False,False,True,False,False,1,3
1ffe887dd.jpg,True,True,False,False,False,2,1+2
200031377.jpg,False,False,False,False,True,0,none
2001189bd.jpg,False,False,False,False,True,0,none
20064e3ab.jpg,False,False,False,False,True,0,none
200992bc9.jpg,False,False,True,False,False,1,3
200e555b4.jpg,False,False,False,True,False,1,4
2012a6d02.jpg,False,True,False,False,False,1,2
20134e94c.jpg,False,False,False,False,True,0,none
201560907.jpg,False,False,True,False,False,1,3
20180fd12.jpg,False,False,False,False,True,0,none
2019417e0.jpg,False,False,True,False,False,1,3
201f7cd69.jpg,True,False,False,False,False,1,1
202838a14.jpg,False,False,False,True,False,1,4
202c60d61.jpg,False,False,False,False,True,0,none
203052fde.jpg,False,False,False,False,True,0,none
20366ec45.jpg,False,False,False,False,True,0,none
203935b70.jpg,False,False,False,False,True,0,none
203ede335.jpg,False,False,False,False,True,0,none
203f204d0.jpg,False,False,False,False,True,0,none
204949166.jpg,True,False,False,False,False,1,1
204ad9b3b.jpg,False,False,False,False,True,0,none
204b5e3d3.jpg,False,False,False,False,True,0,none
204bcfc88.jpg,True,False,False,False,False,1,1
205360569.jpg,False,False,True,False,False,1,3
205685883.jpg,True,True,False,False,False,2,1+2
2059da9eb.jpg,False,False,False,False,True,0,none
205e05371.jpg,False,False,True,False,False,1,3
20617dd9a.jpg,False,False,True,False,False,1,3
206bb4788.jpg,False,False,False,False,True,0,none
206c20ee0.jpg,False,False,True,False,False,1,3
206c8bb0c.jpg,False,True,False,False,False,1,2
207633776.jpg,False,False,False,False,True,0,none
207d87ea7.jpg,False,False,True,False,False,1,3
207e88d4a.jpg,False,False,True,False,False,1,3
207f33325.jpg,False,False,True,False,False,1,3
208825e67.jpg,False,False,True,False,False,1,3
20905c068.jpg,False,False,True,False,False,1,3
20964a4f0.jpg,False,False,True,True,False,2,3+4
209e34a89.jpg,False,False,True,False,False,1,3
20a0d5ea9.jpg,False,False,False,False,True,0,none
20a1cd67a.jpg,False,False,False,False,True,0,none
20a894ca5.jpg,False,False,True,False,False,1,3
20b08d99b.jpg,False,False,False,False,True,0,none
20b5096a5.jpg,False,False,False,False,True,0,none
20bb27a04.jpg,False,True,False,False,False,1,2
20bb368f8.jpg,False,False,False,False,True,0,none
20bee9bda.jpg,False,False,True,False,False,1,3
20cddf709.jpg,False,False,False,False,True,0,none
20d742630.jpg,False,False,False,False,True,0,none
20de0d323.jpg,False,False,False,False,True,0,none
20dec6c22.jpg,False,False,True,False,False,1,3
20e93e1cb.jpg,False,False,True,False,False,1,3
20ed61e3a.jpg,False,False,True,False,False,1,3
20edbd1a8.jpg,False,False,True,True,False,2,3+4
20fb50eb6.jpg,False,False,False,False,True,0,none
20fe56d9e.jpg,False,False,False,False,True,0,none
210140342.jpg,False,False,False,False,True,0,none
210e0e803.jpg,False,False,False,False,True,0,none
211035d61.jpg,False,False,False,False,True,0,none
2111e4f3f.jpg,False,False,True,False,False,1,3
2117f8b3c.jpg,False,False,False,False,True,0,none
211f39c22.jpg,False,False,False,False,True,0,none
2122b99c0.jpg,True,False,False,False,False,1,1
212c420e6.jpg,False,False,False,False,True,0,none
21318dbb2.jpg,False,False,False,False,True,0,none
21365e1a3.jpg,False,False,True,False,False,1,3
213b0d05f.jpg,False,False,False,False,True,0,none
213ba76ed.jpg,False,False,False,False,True,0,none
213eae951.jpg,False,False,False,False,True,0,none
214453d43.jpg,False,False,False,False,True,0,none
214465021.jpg,False,True,False,False,False,1,2
214b9bd1a.jpg,False,False,True,False,False,1,3
215dc201f.jpg,False,False,True,False,False,1,3
215edd511.jpg,False,True,False,False,False,1,2
2165057fa.jpg,False,False,False,False,True,0,none
216630aec.jpg,False,False,False,False,True,0,none
2175f9bcf.jpg,False,False,False,False,True,0,none
2176b94a5.jpg,False,False,True,False,False,1,3
217ec0ebe.jpg,False,False,False,False,True,0,none
2188f5429.jpg,False,False,True,False,False,1,3
218bbc6fe.jpg,False,False,True,False,False,1,3
218ef654a.jpg,False,False,False,False,True,0,none
21927b07e.jpg,False,False,False,False,True,0,none
219621d5d.jpg,False,False,True,False,False,1,3
219cd030a.jpg,False,False,False,False,True,0,none
21a0c7160.jpg,False,False,True,False,False,1,3
21a5d2ddb.jpg,False,False,False,True,False,1,4
21a8354ac.jpg,False,False,False,False,True,0,none
21ab6a3b2.jpg,True,False,True,False,False,2,1+3
21ac40700.jpg,False,True,False,False,False,1,2
21af0ec58.jpg,False,False,True,False,False,1,3
21b335784.jpg,False,False,True,False,False,1,3
21bf9d854.jpg,True,False,False,False,False,1,1
21cb6d5d2.jpg,False,False,False,False,True,0,none
21d2b3168.jpg,False,False,False,False,True,0,none
21ea71d4a.jpg,False,False,True,False,False,1,3
21eb1e1aa.jpg,False,False,True,False,False,1,3
21ef20784.jpg,True,False,False,False,False,1,1
21ef923c8.jpg,False,False,False,False,True,0,none
21f157362.jpg,False,False,True,False,False,1,3
21f89256c.jpg,True,False,False,False,False,1,1
21f997038.jpg,False,False,False,False,True,0,none
21fb2df8d.jpg,True,False,False,False,False,1,1
220129a97.jpg,False,False,False,False,True,0,none
22031aa8f.jpg,False,False,True,False,False,1,3
220e9e701.jpg,False,False,False,False,True,0,none
22123f29f.jpg,True,False,False,False,False,1,1
221f866cc.jpg,False,False,True,False,False,1,3
2222a03b3.jpg,False,False,True,False,False,1,3
22255a58e.jpg,False,False,False,False,True,0,none
2232e0c11.jpg,False,False,True,False,False,1,3
2238b12fe.jpg,False,False,False,False,True,0,none
223e550cc.jpg,False,False,False,False,True,0,none
22458f946.jpg,True,False,False,False,False,1,1
2247fd7f0.jpg,False,False,True,False,False,1,3
224e979b5.jpg,False,False,False,False,True,0,none
2253d7244.jpg,False,False,True,False,False,1,3
22553cebc.jpg,False,False,True,False,False,1,3
2257ce176.jpg,False,False,False,False,True,0,none
225ea601b.jpg,False,False,False,False,True,0,none
225ef7f0d.jpg,False,False,True,False,False,1,3
2261e0f9c.jpg,False,False,True,False,False,1,3
226e7fd6c.jpg,False,False,True,False,False,1,3
22757e90a.jpg,False,False,False,False,True,0,none
2276b004c.jpg,False,False,True,False,False,1,3
2279bbcc4.jpg,False,False,False,False,True,0,none
227d0512b.jpg,False,False,True,False,False,1,3
22827c51d.jpg,False,False,True,False,False,1,3
2283f2183.jpg,False,False,True,False,False,1,3
228a7a896.jpg,False,False,False,False,True,0,none
228ce0e24.jpg,False,False,False,False,True,0,none
229500455.jpg,True,False,False,False,False,1,1
229906ed1.jpg,False,False,True,False,False,1,3
22a125a81.jpg,False,False,True,False,False,1,3
22a1c5ea1.jpg,False,False,False,False,True,0,none
22a825813.jpg,False,True,False,False,False,1,2
22ac7041b.jpg,False,False,False,False,True,0,none
22b2206c8.jpg,False,False,False,False,True,0,none
22b459911.jpg,False,False,True,False,False,1,3
22bd428e0.jpg,False,False,True,False,False,1,3
22cabd56f.jpg,False,False,True,False,False,1,3
22d94f944.jpg,False,False,False,False,True,0,none
22e05d569.jpg,False,False,True,False,False,1,3
22e2195c1.jpg,False,False,True,False,False,1,3
22e9830a3.jpg,False,False,True,False,False,1,3
22ee0a368.jpg,False,False,True,False,False,1,3
22f4a9477.jpg,False,False,False,False,True,0,none
22f766f4c.jpg,False,False,False,False,True,0,none
22f984bc6.jpg,False,False,False,False,True,0,none
22fb4b286.jpg,False,False,True,False,False,1,3
230ce1940.jpg,False,False,False,False,True,0,none
23109ddf4.jpg,False,False,False,False,True,0,none
23115ad3a.jpg,False,False,False,True,False,1,4
23120f506.jpg,False,False,True,False,False,1,3
232256b21.jpg,True,False,False,False,False,1,1
23299a0bd.jpg,False,False,False,False,True,0,none
232a62357.jpg,False,False,True,False,False,1,3
232eb5edd.jpg,False,False,False,False,True,0,none
2338ed2ae.jpg,False,False,False,False,True,0,none
234ba0510.jpg,False,False,True,False,False,1,3
235ba1dd3.jpg,False,False,True,False,False,1,3
2363aaa1f.jpg,False,False,False,False,True,0,none
2365be47a.jpg,False,False,True,False,False,1,3
23783382d.jpg,False,False,True,False,False,1,3
237a50f6f.jpg,False,False,False,False,True,0,none
2384602d3.jpg,False,False,False,False,True,0,none
2386e70a6.jpg,False,False,False,False,True,0,none
238cfd09f.jpg,False,False,True,False,False,1,3
238d6df92.jpg,False,False,True,False,False,1,3
2395db536.jpg,False,False,True,False,False,1,3
23b06f857.jpg,False,False,False,True,False,1,4
23b787894.jpg,False,False,True,False,False,1,3
23bb4d637.jpg,False,False,True,False,False,1,3
23c3474fb.jpg,False,False,True,False,False,1,3
23c450c03.jpg,True,False,False,False,False,1,1
23c9c6cba.jpg,False,False,True,False,False,1,3
23d529481.jpg,False,False,False,False,True,0,none
23d77b3df.jpg,False,False,True,False,False,1,3
23db57033.jpg,False,False,True,False,False,1,3
23e46abf1.jpg,False,False,False,False,True,0,none
23e4a530a.jpg,False,True,False,False,False,1,2
23e517b52.jpg,False,False,False,False,True,0,none
23e5dd080.jpg,True,False,False,False,False,1,1
23e7d294b.jpg,False,False,True,False,False,1,3
23f0398a4.jpg,False,False,False,False,True,0,none
23fd97f0f.jpg,False,False,False,False,True,0,none
24066d57e.jpg,True,False,False,False,False,1,1
24098fc10.jpg,False,False,False,False,True,0,none
24154161c.jpg,False,False,False,True,False,1,4
241abf136.jpg,False,False,True,False,False,1,3
241cd2982.jpg,False,False,True,False,False,1,3
241d3ed81.jpg,False,False,True,False,False,1,3
24256f234.jpg,False,False,True,False,False,1,3
242894fc4.jpg,False,False,False,True,False,1,4
2433ff110.jpg,False,False,False,False,True,0,none
2434f1395.jpg,False,False,True,False,False,1,3
243685594.jpg,False,False,False,False,True,0,none
2441b5d16.jpg,False,False,False,False,True,0,none
244c592ab.jpg,False,False,False,False,True,0,none
24528b550.jpg,False,False,True,False,False,1,3
2453b68e2.jpg,False,False,True,False,False,1,3
2454d3770.jpg,False,False,False,False,True,0,none
245977e7d.jpg,False,False,False,False,True,0,none
2467e2b6e.jpg,False,False,True,False,False,1,3
2468a601b.jpg,False,False,False,False,True,0,none
246b05513.jpg,False,False,False,False,True,0,none
246e70ffd.jpg,False,False,False,False,True,0,none
247108a1c.jpg,False,False,True,False,False,1,3
24754bd08.jpg,False,False,False,False,True,0,none
247b9b104.jpg,False,False,False,False,True,0,none
248220d45.jpg,False,False,True,False,False,1,3
248585a26.jpg,False,False,True,True,False,2,3+4
248660ca9.jpg,False,False,False,False,True,0,none
24884c39c.jpg,False,False,True,False,False,1,3
2490c490c.jpg,False,False,True,True,False,2,3+4
2491d607d.jpg,False,False,True,False,False,1,3
249b7d301.jpg,False,False,False,False,True,0,none
249f5fa64.jpg,False,False,False,False,True,0,none
249f9dfdd.jpg,False,False,True,False,False,1,3
24a03ba27.jpg,False,False,False,False,True,0,none
24a91d324.jpg,False,False,True,False,False,1,3
24aa8d834.jpg,False,False,False,False,True,0,none
24ae96cd5.jpg,False,False,False,True,False,1,4
24af86df2.jpg,False,False,False,False,True,0,none
24b29d740.jpg,False,False,False,True,False,1,4
24c3b9e78.jpg,False,False,False,False,True,0,none
24c9c291d.jpg,False,False,True,False,False,1,3
24cd3df31.jpg,False,False,False,False,True,0,none
24d46a3f8.jpg,False,False,True,False,False,1,3
24d88228f.jpg,False,False,True,False,False,1,3
24db6ba0d.jpg,True,False,False,False,False,1,1
24debd5d7.jpg,False,False,True,False,False,1,3
24e125a16.jpg,False,True,False,False,False,1,2
24e21e85a.jpg,False,False,True,False,False,1,3
24e249331.jpg,False,False,True,False,False,1,3
24e3826ff.jpg,False,False,True,False,False,1,3
24f34efc1.jpg,False,False,False,False,True,0,none
24f4f7819.jpg,False,False,False,False,True,0,none
24fce7ae0.jpg,False,False,True,False,False,1,3
24fdedc37.jpg,False,False,False,True,False,1,4
250107a1b.jpg,False,False,True,False,False,1,3
2507ce3e3.jpg,False,False,True,False,False,1,3
250f61fb3.jpg,False,False,False,False,True,0,none
2511b18de.jpg,False,False,False,False,True,0,none
2511b27f5.jpg,False,False,True,False,False,1,3
251ed373d.jpg,False,False,True,False,False,1,3
2527831fa.jpg,False,False,True,False,False,1,3
252952efa.jpg,False,False,False,False,True,0,none
252c10c1a.jpg,False,False,True,False,False,1,3
252e1de8b.jpg,False,False,True,False,False,1,3
2530c41a1.jpg,False,False,False,False,True,0,none
25337cb38.jpg,False,False,True,False,False,1,3
2538237d0.jpg,False,False,False,False,True,0,none
254c52b64.jpg,True,False,False,False,False,1,1
254f1326a.jpg,False,False,False,False,True,0,none
25515c2f6.jpg,False,False,True,False,False,1,3
25548e840.jpg,False,False,True,False,False,1,3
2555226ad.jpg,False,False,False,False,True,0,none
2558c43bf.jpg,False,False,True,True,False,2,3+4
255a79790.jpg,False,False,False,False,True,0,none
255dde01e.jpg,False,False,False,False,True,0,none
2560e7b91.jpg,False,False,False,True,False,1,4
256f19e24.jpg,False,False,False,False,True,0,none
25737d300.jpg,False,False,True,False,False,1,3
257d02460.jpg,False,False,False,False,True,0,none
258890040.jpg,False,False,False,False,True,0,none
2588f15b8.jpg,False,False,False,False,True,0,none
259d812b3.jpg,False,False,True,False,False,1,3
259fcd803.jpg,False,False,False,False,True,0,none
25b4312a0.jpg,False,False,False,False,True,0,none
25b57b528.jpg,False,False,True,False,False,1,3
25b9fd0af.jpg,False,False,False,False,True,0,none
25ba4dfae.jpg,False,False,True,True,False,2,3+4
25bc3a693.jpg,False,False,False,False,True,0,none
25c0df351.jpg,False,False,True,False,False,1,3
25c8f7153.jpg,False,False,True,False,False,1,3
25c940a74.jpg,False,False,True,False,False,1,3
25ccece7f.jpg,False,False,True,False,False,1,3
25da9588e.jpg,False,False,False,False,True,0,none
25e4f6ba7.jpg,False,False,False,False,True,0,none
25e74a78a.jpg,False,False,True,False,False,1,3
25f9a8622.jpg,False,False,False,True,False,1,4
25fc987a1.jpg,False,False,True,False,False,1,3
260928695.jpg,False,False,False,False,True,0,none
260e316eb.jpg,False,False,False,True,False,1,4
260ee2f59.jpg,False,False,True,False,False,1,3
26103f6a4.jpg,False,False,False,False,True,0,none
2611b46f6.jpg,False,False,True,False,False,1,3
261c6d458.jpg,False,False,True,False,False,1,3
26221a880.jpg,False,False,False,False,True,0,none
2622f876d.jpg,False,False,False,False,True,0,none
26272c2a7.jpg,False,False,False,True,False,1,4
262d788d8.jpg,False,False,False,False,True,0,none
262db4b7e.jpg,True,False,False,False,False,1,1
262dd5083.jpg,False,False,False,False,True,0,none
26364af58.jpg,False,False,False,False,True,0,none
263e60865.jpg,False,False,False,False,True,0,none
2648c3348.jpg,False,False,False,False,True,0,none
265c5dac3.jpg,False,False,False,False,True,0,none
267aa0d33.jpg,False,False,True,True,False,2,3+4
268446e17.jpg,False,True,False,False,False,1,2
268f0fa63.jpg,True,False,True,False,False,2,1+3
2694c98fb.jpg,False,False,True,False,False,1,3
26a5791d4.jpg,False,False,False,False,True,0,none
26a8ac13a.jpg,False,False,False,False,True,0,none
26a99fc0b.jpg,False,False,False,False,True,0,none
26b0e74fe.jpg,False,False,True,False,False,1,3
26b980260.jpg,False,False,True,False,False,1,3
26bcc93ff.jpg,False,False,False,False,True,0,none
26c156283.jpg,True,False,False,False,False,1,1
26c1fc24e.jpg,False,False,True,False,False,1,3
26c3a7dd5.jpg,False,False,True,False,False,1,3
26c4b5697.jpg,False,False,False,False,True,0,none
26c4eacfa.jpg,False,False,False,False,True,0,none
26d12b1c1.jpg,False,False,False,False,True,0,none
26d43765f.jpg,False,False,True,False,False,1,3
26e034336.jpg,False,False,False,False,True,0,none
26eecdd24.jpg,False,False,False,False,True,0,none
26ef69c0f.jpg,False,False,False,False,True,0,none
26f6f4c72.jpg,False,False,True,False,False,1,3
270cc7da8.jpg,False,False,False,False,True,0,none
270f400fc.jpg,False,False,False,False,True,0,none
270f5361d.jpg,False,False,True,False,False,1,3
27116d428.jpg,False,False,False,False,True,0,none
271551c4f.jpg,False,False,True,False,False,1,3
2719e3b47.jpg,False,False,True,False,False,1,3
271f3eb1f.jpg,False,False,False,False,True,0,none
2720732e7.jpg,False,False,True,False,False,1,3
27207fb2e.jpg,False,False,True,False,False,1,3
2722e2ba6.jpg,False,False,True,False,False,1,3
2725ee8d6.jpg,False,False,True,False,False,1,3
2729ddc56.jpg,False,False,False,False,True,0,none
2731f7830.jpg,False,False,True,True,False,2,3+4
2741274d7.jpg,False,False,True,False,False,1,3
2744b6b26.jpg,False,False,True,False,False,1,3
2745ecf6b.jpg,False,False,True,False,False,1,3
2749c24a9.jpg,False,False,False,True,False,1,4
274b1d54b.jpg,False,False,True,False,False,1,3
2752d4d1d.jpg,False,False,False,False,True,0,none
2757df221.jpg,False,False,False,True,False,1,4
275e3bca6.jpg,False,False,True,False,False,1,3
275edf40b.jpg,False,False,False,False,True,0,none
276111a31.jpg,False,False,True,False,False,1,3
27623931a.jpg,False,False,False,False,True,0,none
2763c7f16.jpg,False,False,False,False,True,0,none
2764c0af9.jpg,False,False,False,False,True,0,none
2770fe933.jpg,False,False,False,True,False,1,4
2776642e1.jpg,False,False,True,False,False,1,3
2777ae1e1.jpg,False,False,False,False,True,0,none
277b133dc.jpg,False,False,True,False,False,1,3
277c7771d.jpg,False,False,False,False,True,0,none
277e3727f.jpg,False,False,True,False,False,1,3
277ebde3b.jpg,True,False,False,False,False,1,1
27824360e.jpg,False,False,False,False,True,0,none
2789df930.jpg,False,True,False,False,False,1,2
278a21a00.jpg,False,False,True,False,False,1,3
2797387f0.jpg,False,False,False,False,True,0,none
279af89c7.jpg,False,False,True,False,False,1,3
279b82aaf.jpg,False,False,True,False,False,1,3
27b1670da.jpg,False,False,True,False,False,1,3
27b3f78bc.jpg,False,False,False,False,True,0,none
27b7ce725.jpg,False,False,True,False,False,1,3
27bae6729.jpg,False,False,False,False,True,0,none
27bb9ff91.jpg,False,False,False,False,True,0,none
27c8a46af.jpg,False,False,False,False,True,0,none
27ca5333a.jpg,False,False,False,False,True,0,none
27d95964a.jpg,True,False,False,False,False,1,1
27e291687.jpg,False,False,True,False,False,1,3
27e3c4a82.jpg,False,False,False,False,True,0,none
27f0f986f.jpg,False,False,False,False,True,0,none
27f331654.jpg,False,False,False,False,True,0,none
27f44281b.jpg,True,False,True,False,False,2,1+3
27f830690.jpg,False,False,True,False,False,1,3
27f99b836.jpg,True,False,False,False,False,1,1
27f9c23bd.jpg,False,False,False,False,True,0,none
27faa1de7.jpg,False,False,True,False,False,1,3
27fb17019.jpg,False,False,True,False,False,1,3
27ff1f9f7.jpg,False,False,False,False,True,0,none
28045eb99.jpg,False,False,False,False,True,0,none
280dbbace.jpg,False,False,False,True,False,1,4
28146d20d.jpg,False,False,False,False,True,0,none
28241874f.jpg,False,False,True,False,False,1,3
282425786.jpg,False,False,True,False,False,1,3
282cd397d.jpg,False,False,True,True,False,2,3+4
284639f13.jpg,True,False,False,False,False,1,1
2849ca6b8.jpg,False,False,False,False,True,0,none
284f0aee6.jpg,False,False,True,False,False,1,3
284fa3b23.jpg,False,False,False,False,True,0,none
2854206dc.jpg,False,False,False,False,True,0,none
285781401.jpg,True,False,False,False,False,1,1
2858af68b.jpg,False,False,False,False,True,0,none
28661fd17.jpg,False,False,True,False,False,1,3
2866cf8b6.jpg,False,False,False,False,True,0,none
286d2eb1c.jpg,False,False,True,False,False,1,3
286e0559b.jpg,False,False,True,False,False,1,3
286f459e6.jpg,False,False,True,True,False,2,3+4
288015608.jpg,False,False,False,False,True,0,none
288314368.jpg,False,False,False,False,True,0,none
288af8e54.jpg,False,False,False,False,True,0,none
289d03d64.jpg,False,False,True,False,False,1,3
289ea00a3.jpg,False,False,False,False,True,0,none
28a1ea8c2.jpg,False,False,True,False,False,1,3
28a3f7928.jpg,False,True,False,False,False,1,2
28a5ce277.jpg,False,False,False,False,True,0,none
28a6ef562.jpg,False,False,True,False,False,1,3
28adb8aeb.jpg,True,False,False,False,False,1,1
28b24df26.jpg,False,False,False,False,True,0,none
28b393fb3.jpg,False,False,False,False,True,0,none
28b85d2d2.jpg,False,False,False,False,True,0,none
28bc8094e.jpg,False,False,False,False,True,0,none
28bcb3a6e.jpg,False,False,True,False,False,1,3
28d08d220.jpg,False,False,False,False,True,0,none
28d523b58.jpg,True,False,False,False,False,1,1
28ecbd153.jpg,False,False,False,False,True,0,none
28edbd61f.jpg,False,False,True,False,False,1,3
28eea1b0a.jpg,False,False,False,False,True,0,none
28f005ffe.jpg,False,False,True,False,False,1,3
28f8c53de.jpg,False,False,True,False,False,1,3
29061ba6a.jpg,False,False,False,False,True,0,none
2907229bf.jpg,False,False,False,False,True,0,none
2907d9279.jpg,False,False,False,False,True,0,none
290990afb.jpg,False,False,False,False,True,0,none
290e00273.jpg,False,False,False,True,False,1,4
29124169b.jpg,False,False,True,False,False,1,3
2912df978.jpg,False,False,True,False,False,1,3
2912e9e24.jpg,False,False,True,False,False,1,3
2915687ca.jpg,False,False,False,False,True,0,none
29242ac38.jpg,False,False,False,False,True,0,none
2929284cc.jpg,False,False,True,False,False,1,3
2930b4f52.jpg,False,False,True,True,False,2,3+4
2932c0dd3.jpg,False,False,True,False,False,1,3
29334d3ea.jpg,False,False,False,False,True,0,none
2933c4fbc.jpg,False,False,False,False,True,0,none
29348cadb.jpg,False,False,False,False,True,0,none
29360cd19.jpg,False,False,False,False,True,0,none
29420c716.jpg,False,False,True,False,False,1,3
294317265.jpg,False,False,False,False,True,0,none
294adfb02.jpg,False,False,False,False,True,0,none
294c646fd.jpg,False,False,True,False,False,1,3
294d6d5f8.jpg,False,False,True,False,False,1,3
294eb0ae9.jpg,False,False,False,False,True,0,none
2959d7fb1.jpg,False,True,False,False,False,1,2
295e39efa.jpg,False,False,False,False,True,0,none
2963d24c4.jpg,False,False,False,False,True,0,none
2969217e8.jpg,True,True,False,False,False,2,1+2
29694dc5d.jpg,False,False,False,True,False,1,4
296aa930a.jpg,False,False,False,False,True,0,none
297f50d2d.jpg,False,False,False,False,True,0,none
297fd2839.jpg,False,False,False,False,True,0,none
298329e69.jpg,False,False,False,False,True,0,none
2992fff3f.jpg,False,False,True,False,False,1,3
29936b461.jpg,True,False,False,False,False,1,1
299372050.jpg,False,False,False,False,True,0,none
2994546cf.jpg,False,False,True,False,False,1,3
2995f68a3.jpg,False,False,False,False,True,0,none
2999deba3.jpg,False,False,True,False,False,1,3
299a15c20.jpg,False,False,True,True,False,2,3+4
299d06031.jpg,False,False,True,False,False,1,3
29a023a11.jpg,False,False,True,False,False,1,3
29a47d219.jpg,False,False,False,False,True,0,none
29ae2bdc9.jpg,False,False,False,True,False,1,4
29b8c3350.jpg,False,False,False,False,True,0,none
29c2b4ded.jpg,False,False,False,False,True,0,none
29c39b183.jpg,True,False,True,False,False,2,1+3
29c3aaed7.jpg,False,False,False,False,True,0,none
29c9d8e14.jpg,False,False,False,False,True,0,none
29d83d9ce.jpg,False,False,True,False,False,1,3
29da75230.jpg,False,False,True,False,False,1,3
29dc27ca2.jpg,False,False,True,False,False,1,3
29dcd28af.jpg,True,False,False,False,False,1,1
29df0834a.jpg,False,False,True,False,False,1,3
29e57e1de.jpg,False,False,True,False,False,1,3
29f50b1fd.jpg,True,False,False,False,False,1,1
29f80893c.jpg,False,False,True,False,False,1,3
29f9c04b5.jpg,False,False,False,False,True,0,none
29ff8d6f4.jpg,False,False,True,False,False,1,3
2a07798b5.jpg,False,False,True,False,False,1,3
2a0876a27.jpg,False,False,False,False,True,0,none
2a0d6f8d9.jpg,False,False,False,False,True,0,none
2a113071b.jpg,False,False,True,False,False,1,3
2a184dcbe.jpg,False,False,True,False,False,1,3
2a1d78261.jpg,False,False,False,False,True,0,none
2a351164a.jpg,False,False,True,False,False,1,3
2a374ceaa.jpg,False,False,True,False,False,1,3
2a407b8dd.jpg,False,False,True,False,False,1,3
2a4e81982.jpg,False,False,True,False,False,1,3
2a5181987.jpg,False,False,False,False,True,0,none
2a5d7974b.jpg,False,False,False,False,True,0,none
2a5fe1870.jpg,False,False,True,False,False,1,3
2a6669d9a.jpg,False,False,True,False,False,1,3
2a698fced.jpg,False,False,False,False,True,0,none
2a74520ed.jpg,False,False,True,False,False,1,3
2a7dd397d.jpg,False,False,False,False,True,0,none
2a7f8bab0.jpg,False,True,False,False,False,1,2
2a8096ad1.jpg,False,False,False,False,True,0,none
2a84bb533.jpg,False,False,True,False,False,1,3
2a8a9529b.jpg,False,False,False,False,True,0,none
2a8bd4103.jpg,False,False,False,False,True,0,none
2a91edbe9.jpg,False,False,False,False,True,0,none
2a95756e7.jpg,False,False,True,False,False,1,3
2a9e93a87.jpg,True,False,False,False,False,1,1
2ab6eed56.jpg,False,False,False,False,True,0,none
2abff2a85.jpg,False,False,False,False,True,0,none
2acd6db1e.jpg,False,False,False,False,True,0,none
2ad931637.jpg,False,False,False,False,True,0,none
2ae658a56.jpg,False,False,True,False,False,1,3
2aeb8dbd6.jpg,False,False,False,False,True,0,none
2aec7fe3a.jpg,False,False,False,False,True,0,none
2aed7977d.jpg,False,False,False,False,True,0,none
2af23562d.jpg,False,False,False,False,True,0,none
2af6d7182.jpg,False,False,False,False,True,0,none
2af81ccb1.jpg,False,False,False,False,True,0,none
2b0055ed4.jpg,False,False,True,False,False,1,3
2b01fd731.jpg,False,True,False,False,False,1,2
2b06b596f.jpg,False,False,False,False,True,0,none
2b09e0923.jpg,False,False,False,False,True,0,none
2b0d476d6.jpg,False,True,False,False,False,1,2
2b15517b1.jpg,False,False,True,False,False,1,3
2b1630571.jpg,False,False,False,False,True,0,none
2b16d6f98.jpg,False,False,True,False,False,1,3
2b1ad9bae.jpg,False,False,False,False,True,0,none
2b1d39d53.jpg,False,False,True,False,False,1,3
2b1f20578.jpg,False,False,True,False,False,1,3
2b29157fe.jpg,False,False,False,False,True,0,none
2b2e02314.jpg,False,False,False,False,True,0,none
2b33c67ea.jpg,False,False,True,False,False,1,3
2b449bdcf.jpg,False,False,True,False,False,1,3
2b4888475.jpg,False,False,False,False,True,0,none
2b49fe17d.jpg,False,False,False,False,True,0,none
2b53843e0.jpg,False,False,True,False,False,1,3
2b56830b9.jpg,False,False,False,False,True,0,none
2b5d93909.jpg,False,False,False,False,True,0,none
2b61e04e6.jpg,False,False,True,False,False,1,3
2b62b9cb1.jpg,False,False,False,False,True,0,none
2b7156859.jpg,False,False,False,False,True,0,none
2b7315722.jpg,False,False,True,False,False,1,3
2b8756d1b.jpg,False,False,True,False,False,1,3
2b878ae41.jpg,False,False,False,False,True,0,none
2b8b658d7.jpg,False,False,False,False,True,0,none
2b8dfbe0b.jpg,True,False,False,False,False,1,1
2b8fcb5b7.jpg,False,False,True,False,False,1,3
2b91b6d20.jpg,False,False,False,False,True,0,none
2b9a7872a.jpg,False,False,False,False,True,0,none
2ba1f2a4d.jpg,False,False,False,False,True,0,none
2ba3dadde.jpg,False,False,True,False,False,1,3
2bad2deac.jpg,False,False,True,False,False,1,3
2bb9c8164.jpg,False,False,False,False,True,0,none
2bc1a3aa1.jpg,False,False,False,False,True,0,none
2bc3b7fce.jpg,False,False,True,False,False,1,3
2bc7c992b.jpg,False,False,False,False,True,0,none
2bca350a2.jpg,False,False,False,False,True,0,none
2bdb08a09.jpg,False,False,False,False,True,0,none
2bdb48c91.jpg,True,False,False,False,False,1,1
2be0179d7.jpg,True,False,False,False,False,1,1
2be0229b6.jpg,False,False,True,False,False,1,3
2be7b0fb4.jpg,False,False,False,False,True,0,none
2becf0002.jpg,False,False,False,False,True,0,none
2bed8342d.jpg,False,False,False,True,False,1,4
2c061aed6.jpg,False,False,True,False,False,1,3
2c113de25.jpg,True,False,False,False,False,1,1
2c12af0fc.jpg,False,False,False,False,True,0,none
2c14af3b2.jpg,False,False,False,False,True,0,none
2c18ac76d.jpg,True,False,False,False,False,1,1
2c213b074.jpg,False,False,False,False,True,0,none
2c23eefec.jpg,False,False,True,False,False,1,3
2c24736d5.jpg,False,False,True,False,False,1,3
2c2fa2f81.jpg,False,False,False,False,True,0,none
2c37ea89f.jpg,True,False,True,False,False,2,1+3
2c39e6ccb.jpg,False,False,True,False,False,1,3
2c3abe940.jpg,False,False,False,False,True,0,none
2c405a793.jpg,False,False,False,False,True,0,none
2c445e6a9.jpg,False,False,True,False,False,1,3
2c456d7e8.jpg,False,False,False,False,True,0,none
2c4b101db.jpg,False,False,True,True,False,2,3+4
2c4fd555c.jpg,False,False,True,False,False,1,3
2c5094bf8.jpg,False,False,False,False,True,0,none
2c56741a3.jpg,False,False,True,False,False,1,3
2c57742c3.jpg,False,False,False,False,True,0,none
2c581b76f.jpg,False,False,False,False,True,0,none
2c63f60e3.jpg,False,False,True,False,False,1,3
2c64d5644.jpg,False,False,True,False,False,1,3
2c66fb097.jpg,False,False,False,False,True,0,none
2c67e770e.jpg,False,False,False,False,True,0,none
2c6b52b3f.jpg,False,False,True,False,False,1,3
2c6ee79c9.jpg,False,False,True,False,False,1,3
2c75ffa0e.jpg,False,False,False,False,True,0,none
2c77b3fe1.jpg,False,False,False,False,True,0,none
2c7e26f0d.jpg,True,False,False,False,False,1,1
2c8451aeb.jpg,False,False,False,False,True,0,none
2c8a82986.jpg,False,False,False,False,True,0,none
2c8c3cb8a.jpg,False,False,False,True,False,1,4
2c8d08d8d.jpg,False,False,True,False,False,1,3
2c8ff99fc.jpg,False,False,False,False,True,0,none
2c9060446.jpg,False,False,False,False,True,0,none
2c956317b.jpg,True,False,False,False,False,1,1
2ca3581f8.jpg,False,False,True,False,False,1,3
2cc298242.jpg,False,False,False,False,True,0,none
2cc9a3573.jpg,False,False,False,False,True,0,none
2cca3ddab.jpg,False,False,True,False,False,1,3
2ccef61c3.jpg,False,False,False,True,False,1,4
2cd524ca5.jpg,False,False,True,False,False,1,3
2cd7c2a1c.jpg,False,False,False,False,True,0,none
2cdb702b8.jpg,False,False,False,False,True,0,none
2ce026ee0.jpg,False,False,True,False,False,1,3
2cf368c20.jpg,False,False,False,False,True,0,none
2cf487578.jpg,False,False,True,False,False,1,3
2cf6be112.jpg,False,False,False,False,True,0,none
2cf9274ea.jpg,True,False,False,False,False,1,1
2cf9289c4.jpg,False,False,False,False,True,0,none
2cfa58247.jpg,False,False,True,True,False,2,3+4
2cfa7ea6f.jpg,True,False,False,False,False,1,1
2cffa3a1a.jpg,False,False,False,False,True,0,none
2d078e609.jpg,False,False,False,False,True,0,none
2d15d9135.jpg,False,False,True,False,False,1,3
2d1602c3f.jpg,False,False,False,False,True,0,none
2d1658337.jpg,False,False,True,False,False,1,3
2d18eccdd.jpg,False,False,False,False,True,0,none
2d196857a.jpg,False,False,True,False,False,1,3
2d26b9dda.jpg,True,False,False,False,False,1,1
2d26bebd3.jpg,False,False,False,False,True,0,none
2d2fa87c7.jpg,False,False,False,False,True,0,none
2d332f374.jpg,False,False,False,False,True,0,none
2d35124f0.jpg,False,False,False,False,True,0,none
2d36c0d07.jpg,False,False,False,False,True,0,none
2d37a1ebe.jpg,False,False,False,True,False,1,4
2d3b4027c.jpg,False,False,False,False,True,0,none
2d3c47b87.jpg,False,False,False,False,True,0,none
2d4471837.jpg,False,False,True,False,False,1,3
2d586fa43.jpg,False,False,False,False,True,0,none
2d5e1b155.jpg,False,False,False,False,True,0,none
2d61e4f9f.jpg,False,False,True,True,False,2,3+4
2d759458e.jpg,True,False,False,False,False,1,1
2d759a3be.jpg,False,False,False,False,True,0,none
2d778a4c9.jpg,False,False,False,False,True,0,none
2d7a69b1f.jpg,False,False,False,False,True,0,none
2d7e4ce60.jpg,False,False,False,False,True,0,none
2d8146e53.jpg,True,False,False,False,False,1,1
2d8215a6b.jpg,False,False,False,True,False,1,4
2d86d4f15.jpg,False,False,True,False,False,1,3
2d8cef5f6.jpg,False,False,True,False,False,1,3
2d8e8e789.jpg,False,False,True,False,False,1,3
2d94df675.jpg,False,False,True,False,False,1,3
2dadb2d12.jpg,False,False,False,False,True,0,none
2db969d6b.jpg,False,False,True,False,False,1,3
2dbd01639.jpg,False,False,True,False,False,1,3
2dc1484ee.jpg,False,False,False,False,True,0,none
2dc31340a.jpg,False,False,True,False,False,1,3
2dc3dd0a6.jpg,True,False,False,False,False,1,1
2dcff4a4e.jpg,False,False,True,False,False,1,3
2dd1084fb.jpg,False,False,False,False,True,0,none
2dd290c91.jpg,False,False,True,False,False,1,3
2dd360833.jpg,False,False,True,False,False,1,3
2de22f59f.jpg,True,False,False,False,False,1,1
2de8838e1.jpg,False,False,False,False,True,0,none
2dea5ac10.jpg,False,False,False,False,True,0,none
2debaa43a.jpg,False,False,True,False,False,1,3
2decb23b0.jpg,False,False,True,False,False,1,3
2ded1960e.jpg,False,False,True,False,False,1,3
2df1da5bd.jpg,False,False,True,False,False,1,3
2df89d5c2.jpg,False,False,False,False,True,0,none
2dfedfe3c.jpg,False,False,False,False,True,0,none
2e0d5dde2.jpg,False,False,False,False,True,0,none
2e0ef2076.jpg,False,False,False,False,True,0,none
2e10357c2.jpg,True,False,False,False,False,1,1
2e12e1c6a.jpg,False,False,True,False,False,1,3
2e224953f.jpg,False,False,False,False,True,0,none
2e29001f1.jpg,True,False,True,False,False,2,1+3
2e2b38b6d.jpg,False,False,False,False,True,0,none
2e2f5467c.jpg,False,False,True,False,False,1,3
2e35ebe13.jpg,False,False,True,False,False,1,3
2e3b354cd.jpg,False,False,True,False,False,1,3
2e3b90bc4.jpg,False,False,False,False,True,0,none
2e4308ede.jpg,False,False,False,False,True,0,none
2e4da1fd1.jpg,False,False,True,False,False,1,3
2e4fefc28.jpg,False,False,True,False,False,1,3
2e5127c3c.jpg,False,False,False,False,True,0,none
2e531b831.jpg,False,False,False,False,True,0,none
2e55a1149.jpg,False,False,True,False,False,1,3
2e5dab72b.jpg,False,False,True,False,False,1,3
2e69715ac.jpg,False,False,True,False,False,1,3
2e734ff06.jpg,False,False,True,False,False,1,3
2e812dff2.jpg,False,False,False,False,True,0,none
2e8489244.jpg,False,False,True,False,False,1,3
2e84c0c34.jpg,False,False,True,False,False,1,3
2e8733afa.jpg,False,False,False,True,False,1,4
2e8734c46.jpg,False,False,False,True,False,1,4
2e8787425.jpg,False,False,False,False,True,0,none
2e8f2ddb8.jpg,False,False,True,False,False,1,3
2e9170c14.jpg,False,False,True,False,False,1,3
2e97e0251.jpg,False,False,True,False,False,1,3
2ea4ad171.jpg,True,False,False,False,False,1,1
2eae7322b.jpg,False,False,True,False,False,1,3
2eb20e316.jpg,False,False,False,False,True,0,none
2eb50a13e.jpg,False,False,True,False,False,1,3
2eb516639.jpg,False,False,False,False,True,0,none
2eb80839e.jpg,False,False,False,False,True,0,none
2ec10042f.jpg,True,False,False,False,False,1,1
2ec116cea.jpg,False,False,True,False,False,1,3
2ec4f0fa4.jpg,False,False,False,False,True,0,none
2ec8d4b22.jpg,False,False,False,False,True,0,none
2ec9eddd4.jpg,False,False,True,False,False,1,3
2edaf414b.jpg,False,False,False,False,True,0,none
2ede3bc01.jpg,False,False,False,True,False,1,4
2eea8fb3c.jpg,False,False,False,False,True,0,none
2eeed5102.jpg,True,False,False,False,False,1,1
2ef48ec18.jpg,False,False,False,False,True,0,none
2ef5b3de1.jpg,False,False,True,False,False,1,3
2ef6ad027.jpg,False,False,True,False,False,1,3
2efbac12d.jpg,False,False,False,False,True,0,none
2efdba8cd.jpg,False,False,True,False,False,1,3
2eff528e8.jpg,False,False,True,False,False,1,3
2f03dc294.jpg,False,False,False,False,True,0,none
2f06514ea.jpg,False,False,True,False,False,1,3
2f08f1780.jpg,False,False,False,False,True,0,none
2f0e00b02.jpg,False,False,False,False,True,0,none
2f2053eff.jpg,False,False,True,False,False,1,3
2f20a50ea.jpg,False,False,False,False,True,0,none
2f2afbcc4.jpg,False,False,False,False,True,0,none
2f2cd264e.jpg,False,False,False,False,True,0,none
2f3187c74.jpg,False,False,False,False,True,0,none
2f3277628.jpg,False,False,False,True,False,1,4
2f390008f.jpg,False,False,True,False,False,1,3
2f396fbee.jpg,False,False,False,False,True,0,none
2f3f663c0.jpg,False,False,False,False,True,0,none
2f473296b.jpg,False,False,False,False,True,0,none
2f48dbf0f.jpg,False,False,False,False,True,0,none
2f4bcb852.jpg,False,False,False,False,True,0,none
2f50cb21c.jpg,False,False,False,False,True,0,none
2f54e2c00.jpg,False,False,False,True,False,1,4
2f5690028.jpg,False,False,True,False,False,1,3
2f5bc2750.jpg,False,False,False,False,True,0,none
2f5d1e975.jpg,False,False,False,False,True,0,none
2f61b4688.jpg,False,False,False,False,True,0,none
2f62ab26c.jpg,False,False,False,False,True,0,none
2f67f4bdf.jpg,False,False,False,False,True,0,none
2f6858a91.jpg,False,False,True,False,False,1,3
2f69f62ae.jpg,False,False,True,False,False,1,3
2f6b7235e.jpg,False,False,True,False,False,1,3
2f6c4d0e7.jpg,True,False,False,False,False,1,1
2f6c8eab7.jpg,False,False,False,False,True,0,none
2f6fd7d87.jpg,False,False,True,False,False,1,3
2f7334d6f.jpg,False,False,True,False,False,1,3
2f81193e3.jpg,False,False,True,False,False,1,3
2f8559032.jpg,False,False,False,True,False,1,4
2f8a16cc3.jpg,False,False,False,False,True,0,none
2f8b63032.jpg,False,False,False,False,True,0,none
2f8cf11d3.jpg,False,False,True,False,False,1,3
2f9e0e905.jpg,False,False,False,False,True,0,none
2fa3a9f3e.jpg,False,False,True,False,False,1,3
2fa4df2ed.jpg,False,False,True,False,False,1,3
2fa87f2c8.jpg,False,False,False,False,True,0,none
2fa90e9dc.jpg,False,False,False,False,True,0,none
2fa996a4c.jpg,False,False,True,False,False,1,3
2fb37ce84.jpg,False,False,False,False,True,0,none
2fb473bb4.jpg,False,False,False,False,True,0,none
2fba73fa0.jpg,False,False,False,False,True,0,none
2fbdc1244.jpg,False,False,True,False,False,1,3
2fbe62c04.jpg,False,False,False,False,True,0,none
2fcd2c351.jpg,False,False,False,False,True,0,none
2fcfb108a.jpg,False,False,True,True,False,2,3+4
2fd206b23.jpg,False,False,False,False,True,0,none
2fdafaf26.jpg,False,False,False,False,True,0,none
2fdbd4394.jpg,False,False,False,False,True,0,none
2fdfeea2f.jpg,False,False,False,False,True,0,none
2fe09e89a.jpg,False,False,True,False,False,1,3
2fe5addf2.jpg,False,False,False,False,True,0,none
2fe9f78c9.jpg,False,False,True,False,False,1,3
2feb1a4a9.jpg,False,False,False,False,True,0,none
2feb3983d.jpg,False,False,False,False,True,0,none
2fff134c7.jpg,False,False,True,False,False,1,3
300433e9c.jpg,False,False,False,False,True,0,none
30070d59d.jpg,False,False,True,False,False,1,3
300a00766.jpg,False,False,True,False,False,1,3
300c525ff.jpg,False,False,True,False,False,1,3
301147683.jpg,False,False,False,False,True,0,none
3012f44e9.jpg,False,False,True,False,False,1,3
301601620.jpg,True,False,False,False,False,1,1
30171214c.jpg,False,False,True,False,False,1,3
301fc5e57.jpg,False,False,True,False,False,1,3
302a94862.jpg,False,False,False,False,True,0,none
3035a46b7.jpg,False,False,True,False,False,1,3
303613d84.jpg,False,False,False,False,True,0,none
303870f1b.jpg,False,False,False,False,True,0,none
303f1cb4c.jpg,False,False,False,False,True,0,none
303f25bee.jpg,False,False,False,True,False,1,4
304083ca3.jpg,False,False,False,True,False,1,4
3041d63ba.jpg,False,False,True,False,False,1,3
3046d724c.jpg,False,False,False,False,True,0,none
304c70aa5.jpg,False,False,False,False,True,0,none
3055bb5b8.jpg,False,False,True,False,False,1,3
3057569fa.jpg,False,False,False,False,True,0,none
306415665.jpg,False,False,True,False,False,1,3
306b1dbc1.jpg,False,False,True,False,False,1,3
3071e65a5.jpg,False,False,True,False,False,1,3
30799f11c.jpg,False,False,True,False,False,1,3
308803b04.jpg,False,False,False,False,True,0,none
3088a6a0d.jpg,False,True,False,False,False,1,2
308c978a7.jpg,False,False,True,False,False,1,3
308cc088e.jpg,True,False,False,False,False,1,1
308f2e562.jpg,False,False,False,True,False,1,4
309488202.jpg,True,False,False,False,False,1,1
30979541d.jpg,False,False,False,False,True,0,none
30a6a340c.jpg,False,True,False,False,False,1,2
30aad5362.jpg,False,False,False,False,True,0,none
30b516c73.jpg,False,False,False,False,True,0,none
30ba0b89a.jpg,False,False,True,False,False,1,3
30bb7b7a3.jpg,False,False,True,False,False,1,3
30c2d753f.jpg,False,False,True,False,False,1,3
30c3aa027.jpg,False,False,False,False,True,0,none
30c4c4c6e.jpg,False,False,False,False,True,0,none
30c53cda7.jpg,False,False,False,False,True,0,none
30c6257c6.jpg,False,False,False,False,True,0,none
30d00096d.jpg,False,False,True,False,False,1,3
30d75e19b.jpg,False,False,False,False,True,0,none
30e2ae8a6.jpg,False,False,True,False,False,1,3
30e863a30.jpg,False,False,True,False,False,1,3
30ed4ed02.jpg,False,False,False,True,False,1,4
30edb873c.jpg,False,False,False,False,True,0,none
30f5a0fae.jpg,False,False,False,False,True,0,none
30f6cb778.jpg,False,False,True,True,False,2,3+4
30fc6e17e.jpg,False,False,False,False,True,0,none
30fd94c0e.jpg,False,False,False,False,True,0,none
30ff9d12e.jpg,False,False,False,False,True,0,none
310c89662.jpg,False,False,False,False,True,0,none
310d141e6.jpg,False,False,False,False,True,0,none
310e86f1a.jpg,False,False,False,False,True,0,none
3116edfe6.jpg,False,False,True,False,False,1,3
31179375a.jpg,False,False,False,False,True,0,none
311a05f93.jpg,False,False,False,False,True,0,none
311edf4e4.jpg,True,False,False,False,False,1,1
311f6c34f.jpg,False,False,True,False,False,1,3
312224509.jpg,False,False,False,True,False,1,4
3124b1e5c.jpg,False,False,True,False,False,1,3
3125e8106.jpg,False,False,False,False,True,0,none
31262e8f9.jpg,False,False,True,False,False,1,3
312997347.jpg,False,False,False,False,True,0,none
312cbc2f8.jpg,False,False,False,False,True,0,none
313a8c602.jpg,False,False,False,False,True,0,none
313ae387c.jpg,False,False,False,False,True,0,none
313b9ba80.jpg,True,False,False,False,False,1,1
313c72ff8.jpg,False,False,True,False,False,1,3
314088824.jpg,False,False,False,False,True,0,none
31433d3b4.jpg,False,False,False,True,False,1,4
31450f104.jpg,False,False,False,False,True,0,none
314558b5d.jpg,False,False,False,False,True,0,none
3146ce8bb.jpg,False,False,False,False,True,0,none
3151a23ab.jpg,False,False,False,False,True,0,none
3153ea0ef.jpg,False,False,False,False,True,0,none
315405789.jpg,False,False,False,True,False,1,4
3155bc129.jpg,False,False,True,False,False,1,3
315767421.jpg,False,False,False,False,True,0,none
31579309c.jpg,False,False,True,False,False,1,3
3158e73b2.jpg,False,False,True,False,False,1,3
3159ee27a.jpg,False,False,True,False,False,1,3
3160151fd.jpg,False,False,False,False,True,0,none
316414f82.jpg,False,False,True,False,False,1,3
316cafa11.jpg,False,False,False,False,True,0,none
316f0236a.jpg,False,False,True,False,False,1,3
316f0cc50.jpg,False,False,True,False,False,1,3
31716f6ae.jpg,False,False,True,False,False,1,3
3186f3882.jpg,False,False,False,False,True,0,none
318921a5a.jpg,False,False,False,False,True,0,none
318ad28c6.jpg,False,False,False,False,True,0,none
318e41ccb.jpg,False,False,False,False,True,0,none
31960a851.jpg,False,False,False,False,True,0,none
31970c97b.jpg,False,False,False,False,True,0,none
31a1081e9.jpg,False,False,False,True,False,1,4
31a43a534.jpg,False,False,True,False,False,1,3
31a47584f.jpg,False,False,False,False,True,0,none
31acd60ad.jpg,False,False,True,False,False,1,3
31b2a69f4.jpg,False,False,False,False,True,0,none
31c047fae.jpg,False,False,False,False,True,0,none
31cf10f6e.jpg,False,False,True,False,False,1,3
31d4bf60d.jpg,False,False,False,False,True,0,none
31dbc2461.jpg,False,False,False,False,True,0,none
31deb6516.jpg,True,False,False,False,False,1,1
31dee4189.jpg,False,False,True,False,False,1,3
31e86cf3a.jpg,False,False,True,False,False,1,3
31eda6a87.jpg,False,False,True,False,False,1,3
31ef144f8.jpg,False,False,False,False,True,0,none
31f71b8a4.jpg,False,False,True,False,False,1,3
31fdbb560.jpg,False,False,False,True,False,1,4
320557243.jpg,True,False,False,False,False,1,1
3208877a7.jpg,False,False,False,False,True,0,none
321975fb3.jpg,False,False,True,False,False,1,3
321a6df3f.jpg,False,False,True,False,False,1,3
3221a0d79.jpg,True,False,False,False,False,1,1
3223ad6e6.jpg,False,False,False,False,True,0,none
323c5a20b.jpg,False,False,True,False,False,1,3
324a68581.jpg,False,False,False,False,True,0,none
3256b55d4.jpg,False,False,False,False,True,0,none
32578d3e5.jpg,False,False,True,False,False,1,3
325794217.jpg,False,False,False,False,True,0,none
325af1d38.jpg,False,False,False,False,True,0,none
3266ff34d.jpg,False,False,True,False,False,1,3
326d25e8c.jpg,False,False,True,False,False,1,3
326eadf51.jpg,False,False,False,False,True,0,none
326f2e4b7.jpg,False,False,True,False,False,1,3
32854e5bf.jpg,False,False,False,False,True,0,none
328c0fc75.jpg,False,False,True,False,False,1,3
329153502.jpg,False,False,False,False,True,0,none
3294c9bd1.jpg,True,False,True,False,False,2,1+3
329de935b.jpg,False,False,True,False,False,1,3
32a201cd2.jpg,False,False,False,False,True,0,none
32a6666a3.jpg,False,False,True,False,False,1,3
32add31cd.jpg,False,False,False,False,True,0,none
32afab66f.jpg,False,False,False,False,True,0,none
32b45e155.jpg,False,False,False,False,True,0,none
32b47f255.jpg,False,False,False,False,True,0,none
32b55fcf1.jpg,False,False,False,False,True,0,none
32dca5f32.jpg,False,False,True,False,False,1,3
32dfb96b8.jpg,False,False,False,False,True,0,none
32eca38d5.jpg,False,False,True,False,False,1,3
32ed255a4.jpg,False,False,True,False,False,1,3
32efbaf94.jpg,False,False,True,False,False,1,3
32f8b72ec.jpg,False,False,False,False,True,0,none
32fa68bed.jpg,False,False,True,False,False,1,3
331c4771c.jpg,False,False,False,False,True,0,none
33226811d.jpg,False,False,True,False,False,1,3
3325e2266.jpg,True,False,False,False,False,1,1
33274bc41.jpg,False,False,False,False,True,0,none
33279f0c5.jpg,False,False,False,False,True,0,none
3328c4bf9.jpg,False,False,True,False,False,1,3
3329a8a7a.jpg,False,False,False,False,True,0,none
332c2f40a.jpg,False,False,False,False,True,0,none
332e21cbc.jpg,False,True,False,False,False,1,2
33368929c.jpg,False,True,False,False,False,1,2
333832839.jpg,False,False,True,False,False,1,3
333f7b0e6.jpg,False,False,False,False,True,0,none
33468c501.jpg,False,False,False,False,True,0,none
334a77fc4.jpg,False,False,True,False,False,1,3
334ecf3c3.jpg,False,False,True,False,False,1,3
334f9e098.jpg,False,False,False,False,True,0,none
33514c0b1.jpg,False,False,True,False,False,1,3
335be17fa.jpg,False,False,True,False,False,1,3
3360184d3.jpg,False,False,False,False,True,0,none
33612b7f6.jpg,False,False,False,False,True,0,none
33653ce7d.jpg,False,False,False,False,True,0,none
33691f767.jpg,False,False,False,False,True,0,none
336f2abaa.jpg,False,False,False,False,True,0,none
33705a505.jpg,False,False,True,False,False,1,3
33754aa9b.jpg,False,False,True,False,False,1,3
3377332c0.jpg,False,False,True,False,False,1,3
337cd6723.jpg,False,False,False,False,True,0,none
3385f9e14.jpg,False,False,True,False,False,1,3
338d3b828.jpg,True,True,False,False,False,2,1+2
3392cacb5.jpg,False,False,False,False,True,0,none
33945043e.jpg,True,False,False,False,False,1,1
33a479d47.jpg,False,False,False,True,False,1,4
33a4b4335.jpg,False,False,True,False,False,1,3
33a63f8da.jpg,False,False,False,False,True,0,none
33a835109.jpg,False,False,False,False,True,0,none
33ab15385.jpg,False,False,True,False,False,1,3
33acf300d.jpg,False,False,True,False,False,1,3
33c961de1.jpg,False,False,True,False,False,1,3
33cba45f1.jpg,False,False,False,False,True,0,none
33cc4c0df.jpg,False,False,False,False,True,0,none
33d4fefac.jpg,False,False,True,False,False,1,3
33e32bbf2.jpg,True,False,False,False,False,1,1
33e7b3469.jpg,False,False,False,False,True,0,none
33efa5aa8.jpg,False,False,False,False,True,0,none
33f054f80.jpg,False,False,False,False,True,0,none
33f34b728.jpg,False,False,True,False,False,1,3
33f5cdc5e.jpg,False,False,False,True,False,1,4
33fd408c6.jpg,False,False,False,False,True,0,none
340364e5b.jpg,False,False,False,False,True,0,none
3405695b6.jpg,False,False,True,False,False,1,3
3410a74a8.jpg,False,False,False,False,True,0,none
3412f557e.jpg,False,False,True,False,False,1,3
34176656b.jpg,False,False,False,False,True,0,none
341952a36.jpg,False,False,False,False,True,0,none
3421407d5.jpg,False,False,False,False,True,0,none
34294601c.jpg,False,False,False,False,True,0,none
342a65f7b.jpg,False,False,True,True,False,2,3+4
34349ea9e.jpg,False,False,False,True,False,1,4
343bec579.jpg,False,False,False,False,True,0,none
343e101ee.jpg,False,False,True,False,False,1,3
344054b93.jpg,False,False,False,False,True,0,none
3452f2319.jpg,False,False,False,False,True,0,none
34561de46.jpg,False,False,True,False,False,1,3
345cf1dc3.jpg,False,False,True,False,False,1,3
3463eedaf.jpg,False,False,True,False,False,1,3
346458b63.jpg,False,False,False,False,True,0,none
346542b68.jpg,False,False,False,False,True,0,none
3467968c0.jpg,False,False,True,False,False,1,3
34796245f.jpg,False,False,False,False,True,0,none
347a6612a.jpg,False,False,False,False,True,0,none
348a12ffb.jpg,False,False,False,False,True,0,none
348bfe68e.jpg,False,False,False,False,True,0,none
34913b58d.jpg,True,False,False,False,False,1,1
349baa83f.jpg,False,False,True,False,False,1,3
349be04dc.jpg,True,False,False,False,False,1,1
34a5114d6.jpg,False,False,True,True,False,2,3+4
34a94858a.jpg,False,False,True,False,False,1,3
34ada39f2.jpg,False,False,False,False,True,0,none
34c77b57a.jpg,False,False,False,False,True,0,none
34d5479f3.jpg,False,False,True,False,False,1,3
34d55e849.jpg,False,False,False,False,True,0,none
34d73f3ad.jpg,True,False,True,False,False,2,1+3
34d7b963b.jpg,False,False,False,False,True,0,none
34dbb5229.jpg,False,False,False,False,True,0,none
34ded2e0e.jpg,False,False,False,False,True,0,none
34e1e9516.jpg,False,False,False,False,True,0,none
34e5be38b.jpg,False,False,False,False,True,0,none
34e9dd3fd.jpg,False,False,False,False,True,0,none
34ed22913.jpg,False,False,False,False,True,0,none
34ee04d85.jpg,False,False,True,False,False,1,3
34f8faf6d.jpg,False,False,True,False,False,1,3
34fa5d06c.jpg,False,False,False,False,True,0,none
34fb31821.jpg,False,False,False,False,True,0,none
34fc4e345.jpg,False,False,False,False,True,0,none
3503a107c.jpg,False,False,False,False,True,0,none
3505b6c74.jpg,False,False,False,False,True,0,none
3505dd9f3.jpg,False,False,True,False,False,1,3
351077c4c.jpg,False,False,False,False,True,0,none
351569b6a.jpg,False,False,True,False,False,1,3
351936382.jpg,False,False,True,False,False,1,3
352063998.jpg,True,False,False,False,False,1,1
3520eaa6d.jpg,False,False,True,False,False,1,3
3522dffe4.jpg,False,False,False,False,True,0,none
352305070.jpg,False,False,False,False,True,0,none
35248a277.jpg,False,False,True,False,False,1,3
35271f898.jpg,False,False,True,False,False,1,3
352774634.jpg,False,False,False,False,True,0,none
352c15e36.jpg,False,False,True,False,False,1,3
353aeef37.jpg,False,False,False,False,True,0,none
353e60eef.jpg,False,False,True,False,False,1,3
35451fe42.jpg,False,False,False,False,True,0,none
354760e3e.jpg,False,False,True,False,False,1,3
354aec599.jpg,False,False,False,False,True,0,none
354bf035a.jpg,False,False,False,True,False,1,4
354c2317a.jpg,False,False,False,False,True,0,none
35619a8ec.jpg,False,False,False,False,True,0,none
35665c5b9.jpg,False,False,True,False,False,1,3
3569610ca.jpg,False,False,False,False,True,0,none
356a85fab.jpg,False,False,False,False,True,0,none
356e7a71a.jpg,False,False,True,False,False,1,3
3571dc5a5.jpg,False,False,False,False,True,0,none
3573170d7.jpg,False,False,False,False,True,0,none
35737870a.jpg,False,False,False,False,True,0,none
3574a9211.jpg,False,False,False,False,True,0,none
357dee65a.jpg,False,False,True,False,False,1,3
3580d0438.jpg,False,False,False,False,True,0,none
358a4fc0c.jpg,False,False,False,False,True,0,none
358e87349.jpg,False,False,False,False,True,0,none
35928cedc.jpg,False,False,False,False,True,0,none
359442214.jpg,False,False,True,True,False,2,3+4
3598309b5.jpg,False,False,True,False,False,1,3
359d48b4b.jpg,False,False,False,False,True,0,none
359e3fb7c.jpg,False,False,True,False,False,1,3
35a8b85a8.jpg,False,False,False,True,False,1,4
35a9b77c6.jpg,False,False,False,True,False,1,4
35bcc10db.jpg,False,False,False,False,True,0,none
35c80b6f0.jpg,False,False,True,False,False,1,3
35c9a3bfc.jpg,False,False,False,False,True,0,none
35ce31284.jpg,False,False,True,False,False,1,3
35d142883.jpg,False,False,True,True,False,2,3+4
35d245aa8.jpg,False,False,False,False,True,0,none
35def034c.jpg,False,False,False,False,True,0,none
35e091132.jpg,False,False,False,False,True,0,none
35e0b450a.jpg,False,False,False,False,True,0,none
35e3e1f32.jpg,False,False,False,False,True,0,none
35f1de28e.jpg,False,False,False,False,True,0,none
35fdf5c15.jpg,False,False,True,False,False,1,3
36025df84.jpg,False,False,False,True,False,1,4
3604dfc38.jpg,False,False,True,False,False,1,3
3612b5c6b.jpg,False,False,False,False,True,0,none
3615bac54.jpg,False,False,False,False,True,0,none
3615f1d69.jpg,False,False,False,False,True,0,none
361f8df46.jpg,False,False,False,False,True,0,none
3622e19a4.jpg,False,False,False,False,True,0,none
362513350.jpg,False,False,False,False,True,0,none
362970934.jpg,False,False,False,False,True,0,none
362a1ae14.jpg,False,False,False,False,True,0,none
362b4c3d0.jpg,False,False,True,False,False,1,3
3634c260a.jpg,False,False,False,False,True,0,none
363519718.jpg,False,False,False,False,True,0,none
363cb0c44.jpg,False,False,False,False,True,0,none
363e841ad.jpg,False,False,True,False,False,1,3
363eb9fdc.jpg,False,False,True,False,False,1,3
3645f148f.jpg,False,False,False,False,True,0,none
364c83806.jpg,False,False,True,False,False,1,3
364e66340.jpg,False,False,False,False,True,0,none
3655ba8dc.jpg,False,False,False,False,True,0,none
366248602.jpg,False,False,False,False,True,0,none
36689bafd.jpg,False,False,False,False,True,0,none
3668d5804.jpg,False,False,False,False,True,0,none
366d37c62.jpg,False,False,False,False,True,0,none
3672ac3e3.jpg,False,False,False,False,True,0,none
3672e84bc.jpg,False,False,True,False,False,1,3
367553727.jpg,False,False,True,False,False,1,3
36778d414.jpg,False,False,False,False,True,0,none
36789516a.jpg,False,False,True,False,False,1,3
367f86e4b.jpg,False,False,False,False,True,0,none
3681a51f8.jpg,False,False,False,False,True,0,none
3683f2409.jpg,False,False,False,False,True,0,none
3684a95a8.jpg,False,False,True,False,False,1,3
3688df8e4.jpg,False,False,True,False,False,1,3
36979a804.jpg,True,False,False,False,False,1,1
369a359a7.jpg,False,False,False,False,True,0,none
369ac4b0a.jpg,False,False,False,True,False,1,4
36a3259fa.jpg,False,False,True,False,False,1,3
36a39e435.jpg,False,False,False,True,False,1,4
36a630d2a.jpg,False,False,False,False,True,0,none
36a689ebf.jpg,False,False,True,False,False,1,3
36a804181.jpg,False,False,True,False,False,1,3
36b8651aa.jpg,False,False,True,False,False,1,3
36bd8f2a7.jpg,False,False,False,False,True,0,none
36bf3ef01.jpg,False,False,False,False,True,0,none
36c07efbe.jpg,False,False,True,False,False,1,3
36cd2cde0.jpg,False,False,True,False,False,1,3
36da02b55.jpg,False,False,False,False,True,0,none
36e512a45.jpg,True,False,False,False,False,1,1
36ea9270d.jpg,False,False,True,False,False,1,3
36ee3149e.jpg,False,False,False,True,False,1,4
36fef304b.jpg,False,False,False,False,True,0,none
37009c774.jpg,False,False,True,False,False,1,3
3704cdfd6.jpg,True,False,False,False,False,1,1
370b998e7.jpg,False,False,True,False,False,1,3
3711a5456.jpg,False,False,False,True,False,1,4
3711ecc93.jpg,False,False,True,False,False,1,3
372862fde.jpg,False,False,False,False,True,0,none
372bfd346.jpg,False,False,False,False,True,0,none
37333b84a.jpg,False,False,True,False,False,1,3
3738d1881.jpg,False,False,True,False,False,1,3
373c6898f.jpg,False,False,True,False,False,1,3
373daa632.jpg,False,False,True,False,False,1,3
373ebde8b.jpg,True,False,False,False,False,1,1
3740a6dd1.jpg,False,False,True,False,False,1,3
374493292.jpg,False,False,False,True,False,1,4
374a718ca.jpg,False,False,False,False,True,0,none
374d9c63f.jpg,False,False,False,True,False,1,4
374def89b.jpg,False,False,False,False,True,0,none
375260eb6.jpg,False,False,False,False,True,0,none
375a5eb85.jpg,False,False,False,False,True,0,none
376504c33.jpg,False,False,False,False,True,0,none
376d2291e.jpg,False,False,True,False,False,1,3
376f54c5f.jpg,False,False,False,False,True,0,none
37715d87e.jpg,False,False,False,False,True,0,none
3773d544e.jpg,False,False,False,False,True,0,none
37782387c.jpg,False,False,True,False,False,1,3
377bb3c23.jpg,False,False,True,False,False,1,3
377ff90ad.jpg,False,False,True,False,False,1,3
378426794.jpg,False,False,False,False,True,0,none
37926dcdc.jpg,False,False,False,False,True,0,none
379e98755.jpg,False,False,True,False,False,1,3
37ab3a83a.jpg,False,False,False,False,True,0,none
37acd89d2.jpg,False,False,True,False,False,1,3
37b33eda3.jpg,False,False,False,False,True,0,none
37bbabd7a.jpg,False,False,False,False,True,0,none
37bc122bd.jpg,False,False,True,False,False,1,3
37c100270.jpg,False,False,False,False,True,0,none
37c13cf96.jpg,False,False,False,False,True,0,none
37cd2eba2.jpg,False,False,False,False,True,0,none
37ced4e1d.jpg,False,False,False,False,True,0,none
37d1f8b36.jpg,False,False,False,True,False,1,4
37d48f05d.jpg,True,False,False,False,False,1,1
37da29373.jpg,False,False,True,False,False,1,3
37df5752a.jpg,True,False,False,False,False,1,1
37e017985.jpg,False,False,False,False,True,0,none
37e15649e.jpg,False,False,False,False,True,0,none
37e20749d.jpg,False,False,False,False,True,0,none
37e464678.jpg,False,False,False,False,True,0,none
37e7f9554.jpg,False,False,True,False,False,1,3
37ea06e86.jpg,False,False,False,True,False,1,4
37f331c96.jpg,False,False,True,False,False,1,3
37f4c573f.jpg,False,False,True,False,False,1,3
37f4e9602.jpg,False,False,True,False,False,1,3
37f534b5d.jpg,False,False,False,False,True,0,none
37f6b9fe0.jpg,False,False,False,False,True,0,none
380c01646.jpg,True,False,False,False,False,1,1
380e3ba93.jpg,True,False,False,False,False,1,1
382b517ee.jpg,False,False,True,False,False,1,3
382dc8f4b.jpg,False,False,False,False,True,0,none
383793f65.jpg,False,False,False,False,True,0,none
383d5f225.jpg,False,False,True,False,False,1,3
3846a8c0c.jpg,False,False,True,False,False,1,3
3847cd5a0.jpg,False,False,False,False,True,0,none
384e76325.jpg,False,False,False,False,True,0,none
384f7f848.jpg,False,False,True,False,False,1,3
385295005.jpg,False,False,False,False,True,0,none
3856224a4.jpg,False,False,True,False,False,1,3
385db4482.jpg,False,False,False,False,True,0,none
385e1970e.jpg,False,False,True,False,False,1,3
385f291af.jpg,False,False,False,False,True,0,none
385f6dc61.jpg,False,False,True,False,False,1,3
3860f3d39.jpg,False,False,False,True,False,1,4
38698fd76.jpg,False,False,True,False,False,1,3
386a3b711.jpg,False,False,False,False,True,0,none
386e34822.jpg,False,False,False,False,True,0,none
386ee8a22.jpg,False,False,False,False,True,0,none
38760254d.jpg,False,False,True,False,False,1,3
3878f6da4.jpg,False,False,False,False,True,0,none
387b30006.jpg,False,False,True,False,False,1,3
387deae63.jpg,False,False,False,False,True,0,none
3887e646f.jpg,False,False,False,False,True,0,none
3888ec2cd.jpg,True,False,False,False,False,1,1
388de9263.jpg,False,False,False,False,True,0,none
388e36308.jpg,False,False,True,False,False,1,3
38a1d7aab.jpg,False,False,False,True,False,1,4
38a63550b.jpg,False,False,False,True,False,1,4
38a8d41da.jpg,False,False,False,False,True,0,none
38aeffe92.jpg,True,False,False,False,False,1,1
38b513f44.jpg,False,False,True,False,False,1,3
38b921939.jpg,False,False,True,True,False,2,3+4
38bca093c.jpg,False,False,False,True,False,1,4
38c25b61a.jpg,False,True,False,False,False,1,2
38c4ddebd.jpg,False,False,False,False,True,0,none
38c61fdee.jpg,False,False,True,True,False,2,3+4
38d6c1e96.jpg,False,False,False,False,True,0,none
38e697d3f.jpg,False,False,False,False,True,0,none
38f4e6d5a.jpg,False,False,True,False,False,1,3
38f68bc1c.jpg,False,False,False,False,True,0,none
38f7b097e.jpg,False,False,True,False,False,1,3
38fc3c6f5.jpg,False,False,False,False,True,0,none
390e9ea29.jpg,False,False,True,False,False,1,3
391b766d3.jpg,False,False,True,False,False,1,3
391d01045.jpg,False,False,False,False,True,0,none
39233a360.jpg,False,False,False,False,True,0,none
3926a44c9.jpg,False,False,False,False,True,0,none
39280f44b.jpg,False,False,False,False,True,0,none
3932751f1.jpg,False,False,False,True,False,1,4
3933a5fcc.jpg,False,False,False,True,False,1,4
393fc7f36.jpg,False,False,False,False,True,0,none
394852be1.jpg,False,False,False,False,True,0,none
394c73130.jpg,False,False,False,False,True,0,none
394d81391.jpg,False,False,False,False,True,0,none
394edb848.jpg,False,False,True,False,False,1,3
3951631a7.jpg,False,False,False,False,True,0,none
395381ac8.jpg,False,False,True,False,False,1,3
395e96be9.jpg,False,False,True,False,False,1,3
3964357cd.jpg,False,False,False,True,False,1,4
3965fd210.jpg,False,False,False,False,True,0,none
396851647.jpg,False,False,False,False,True,0,none
397221566.jpg,False,False,True,False,False,1,3
3974a2a75.jpg,False,False,True,False,False,1,3
3977fffae.jpg,False,False,False,False,True,0,none
3979d10ac.jpg,False,False,True,False,False,1,3
397bdbbf6.jpg,False,False,True,False,False,1,3
397c6e139.jpg,False,False,True,False,False,1,3
398436da1.jpg,False,False,False,False,True,0,none
3986e38ad.jpg,False,False,False,False,True,0,none
398a5b6a9.jpg,False,False,True,False,False,1,3
398bf3c20.jpg,False,False,True,False,False,1,3
398ea43ed.jpg,False,False,True,False,False,1,3
398ecb719.jpg,False,False,True,False,False,1,3
398ff41cf.jpg,False,False,True,False,False,1,3
39960c9e9.jpg,False,False,False,True,False,1,4
3996e2b5c.jpg,False,False,False,False,True,0,none
399aa794e.jpg,False,False,False,False,True,0,none
39ac947b9.jpg,False,False,False,False,True,0,none
39ae1a183.jpg,False,False,False,True,False,1,4
39b187684.jpg,False,False,False,False,True,0,none
39b234809.jpg,False,False,False,False,True,0,none
39b24ba40.jpg,False,False,False,False,True,0,none
39b2dbb9b.jpg,False,False,True,False,False,1,3
39b364beb.jpg,False,False,False,False,True,0,none
39b6f2376.jpg,True,False,False,False,False,1,1
39b8cb37a.jpg,False,False,False,True,False,1,4
39bec5e5e.jpg,True,False,False,False,False,1,1
39c094b3d.jpg,True,False,True,False,False,2,1+3
39d07881e.jpg,False,False,True,False,False,1,3
39deb3067.jpg,False,False,False,False,True,0,none
39e365d3b.jpg,False,False,True,False,False,1,3
39e4216eb.jpg,False,False,True,False,False,1,3
39eae7a92.jpg,False,False,False,False,True,0,none
39fe944cc.jpg,False,False,False,False,True,0,none
3a03385b5.jpg,False,False,True,False,False,1,3
3a0a9a167.jpg,True,False,False,False,False,1,1
3a0dd769b.jpg,False,False,False,False,True,0,none
3a0e5cad8.jpg,False,False,True,False,False,1,3
3a0f17afd.jpg,True,False,False,False,False,1,1
3a1355089.jpg,False,False,False,False,True,0,none
3a14b011a.jpg,False,False,True,False,False,1,3
3a151c842.jpg,False,False,False,False,True,0,none
3a153274d.jpg,True,False,False,False,False,1,1
3a1f4741e.jpg,False,False,False,False,True,0,none
3a222ca8a.jpg,False,False,True,False,False,1,3
3a27bc80a.jpg,False,False,False,False,True,0,none
3a2f71136.jpg,False,False,True,False,False,1,3
3a33a149c.jpg,False,False,False,False,True,0,none
3a39aed30.jpg,False,False,False,False,True,0,none
3a432ebe9.jpg,False,False,False,False,True,0,none
3a43adb32.jpg,False,False,True,False,False,1,3
3a4a2014a.jpg,False,False,False,False,True,0,none
3a4edbde9.jpg,True,False,False,False,False,1,1
3a4f825e7.jpg,False,False,True,False,False,1,3
3a5246d98.jpg,False,False,True,False,False,1,3
3a53d95f3.jpg,False,False,True,False,False,1,3
3a6009a82.jpg,False,False,False,False,True,0,none
3a619ce77.jpg,False,False,False,False,True,0,none
3a61a6135.jpg,False,False,False,False,True,0,none
3a66177ea.jpg,False,False,True,False,False,1,3
3a6a4078f.jpg,False,False,True,False,False,1,3
3a773f5e3.jpg,False,False,True,False,False,1,3
3a783fae3.jpg,False,False,False,False,True,0,none
3a7d9b5c1.jpg,False,True,False,False,False,1,2
3a7eee423.jpg,False,False,True,False,False,1,3
3a7f1857b.jpg,False,False,False,False,True,0,none
3a8c4efe7.jpg,False,False,False,False,True,0,none
3a8d0b7ba.jpg,True,False,False,False,False,1,1
3a96940c6.jpg,True,False,False,False,False,1,1
3a98c37b5.jpg,False,False,False,False,True,0,none
3a98df6da.jpg,False,False,False,False,True,0,none
3a9967d61.jpg,False,False,False,False,True,0,none
3a9bcbdbf.jpg,False,False,False,True,False,1,4
3aaaf3e64.jpg,False,False,True,False,False,1,3
3ab1a7324.jpg,True,False,False,False,False,1,1
3ab4ca44c.jpg,False,False,True,False,False,1,3
3abba0c59.jpg,False,False,True,False,False,1,3
3abc94d79.jpg,False,False,True,False,False,1,3
3ac0eed4b.jpg,False,False,False,False,True,0,none
3ac0f7ad1.jpg,False,False,True,False,False,1,3
3ac71c924.jpg,False,False,True,False,False,1,3
3ace653be.jpg,True,False,False,False,False,1,1
3ace682cf.jpg,False,False,True,False,False,1,3
3ad134b40.jpg,True,True,False,False,False,2,1+2
3adb7c36d.jpg,False,False,True,False,False,1,3
3ade75b6e.jpg,False,False,True,False,False,1,3
3ae2aba5e.jpg,False,False,True,False,False,1,3
3ae2f43e5.jpg,False,False,True,False,False,1,3
3ae54304e.jpg,False,False,False,False,True,0,none
3ae560b21.jpg,False,False,False,False,True,0,none
3ae7bb8eb.jpg,False,False,False,False,True,0,none
3ae9dc676.jpg,False,False,False,False,True,0,none
3af1c4aca.jpg,False,False,True,False,False,1,3
3af515180.jpg,False,False,True,False,False,1,3
3af8d2d69.jpg,False,False,False,False,True,0,none
3af904b99.jpg,False,False,True,False,False,1,3
3afb8f1bc.jpg,False,False,True,False,False,1,3
3b03d80ea.jpg,False,False,False,False,True,0,none
3b041fff2.jpg,False,False,False,False,True,0,none
3b08fb5ce.jpg,False,False,False,False,True,0,none
3b0fc5e05.jpg,False,False,False,False,True,0,none
3b1479719.jpg,False,False,True,False,False,1,3
3b1590277.jpg,False,False,False,False,True,0,none
3b168b16e.jpg,False,False,False,False,True,0,none
3b1d31523.jpg,False,False,False,False,True,0,none
3b1d69c21.jpg,False,False,False,False,True,0,none
3b26ddea1.jpg,False,False,False,False,True,0,none
3b290fa47.jpg,False,False,False,False,True,0,none
3b2ad5e0b.jpg,False,False,False,False,True,0,none
3b2b465b0.jpg,False,False,False,False,True,0,none
3b2b910c7.jpg,False,False,True,False,False,1,3
3b2c27c87.jpg,False,False,False,False,True,0,none
3b2f9b14d.jpg,False,False,True,False,False,1,3
3b35a1f8e.jpg,False,False,False,True,False,1,4
3b3cdf141.jpg,False,False,False,False,True,0,none
3b3d169bb.jpg,False,False,False,False,True,0,none
3b3daeb1b.jpg,False,False,False,False,True,0,none
3b3df8749.jpg,False,False,True,False,False,1,3
3b42727ff.jpg,False,False,True,False,False,1,3
3b4749f2c.jpg,False,False,False,False,True,0,none
3b48b3bd4.jpg,False,False,False,False,True,0,none
3b4c484d0.jpg,False,False,True,False,False,1,3
3b4c8b9a4.jpg,False,False,True,True,False,2,3+4
3b55c8cd1.jpg,False,False,False,False,True,0,none
3b58d7324.jpg,True,False,False,False,False,1,1
3b657666a.jpg,False,False,False,False,True,0,none
3b6d18d10.jpg,False,False,True,False,False,1,3
3b6f87aed.jpg,False,False,True,False,False,1,3
3b7ef7095.jpg,False,False,False,False,True,0,none
3b8754337.jpg,False,False,False,False,True,0,none
3b8d1d356.jpg,False,False,True,True,False,2,3+4
3b9264f5c.jpg,False,False,False,False,True,0,none
3b936b2b9.jpg,False,False,True,False,False,1,3
3b9a3ae3b.jpg,False,False,True,False,False,1,3
3b9f52504.jpg,False,False,False,False,True,0,none
3ba5b066f.jpg,False,False,True,False,False,1,3
3ba673afd.jpg,True,False,False,False,False,1,1
3bb64f5cc.jpg,False,False,False,False,True,0,none
3bbab6db6.jpg,False,False,True,False,False,1,3
3bbc6a08c.jpg,False,False,False,False,True,0,none
3bc4693c1.jpg,False,False,False,False,True,0,none
3bc6785b9.jpg,False,False,False,False,True,0,none
3bc8e7028.jpg,False,False,True,False,False,1,3
3bcf2cde9.jpg,False,False,False,False,True,0,none
3bd0fd84d.jpg,False,False,True,False,False,1,3
3bd3c2a95.jpg,False,False,False,False,True,0,none
3bd3e2934.jpg,False,False,False,False,True,0,none
3bd3ed1d6.jpg,False,False,False,False,True,0,none
3bd7705a9.jpg,False,False,False,False,True,0,none
3bda81a0b.jpg,False,False,False,False,True,0,none
3bde297da.jpg,False,False,True,False,False,1,3
3bea66fac.jpg,False,False,True,False,False,1,3
3beb63791.jpg,True,False,False,False,False,1,1
3bfb7e218.jpg,False,False,False,False,True,0,none
3bff9e63a.jpg,False,False,False,False,True,0,none
3c08b8734.jpg,False,False,False,False,True,0,none
3c0a7290f.jpg,False,False,False,False,True,0,none
3c0b48018.jpg,False,False,False,False,True,0,none
3c0b4c0b0.jpg,False,False,False,False,True,0,none
3c0c5f80a.jpg,False,False,False,False,True,0,none
3c10eb7fa.jpg,False,False,False,False,True,0,none
3c1cce9af.jpg,False,False,True,False,False,1,3
3c1f834dd.jpg,False,False,False,False,True,0,none
3c247ad54.jpg,False,False,False,True,False,1,4
3c2544a04.jpg,False,False,False,False,True,0,none
3c30d891e.jpg,False,False,True,False,False,1,3
3c456ebb8.jpg,False,False,True,False,False,1,3
3c4a1b57f.jpg,False,False,True,False,False,1,3
3c4ad030c.jpg,True,False,False,False,False,1,1
3c4cc1168.jpg,False,False,True,False,False,1,3
3c4d16b17.jpg,False,False,True,False,False,1,3
3c4d1ec4a.jpg,False,False,False,False,True,0,none
3c4f32f77.jpg,False,False,True,False,False,1,3
3c5941d72.jpg,False,False,True,False,False,1,3
3c5e34bfa.jpg,False,False,True,False,False,1,3
3c5ff1a83.jpg,False,False,False,False,True,0,none
3c684f93f.jpg,False,False,False,False,True,0,none
3c6c3dbf1.jpg,False,False,False,False,True,0,none
3c79d2e28.jpg,False,False,True,False,False,1,3
3c7a4b9bf.jpg,False,False,False,False,True,0,none
3c7e032fc.jpg,False,False,True,False,False,1,3
3c8026901.jpg,False,False,False,False,True,0,none
3c8312241.jpg,False,False,True,True,False,2,3+4
3c8b6c978.jpg,False,False,True,False,False,1,3
3c9b7b316.jpg,False,False,True,False,False,1,3
3c9c4454b.jpg,False,False,True,False,False,1,3
3c9ce987e.jpg,False,False,False,False,True,0,none
3ca2ba71b.jpg,False,False,True,True,False,2,3+4
3ca655ceb.jpg,False,False,True,False,False,1,3
3ca970143.jpg,False,False,True,False,False,1,3
3cafcfd96.jpg,False,False,True,False,False,1,3
3cb1c14c8.jpg,False,False,True,False,False,1,3
3cc111ab7.jpg,False,False,False,False,True,0,none
3cc9afa80.jpg,False,False,False,False,True,0,none
3ce4ece71.jpg,False,False,True,False,False,1,3
3ce7fca69.jpg,False,False,False,False,True,0,none
3ceb53d44.jpg,False,False,False,False,True,0,none
3cfa559c3.jpg,False,False,True,False,False,1,3
3cfe319b3.jpg,False,False,False,False,True,0,none
3cfebb540.jpg,False,False,False,False,True,0,none
3cff791b3.jpg,False,False,True,False,False,1,3
3cffb1206.jpg,False,False,True,False,False,1,3
3d0fc6499.jpg,False,False,True,False,False,1,3
3d161a849.jpg,False,False,True,False,False,1,3
3d1877bdd.jpg,False,False,False,False,True,0,none
3d1ad610d.jpg,False,False,False,False,True,0,none
3d25c4bad.jpg,False,False,True,False,False,1,3
3d2df482c.jpg,False,False,True,False,False,1,3
3d40be6af.jpg,False,False,True,False,False,1,3
3d41a0034.jpg,False,False,False,False,True,0,none
3d42a49b2.jpg,False,False,False,False,True,0,none
3d4ac6276.jpg,False,False,True,False,False,1,3
3d5066f6d.jpg,False,False,False,True,False,1,4
3d559892c.jpg,False,False,True,False,False,1,3
3d577cf47.jpg,False,False,False,False,True,0,none
3d63dd538.jpg,False,False,False,False,True,0,none
3d64d8da1.jpg,False,False,False,False,True,0,none
3d65402c6.jpg,False,False,False,False,True,0,none
3d6ddd339.jpg,False,False,False,False,True,0,none
3d6fc6cb2.jpg,False,False,False,False,True,0,none
3d7643d80.jpg,False,False,False,False,True,0,none
3d7d0609f.jpg,False,False,False,False,True,0,none
3d8f3ef8c.jpg,False,False,False,False,True,0,none
3d9a1cd10.jpg,False,False,False,False,True,0,none
3da2c3982.jpg,True,False,False,False,False,1,1
3da31ea30.jpg,False,False,True,False,False,1,3
3da46ef9a.jpg,False,False,True,False,False,1,3
3da8dae0b.jpg,False,False,True,False,False,1,3
3dafe7660.jpg,False,False,False,False,True,0,none
3db3f1807.jpg,False,False,False,False,True,0,none
3dbbb330a.jpg,False,False,True,False,False,1,3
3dc486601.jpg,False,False,False,False,True,0,none
3dccdd6a0.jpg,False,False,False,False,True,0,none
3dd12eaf0.jpg,False,False,False,False,True,0,none
3dde7f79a.jpg,False,False,False,False,True,0,none
3de1a29d8.jpg,False,False,True,False,False,1,3
3de8f5d88.jpg,False,False,True,False,False,1,3
3dea8ca2e.jpg,False,False,False,False,True,0,none
3df0aec51.jpg,False,False,False,False,True,0,none
3df2a0383.jpg,True,True,False,False,False,2,1+2
3df5661f0.jpg,False,False,False,False,True,0,none
3dffc3010.jpg,False,False,True,False,False,1,3
3e150b43f.jpg,False,False,False,False,True,0,none
3e185a3fe.jpg,False,False,True,False,False,1,3
3e1a0403b.jpg,False,False,False,False,True,0,none
3e1ed281b.jpg,False,False,True,False,False,1,3
3e1f5caa8.jpg,False,False,False,True,False,1,4
3e22efa89.jpg,False,False,True,False,False,1,3
3e2c33124.jpg,False,False,True,False,False,1,3
3e3aa2898.jpg,False,False,False,False,True,0,none
3e3d92e7e.jpg,False,False,True,False,False,1,3
3e3f8a077.jpg,False,False,True,False,False,1,3
3e3fcff77.jpg,False,False,False,False,True,0,none
3e430c661.jpg,False,False,False,False,True,0,none
3e519e65d.jpg,False,False,False,True,False,1,4
3e59e0f17.jpg,False,False,True,False,False,1,3
3e63fb99b.jpg,False,False,True,False,False,1,3
3e6848e8d.jpg,False,False,False,False,True,0,none
3e6c4442f.jpg,False,False,False,False,True,0,none
3e6f0aa57.jpg,False,False,False,False,True,0,none
3e70d064f.jpg,False,False,True,False,False,1,3
3e7d00bf4.jpg,False,False,False,False,True,0,none
3e8e9acc6.jpg,False,False,False,False,True,0,none
3e8ec270d.jpg,False,False,False,False,True,0,none
3e9581ec3.jpg,False,False,False,False,True,0,none
3e9882356.jpg,False,False,False,False,True,0,none
3e99e6df3.jpg,False,False,False,False,True,0,none
3ea50a9bc.jpg,False,False,False,False,True,0,none
3ead6a6bf.jpg,False,False,True,False,False,1,3
3eae81bc8.jpg,False,False,True,False,False,1,3
3ebc6a9a6.jpg,False,False,False,False,True,0,none
3ec7019e2.jpg,False,False,True,False,False,1,3
3ecde7d24.jpg,False,False,False,False,True,0,none
3ecf33095.jpg,False,False,True,False,False,1,3
3ecff5d55.jpg,True,False,False,False,False,1,1
3ed57948d.jpg,False,False,False,False,True,0,none
3ee680a42.jpg,False,False,True,False,False,1,3
3ee9a7e10.jpg,False,False,False,False,True,0,none
3eec62abe.jpg,False,False,False,True,False,1,4
3ef6709c7.jpg,False,False,False,False,True,0,none
3ef68aafe.jpg,False,False,False,False,True,0,none
3ef88408b.jpg,False,False,False,False,True,0,none
3eff5782b.jpg,False,False,False,False,True,0,none
3f0b1c635.jpg,False,False,False,True,False,1,4
3f0cb41b9.jpg,False,False,False,False,True,0,none
3f2610dfe.jpg,False,False,False,False,True,0,none
3f272083c.jpg,False,False,True,False,False,1,3
3f2a7867c.jpg,False,False,True,False,False,1,3
3f2c10b29.jpg,False,False,False,False,True,0,none
3f36e2d85.jpg,True,False,False,False,False,1,1
3f39b85b9.jpg,False,False,True,False,False,1,3
3f3b0ba51.jpg,False,False,False,True,False,1,4
3f3c1170e.jpg,False,False,True,False,False,1,3
3f3ddfea8.jpg,False,False,True,False,False,1,3
3f400c81f.jpg,False,False,False,False,True,0,none
3f4274dfc.jpg,False,False,False,False,True,0,none
3f46ed8d5.jpg,False,False,False,False,True,0,none
3f4cb099f.jpg,False,False,False,False,True,0,none
3f536622f.jpg,False,True,False,False,False,1,2
3f588b2c6.jpg,False,False,False,False,True,0,none
3f6719446.jpg,False,False,False,False,True,0,none
3f6b0b63a.jpg,False,False,False,False,True,0,none
3f7e10763.jpg,False,False,True,False,False,1,3
3f92145f5.jpg,False,False,True,False,False,1,3
3fa9e021e.jpg,False,False,False,False,True,0,none
3fb1d9448.jpg,False,False,False,True,False,1,4
3fb68881e.jpg,False,False,True,False,False,1,3
3fb78d513.jpg,False,False,True,False,False,1,3
3fcad5fbe.jpg,False,False,False,False,True,0,none
3fcd061fc.jpg,True,True,False,False,False,2,1+2
3fd0abc7e.jpg,False,False,False,False,True,0,none
3fd678c06.jpg,False,False,True,False,False,1,3
3fdbbf305.jpg,False,False,True,False,False,1,3
3fdc767bf.jpg,False,False,False,False,True,0,none
3fdc95c42.jpg,True,False,False,False,False,1,1
3fde06814.jpg,False,False,False,False,True,0,none
3fe32ff2f.jpg,False,True,False,False,False,1,2
3fe5ce55e.jpg,False,False,False,False,True,0,none
3fea4633e.jpg,False,False,False,True,False,1,4
3feed5ab3.jpg,False,False,False,False,True,0,none
3ff6971a7.jpg,False,False,False,False,True,0,none
3ff8946e0.jpg,False,False,True,False,False,1,3
3ff9adb9d.jpg,False,False,True,False,False,1,3
3ffa37e37.jpg,False,False,True,True,False,2,3+4
400144782.jpg,False,False,True,False,False,1,3
400161088.jpg,False,False,True,False,False,1,3
400372ad3.jpg,False,False,False,False,True,0,none
400eedff4.jpg,False,False,True,False,False,1,3
4014c79d3.jpg,False,False,True,False,False,1,3
4014d6f31.jpg,False,False,True,False,False,1,3
401614c72.jpg,False,False,True,False,False,1,3
4018384ba.jpg,False,False,False,False,True,0,none
401de199f.jpg,False,False,True,False,False,1,3
402208ee2.jpg,False,False,False,False,True,0,none
4029fea8e.jpg,True,False,False,False,False,1,1
402c5369d.jpg,False,False,True,False,False,1,3
402e39bda.jpg,False,False,False,False,True,0,none
402e76b04.jpg,False,False,False,False,True,0,none
402ed4424.jpg,False,False,False,False,True,0,none
402fd7af3.jpg,False,False,False,False,True,0,none
403311106.jpg,False,False,False,False,True,0,none
403a0cb2e.jpg,False,False,True,False,False,1,3
404259a55.jpg,False,False,True,False,False,1,3
40466495a.jpg,False,False,False,True,False,1,4
404895f19.jpg,False,False,False,False,True,0,none
404a89d7b.jpg,False,False,False,False,True,0,none
4051b9a59.jpg,False,False,False,False,True,0,none
40547228a.jpg,False,False,False,False,True,0,none
405507351.jpg,False,False,True,False,False,1,3
405a1bf06.jpg,False,False,False,False,True,0,none
405f55b63.jpg,False,False,False,False,True,0,none
4072c3bb5.jpg,False,False,True,False,False,1,3
40889ddf9.jpg,False,False,True,False,False,1,3
409084145.jpg,False,False,False,False,True,0,none
40941039b.jpg,False,False,False,False,True,0,none
409453bc7.jpg,False,False,True,False,False,1,3
409502827.jpg,False,False,True,False,False,1,3
40995d2e2.jpg,False,False,False,False,True,0,none
409adafbe.jpg,False,False,True,False,False,1,3
409dc8edf.jpg,False,False,False,False,True,0,none
409ebd086.jpg,False,False,True,False,False,1,3
40a915a4b.jpg,False,False,False,False,True,0,none
40aae2e57.jpg,False,False,True,False,False,1,3
40ab005e7.jpg,False,False,True,False,False,1,3
40ada6a67.jpg,False,False,False,False,True,0,none
40b68e3bb.jpg,False,False,True,False,False,1,3
40b724998.jpg,False,False,True,False,False,1,3
40b90abe8.jpg,False,False,True,False,False,1,3
40bd1a5f1.jpg,False,False,True,False,False,1,3
40c16ae94.jpg,False,False,False,False,True,0,none
40c3e418e.jpg,False,False,False,False,True,0,none
40c6fac5a.jpg,False,False,True,False,False,1,3
40d766da8.jpg,False,False,False,True,False,1,4
40da1d1ad.jpg,False,False,False,False,True,0,none
40e52c68b.jpg,False,False,True,False,False,1,3
40f56ca26.jpg,False,False,False,True,False,1,4
40fae5d9e.jpg,False,False,False,False,True,0,none
410194f0a.jpg,False,False,True,True,False,2,3+4
41028db98.jpg,False,False,True,False,False,1,3
411377ca3.jpg,False,False,True,False,False,1,3
411da8f3b.jpg,False,False,False,False,True,0,none
412061b78.jpg,False,False,False,False,True,0,none
412067256.jpg,False,False,False,False,True,0,none
412fe7f70.jpg,False,False,True,False,False,1,3
41333f13c.jpg,False,False,True,False,False,1,3
413a310c8.jpg,False,False,False,False,True,0,none
413bf04b0.jpg,False,False,True,False,False,1,3
41411378e.jpg,False,False,True,True,False,2,3+4
4145dcb6d.jpg,False,False,False,False,True,0,none
414b98504.jpg,False,False,False,False,True,0,none
414f0f6f9.jpg,False,False,True,False,False,1,3
415252307.jpg,False,False,True,False,False,1,3
4155f56f9.jpg,False,False,False,False,True,0,none
4157934a2.jpg,False,False,True,False,False,1,3
415dd1efd.jpg,False,False,True,False,False,1,3
41632c229.jpg,False,False,True,False,False,1,3
416b3a2a5.jpg,True,False,False,False,False,1,1
416dc5e75.jpg,False,False,False,True,False,1,4
416def597.jpg,True,False,False,False,False,1,1
41716714b.jpg,False,False,True,False,False,1,3
418e47222.jpg,False,False,True,False,False,1,3
4191fffd2.jpg,False,False,False,False,True,0,none
4192ac388.jpg,False,False,False,False,True,0,none
41977e060.jpg,False,False,True,False,False,1,3
419abb453.jpg,False,False,False,False,True,0,none
419dc2472.jpg,False,False,True,False,False,1,3
41a3062a9.jpg,False,False,False,False,True,0,none
41ab65e3f.jpg,False,False,False,False,True,0,none
41b122bb7.jpg,False,False,True,False,False,1,3
41bbe4edd.jpg,False,False,True,False,False,1,3
41c845aa9.jpg,False,False,False,False,True,0,none
41d7a39dc.jpg,False,False,True,False,False,1,3
41dbbca4f.jpg,False,False,False,False,True,0,none
41ddf91f7.jpg,False,False,False,False,True,0,none
41dedb89b.jpg,False,False,False,True,False,1,4
41e79c2f4.jpg,False,False,True,False,False,1,3
41ec6505f.jpg,False,False,True,False,False,1,3
41f03bd52.jpg,False,False,False,False,True,0,none
41f07df70.jpg,False,False,False,False,True,0,none
41f3899a5.jpg,False,True,False,False,False,1,2
41f5ea1f2.jpg,False,True,True,False,False,2,2+3
420472e7e.jpg,False,False,False,False,True,0,none
42087f902.jpg,False,False,True,False,False,1,3
4209917d1.jpg,False,False,False,False,True,0,none
420ba281d.jpg,True,False,False,False,False,1,1
4216b133c.jpg,True,False,False,False,False,1,1
421b31b75.jpg,False,False,False,False,True,0,none
421c3f368.jpg,False,False,True,False,False,1,3
421e48d36.jpg,False,False,False,False,True,0,none
422003263.jpg,False,False,False,False,True,0,none
4220ef6ea.jpg,False,False,False,False,True,0,none
4232b6b9a.jpg,False,False,False,False,True,0,none
42353cc21.jpg,False,False,True,False,False,1,3
42378d868.jpg,False,False,False,False,True,0,none
423caf51d.jpg,False,False,True,False,False,1,3
4243c7476.jpg,False,False,True,False,False,1,3
424fead8c.jpg,False,False,False,False,True,0,none
42527400c.jpg,False,False,True,True,False,2,3+4
42547e84d.jpg,False,False,False,False,True,0,none
4256aeb7b.jpg,False,False,False,False,True,0,none
426581acf.jpg,False,False,True,False,False,1,3
42695cb60.jpg,False,False,True,False,False,1,3
426a4b4b8.jpg,False,False,False,False,True,0,none
427085ef4.jpg,False,False,True,False,False,1,3
427c8b179.jpg,False,False,False,False,True,0,none
4281f5d71.jpg,False,False,False,False,True,0,none
428586f79.jpg,True,False,False,False,False,1,1
42877dc1a.jpg,False,False,True,True,False,2,3+4
428ebe246.jpg,False,False,True,False,False,1,3
428f061fd.jpg,False,False,False,False,True,0,none
42935bb3a.jpg,True,False,False,False,False,1,1
429650b38.jpg,False,False,True,False,False,1,3
429782c75.jpg,False,False,True,False,False,1,3
429951ca7.jpg,False,False,True,False,False,1,3
42996bbcf.jpg,False,False,True,False,False,1,3
429cbaa59.jpg,False,False,False,False,True,0,none
42af54b00.jpg,False,False,True,False,False,1,3
42b08e994.jpg,False,False,False,False,True,0,none
42b398dcf.jpg,True,False,False,False,False,1,1
42c24518d.jpg,False,False,False,False,True,0,none
42caf4e12.jpg,False,False,True,False,False,1,3
42d2a363d.jpg,True,False,False,False,False,1,1
42d65967f.jpg,False,False,True,False,False,1,3
42dd20db7.jpg,False,True,False,False,False,1,2
42e3f99f6.jpg,False,False,False,False,True,0,none
42e6b0f02.jpg,False,False,False,False,True,0,none
42ef7e425.jpg,False,False,True,False,False,1,3
42f9b96b6.jpg,False,False,False,False,True,0,none
4309cec5f.jpg,False,False,False,False,True,0,none
431234941.jpg,False,False,True,False,False,1,3
43198fdde.jpg,False,False,False,False,True,0,none
431af9f99.jpg,False,False,False,False,True,0,none
432b81e2f.jpg,False,False,False,False,True,0,none
432f8ce39.jpg,False,False,True,False,False,1,3
433ee3ba0.jpg,True,False,False,False,False,1,1
4340e1e42.jpg,False,False,True,False,False,1,3
4341a2af7.jpg,False,False,False,False,True,0,none
43438f903.jpg,False,False,False,False,True,0,none
4345c2b85.jpg,False,False,True,False,False,1,3
4345db2fc.jpg,False,False,True,False,False,1,3
434a1180c.jpg,False,False,False,False,True,0,none
434d03372.jpg,False,False,True,False,False,1,3
434dc37a2.jpg,False,False,True,False,False,1,3
43513da40.jpg,False,False,False,False,True,0,none
43529152d.jpg,False,False,False,False,True,0,none
4353697d9.jpg,False,False,True,False,False,1,3
4355ef39b.jpg,True,False,False,False,False,1,1
435d7ac39.jpg,False,False,False,False,True,0,none
4362eb86a.jpg,False,False,False,False,True,0,none
436398e3b.jpg,False,False,True,False,False,1,3
43642ed3c.jpg,False,False,False,False,True,0,none
436ab2c1e.jpg,False,False,False,False,True,0,none
436cc0226.jpg,False,False,False,False,True,0,none
436e3f4a0.jpg,False,False,True,False,False,1,3
43746d404.jpg,False,False,True,False,False,1,3
43758a8d2.jpg,False,False,False,False,True,0,none
437c133a4.jpg,False,False,False,False,True,0,none
438caa473.jpg,False,False,False,False,True,0,none
43964f02b.jpg,False,False,False,False,True,0,none
439e60ec8.jpg,False,False,True,False,False,1,3
439f1a016.jpg,True,False,False,False,False,1,1
43a450e62.jpg,False,False,True,False,False,1,3
43b6618bf.jpg,False,False,True,False,False,1,3
43bb3a898.jpg,False,False,True,False,False,1,3
43c0e310c.jpg,False,False,True,False,False,1,3
43c1e8a0b.jpg,False,False,True,False,False,1,3
43c5f80e6.jpg,False,False,False,False,True,0,none
43c6a30fa.jpg,True,False,False,False,False,1,1
43d0303db.jpg,False,False,False,False,True,0,none
43d7e6da0.jpg,False,False,False,True,False,1,4
43dac5ad5.jpg,False,False,True,False,False,1,3
43df0a876.jpg,False,False,True,False,False,1,3
43e4e9def.jpg,False,False,False,False,True,0,none
43e5215d6.jpg,False,False,True,False,False,1,3
43e7d368f.jpg,False,False,False,False,True,0,none
43e99cd80.jpg,False,False,False,False,True,0,none
43eea2fe0.jpg,False,False,False,False,True,0,none
43f517e5c.jpg,False,False,False,False,True,0,none
43f6a4177.jpg,False,False,True,True,False,2,3+4
43fcd5c0b.jpg,False,False,True,False,False,1,3
44011d351.jpg,True,False,False,False,False,1,1
440ce15f1.jpg,False,False,False,False,True,0,none
441142b29.jpg,False,False,False,False,True,0,none
441866b3d.jpg,False,False,True,False,False,1,3
441add89c.jpg,False,False,True,False,False,1,3
441cb4bcf.jpg,False,False,False,False,True,0,none
4421ca253.jpg,False,False,False,False,True,0,none
4422bc417.jpg,False,False,True,True,False,2,3+4
4429c5e55.jpg,False,False,False,False,True,0,none
442e75bf9.jpg,False,False,False,False,True,0,none
443f8564b.jpg,False,False,True,False,False,1,3
44415ab00.jpg,False,True,False,False,False,1,2
4442a027e.jpg,False,False,False,False,True,0,none
4448b4286.jpg,False,False,True,False,False,1,3
445dfb2ce.jpg,False,False,True,False,False,1,3
44668f045.jpg,False,False,True,False,False,1,3
446860e27.jpg,False,False,False,False,True,0,none
446b75ffb.jpg,False,False,True,False,False,1,3
446b81b06.jpg,False,False,False,False,True,0,none
446ba8f9b.jpg,False,False,True,False,False,1,3
446c4efb5.jpg,False,False,True,False,False,1,3
447038bc8.jpg,False,True,False,False,False,1,2
447d8ce19.jpg,False,False,True,False,False,1,3
448c5b1b1.jpg,False,False,False,False,True,0,none
448e30068.jpg,False,False,True,False,False,1,3
448edb360.jpg,False,False,False,False,True,0,none
4499aaa80.jpg,False,False,True,False,False,1,3
44a0d5b55.jpg,False,False,True,False,False,1,3
44a1e7d5f.jpg,False,False,True,False,False,1,3
44a2e6e51.jpg,False,False,True,True,False,2,3+4
44a97f8a0.jpg,False,False,False,False,True,0,none
44a9fd510.jpg,False,False,False,False,True,0,none
44ad9ef30.jpg,False,False,True,False,False,1,3
44ada0c0b.jpg,False,False,True,False,False,1,3
44aea3a11.jpg,False,False,True,False,False,1,3
44afdef26.jpg,False,False,False,False,True,0,none
44b72f5c7.jpg,False,False,False,False,True,0,none
44b8a9dec.jpg,False,False,True,False,False,1,3
44bdd7c49.jpg,False,False,True,False,False,1,3
44bddb2d2.jpg,False,False,True,False,False,1,3
44c129ab7.jpg,False,False,True,False,False,1,3
44c7ae7bc.jpg,False,False,False,False,True,0,none
44d46adc8.jpg,False,False,True,False,False,1,3
44d5767ee.jpg,False,False,False,True,False,1,4
44e685703.jpg,False,False,False,False,True,0,none
44e94ec25.jpg,False,False,False,False,True,0,none
44eaa8416.jpg,False,False,False,False,True,0,none
44ec8bf6e.jpg,False,False,False,False,True,0,none
44fdeaf56.jpg,False,False,False,False,True,0,none
45041352a.jpg,False,False,False,False,True,0,none
45059bf5b.jpg,False,False,False,False,True,0,none
451335c9e.jpg,False,False,False,False,True,0,none
451685808.jpg,False,False,False,False,True,0,none
45212b455.jpg,False,False,True,False,False,1,3
4529ee151.jpg,False,False,True,False,False,1,3
45309a743.jpg,False,False,False,False,True,0,none
453cb7bd8.jpg,False,False,False,False,True,0,none
454a0693a.jpg,False,False,False,False,True,0,none
454d794dc.jpg,False,False,True,True,False,2,3+4
455241741.jpg,False,False,True,False,False,1,3
45612bd46.jpg,False,False,True,False,False,1,3
45680b581.jpg,False,False,False,False,True,0,none
456b9952f.jpg,False,False,True,False,False,1,3
456d592c3.jpg,False,False,False,False,True,0,none
456db19dc.jpg,False,False,False,False,True,0,none
457055016.jpg,False,False,False,False,True,0,none
45740ac20.jpg,False,False,True,False,False,1,3
4576c4722.jpg,False,False,False,False,True,0,none
457d95686.jpg,False,False,False,False,True,0,none
45878314e.jpg,False,False,False,False,True,0,none
458b5f58b.jpg,False,False,False,False,True,0,none
4590a4512.jpg,False,False,False,False,True,0,none
4593a29c9.jpg,False,False,False,False,True,0,none
459617182.jpg,True,False,False,False,False,1,1
459790d82.jpg,False,False,False,True,False,1,4
459840244.jpg,True,False,False,False,False,1,1
45988b743.jpg,False,False,False,False,True,0,none
4598f8be0.jpg,False,False,True,False,False,1,3
45993565a.jpg,False,False,True,False,False,1,3
459cd013a.jpg,False,False,True,False,False,1,3
45a4c0a58.jpg,False,False,True,False,False,1,3
45a59cfec.jpg,False,False,True,False,False,1,3
45a876055.jpg,False,False,False,False,True,0,none
45b099b06.jpg,False,False,True,False,False,1,3
45b362a50.jpg,False,False,True,False,False,1,3
45b946123.jpg,False,False,True,False,False,1,3
45ba100f4.jpg,False,False,True,False,False,1,3
45c1cce45.jpg,False,False,True,False,False,1,3
45c983e84.jpg,False,False,True,False,False,1,3
45ca0606a.jpg,False,False,False,False,True,0,none
45cca62e0.jpg,False,False,True,False,False,1,3
45cd496e1.jpg,False,False,False,False,True,0,none
45d294946.jpg,False,False,True,False,False,1,3
45d8d79d7.jpg,False,False,False,False,True,0,none
45d8e1473.jpg,False,False,True,False,False,1,3
45e10836b.jpg,False,False,True,False,False,1,3
45e2d90b0.jpg,False,False,False,False,True,0,none
45ebf8adb.jpg,False,False,False,False,True,0,none
45f29ca63.jpg,False,False,False,False,True,0,none
45f3d518d.jpg,False,False,False,False,True,0,none
45f4acb24.jpg,False,False,False,False,True,0,none
45f984c71.jpg,False,False,False,False,True,0,none
460ab7579.jpg,False,False,True,False,False,1,3
460b13d7e.jpg,False,False,True,False,False,1,3
460d229ec.jpg,True,False,False,False,False,1,1
460e2213c.jpg,True,False,False,False,False,1,1
4613bc12c.jpg,False,False,True,False,False,1,3
4613c44fe.jpg,False,False,False,False,True,0,none
4613d520c.jpg,False,True,False,False,False,1,2
46160f1f5.jpg,False,False,True,False,False,1,3
461f83c57.jpg,True,False,False,False,False,1,1
461fb4927.jpg,True,False,False,False,False,1,1
463108c67.jpg,True,False,False,False,False,1,1
463145f22.jpg,False,False,False,False,True,0,none
46355008b.jpg,False,False,False,False,True,0,none
4638d6124.jpg,False,False,False,False,True,0,none
463fe382b.jpg,False,True,False,False,False,1,2
464917fe0.jpg,False,False,True,False,False,1,3
464987349.jpg,False,False,True,False,False,1,3
464a009f9.jpg,False,False,True,False,False,1,3
46529ecd4.jpg,False,False,False,False,True,0,none
465808594.jpg,False,False,True,False,False,1,3
46582cff8.jpg,False,False,True,False,False,1,3
46593c14a.jpg,False,False,False,False,True,0,none
46655e050.jpg,False,False,True,True,False,2,3+4
467ba206c.jpg,False,False,False,False,True,0,none
46866c984.jpg,False,False,False,False,True,0,none
4687087d5.jpg,False,False,False,False,True,0,none
4687b4274.jpg,False,False,False,False,True,0,none
46892b360.jpg,False,False,False,False,True,0,none
4695c2d2a.jpg,False,False,True,False,False,1,3
46ace1c15.jpg,False,False,False,False,True,0,none
46af8b042.jpg,False,False,True,False,False,1,3
46b1a844e.jpg,False,False,False,False,True,0,none
46c422f03.jpg,False,False,False,False,True,0,none
46cf197cc.jpg,False,False,False,False,True,0,none
46dd7fa76.jpg,False,False,True,False,False,1,3
46ddd1f95.jpg,False,False,False,False,True,0,none
46df1500e.jpg,False,False,False,False,True,0,none
46dfd5be4.jpg,False,False,True,False,False,1,3
46e0f0f9c.jpg,False,False,True,False,False,1,3
46ead28ad.jpg,False,False,False,False,True,0,none
47069e0a5.jpg,False,False,False,False,True,0,none
470a96423.jpg,False,False,True,False,False,1,3
47111332b.jpg,False,False,True,False,False,1,3
471a0c83c.jpg,False,False,True,False,False,1,3
471b423b1.jpg,False,False,True,False,False,1,3
472407235.jpg,False,False,True,False,False,1,3
47274aef1.jpg,False,False,False,False,True,0,none
4729288ed.jpg,False,False,False,False,True,0,none
4731d41e8.jpg,False,False,False,False,True,0,none
4732de460.jpg,False,False,False,False,True,0,none
4733edde8.jpg,False,False,True,False,False,1,3
4738a7cf7.jpg,False,False,False,False,True,0,none
474104794.jpg,False,False,False,True,False,1,4
47454aedd.jpg,False,False,True,False,False,1,3
474c5f34e.jpg,False,False,True,False,False,1,3
47568c5de.jpg,False,False,True,False,False,1,3
475f45f13.jpg,False,False,False,False,True,0,none
4764e0838.jpg,False,False,False,False,True,0,none
476a0129a.jpg,False,False,True,False,False,1,3
476efaa3d.jpg,False,False,True,True,False,2,3+4
477a186bc.jpg,False,False,True,False,False,1,3
4783eb121.jpg,False,False,True,False,False,1,3
4784189ec.jpg,False,False,True,False,False,1,3
4787645e5.jpg,False,False,True,False,False,1,3
478d8265d.jpg,False,False,False,False,True,0,none
478dc217a.jpg,False,False,False,False,True,0,none
478ff6696.jpg,False,False,True,False,False,1,3
479ec009a.jpg,False,False,False,True,False,1,4
47a0ed2bb.jpg,False,False,False,False,True,0,none
47a18bd61.jpg,True,False,False,False,False,1,1
47a193b76.jpg,False,False,True,False,False,1,3
47a1cf315.jpg,False,False,False,False,True,0,none
47a26bb25.jpg,False,False,False,False,True,0,none
47a629526.jpg,False,False,True,True,False,2,3+4
47aae4725.jpg,False,False,True,False,False,1,3
47ac2a18c.jpg,False,False,False,False,True,0,none
47aea9052.jpg,False,False,False,True,False,1,4
47b5ab1bd.jpg,False,False,True,False,False,1,3
47c24f230.jpg,True,False,False,False,False,1,1
47c2607ee.jpg,False,False,False,False,True,0,none
47cee01b1.jpg,False,False,True,False,False,1,3
47cf3a13c.jpg,True,False,False,False,False,1,1
47d3379c1.jpg,True,False,False,False,False,1,1
47d8d490a.jpg,False,False,True,False,False,1,3
47d9b630e.jpg,False,False,True,False,False,1,3
47dc31ace.jpg,False,False,True,False,False,1,3
47dfe1d85.jpg,False,False,False,False,True,0,none
47e0685d0.jpg,False,False,False,False,True,0,none
47e1ec88e.jpg,False,False,True,False,False,1,3
47e3185de.jpg,False,False,False,False,True,0,none
47ee54ab1.jpg,False,False,False,False,True,0,none
47f02f32b.jpg,False,False,False,False,True,0,none
47f4eb2de.jpg,False,False,False,False,True,0,none
47f5c8e07.jpg,True,False,False,False,False,1,1
47f7d89cc.jpg,False,False,False,False,True,0,none
47ffb18d5.jpg,False,False,False,False,True,0,none
4803fc0ae.jpg,False,False,True,False,False,1,3
48052a486.jpg,False,False,False,False,True,0,none
481ddca2b.jpg,False,False,False,False,True,0,none
4824f9200.jpg,False,False,False,False,True,0,none
482abe878.jpg,False,False,False,False,True,0,none
482e2e173.jpg,False,False,False,False,True,0,none
483e4b5f7.jpg,False,False,True,False,False,1,3
484439824.jpg,False,False,True,False,False,1,3
484830d85.jpg,False,False,False,False,True,0,none
48532e006.jpg,False,False,True,False,False,1,3
4854add54.jpg,False,False,True,False,False,1,3
4857d0687.jpg,False,False,True,False,False,1,3
485ed6221.jpg,False,False,True,False,False,1,3
48626da29.jpg,False,False,False,True,False,1,4
486274941.jpg,False,False,False,False,True,0,none
4866bcfd7.jpg,False,False,False,False,True,0,none
486b452b6.jpg,False,False,True,False,False,1,3
4874f19dd.jpg,False,False,True,False,False,1,3
48831ab9e.jpg,False,False,True,False,False,1,3
48842c265.jpg,False,False,False,False,True,0,none
488922ac2.jpg,False,True,False,False,False,1,2
488c35cf9.jpg,False,False,True,False,False,1,3
4895e51ff.jpg,False,False,False,False,True,0,none
489bc785a.jpg,False,False,True,False,False,1,3
48b05cf7a.jpg,False,False,False,False,True,0,none
48b41f49d.jpg,False,False,False,False,True,0,none
48be84097.jpg,False,False,False,False,True,0,none
48bf87000.jpg,False,False,False,False,True,0,none
48bfce24a.jpg,False,False,False,False,True,0,none
48c05765d.jpg,False,False,False,False,True,0,none
48c466789.jpg,False,False,False,True,False,1,4
48c7eaaea.jpg,False,False,False,False,True,0,none
48ed03e48.jpg,False,False,True,False,False,1,3
48f24cf29.jpg,False,False,False,False,True,0,none
48f69ea12.jpg,True,False,False,False,False,1,1
48f6abec0.jpg,False,False,True,False,False,1,3
48fee593e.jpg,False,False,False,False,True,0,none
4913bc8ce.jpg,False,False,False,False,True,0,none
491d49760.jpg,False,False,False,False,True,0,none
4932f1a80.jpg,True,False,False,False,False,1,1
49402d46c.jpg,False,False,False,False,True,0,none
4941491de.jpg,False,False,True,False,False,1,3
49416ce82.jpg,False,False,True,False,False,1,3
4945a40e6.jpg,False,False,False,False,True,0,none
494dbc6f6.jpg,False,False,False,False,True,0,none
494ead378.jpg,False,False,True,False,False,1,3
4956b306e.jpg,False,False,False,False,True,0,none
49581de0a.jpg,False,False,False,False,True,0,none
4959ec2e7.jpg,False,False,False,False,True,0,none
495d5828b.jpg,False,False,False,True,False,1,4
49602e70e.jpg,False,False,False,False,True,0,none
4962b3544.jpg,False,False,False,False,True,0,none
496656148.jpg,False,False,False,False,True,0,none
496790c19.jpg,False,False,True,False,False,1,3
497d0a057.jpg,False,False,True,False,False,1,3
49828a82f.jpg,False,False,False,False,True,0,none
498b9c526.jpg,False,False,True,False,False,1,3
4992fae6f.jpg,True,False,False,False,False,1,1
499e4d3f0.jpg,False,False,False,False,True,0,none
49a0e2310.jpg,False,False,True,False,False,1,3
49a46692e.jpg,False,False,True,True,False,2,3+4
49a4b51fa.jpg,False,False,False,False,True,0,none
49aa956ea.jpg,False,False,False,False,True,0,none
49aba8b85.jpg,True,False,False,False,False,1,1
49acef8b0.jpg,False,False,False,False,True,0,none
49b22649d.jpg,False,False,False,False,True,0,none
49b34e921.jpg,False,False,False,True,False,1,4
49b83d8fa.jpg,False,False,True,False,False,1,3
49c01817b.jpg,False,False,False,False,True,0,none
49c035d7e.jpg,False,False,True,False,False,1,3
49c24c9a8.jpg,True,False,False,False,False,1,1
49c529ce6.jpg,False,False,False,False,True,0,none
49cf406c7.jpg,False,False,True,False,False,1,3
49d1ff5e2.jpg,False,False,True,False,False,1,3
49d28224c.jpg,False,False,True,False,False,1,3
49d6875d0.jpg,False,False,False,False,True,0,none
49da138ee.jpg,False,False,False,True,False,1,4
49e374bd3.jpg,False,False,False,False,True,0,none
49e3afca8.jpg,False,False,True,False,False,1,3
49e401327.jpg,False,False,False,False,True,0,none
49eee55c2.jpg,False,False,False,False,True,0,none
49f3d04c2.jpg,False,False,False,False,True,0,none
49fa7d0fa.jpg,False,False,True,True,False,2,3+4
4a00eaee7.jpg,False,False,False,False,True,0,none
4a0e9c3b2.jpg,False,False,False,False,True,0,none
4a206315f.jpg,False,False,False,False,True,0,none
4a3180158.jpg,False,False,False,False,True,0,none
4a3349094.jpg,False,False,False,False,True,0,none
4a38d7ed7.jpg,False,False,True,False,False,1,3
4a39fd531.jpg,False,False,False,True,False,1,4
4a3d33d97.jpg,False,False,False,False,True,0,none
4a4bb688a.jpg,False,False,False,False,True,0,none
4a4c18443.jpg,False,False,False,False,True,0,none
4a4f274d1.jpg,False,False,True,False,False,1,3
4a52380d8.jpg,False,False,True,False,False,1,3
4a585e4e9.jpg,False,False,False,False,True,0,none
4a5beea32.jpg,False,False,True,False,False,1,3
4a662783b.jpg,False,False,True,False,False,1,3
4a6a40fa0.jpg,False,False,False,False,True,0,none
4a6f4aec4.jpg,False,False,False,False,True,0,none
4a7295387.jpg,False,False,False,False,True,0,none
4a80680e5.jpg,False,False,False,False,True,0,none
4a83765e1.jpg,False,False,False,False,True,0,none
4a9bd840f.jpg,False,False,True,True,False,2,3+4
4aa45169c.jpg,False,False,False,False,True,0,none
4aa5742ee.jpg,False,False,False,False,True,0,none
4aa9afc78.jpg,False,False,True,True,False,2,3+4
4aac09cdc.jpg,False,False,False,False,True,0,none
4ab0e98e2.jpg,False,False,False,False,True,0,none
4ab1aeab6.jpg,False,False,False,True,False,1,4
4ab570f98.jpg,False,False,False,False,True,0,none
4ab8a2a13.jpg,False,False,True,False,False,1,3
4abec5e22.jpg,False,False,True,False,False,1,3
4abec9197.jpg,False,False,False,False,True,0,none
4ac70e968.jpg,False,False,False,False,True,0,none
4ac80db87.jpg,False,False,False,False,True,0,none
4aca6c4a7.jpg,False,False,True,False,False,1,3
4accda000.jpg,False,False,True,False,False,1,3
4ad6e9c90.jpg,False,False,True,False,False,1,3
4adc459d5.jpg,False,False,True,False,False,1,3
4ade4b747.jpg,True,False,True,False,False,2,1+3
4adecf939.jpg,False,False,False,False,True,0,none
4aed3c85d.jpg,False,False,False,False,True,0,none
4aee61007.jpg,False,False,False,False,True,0,none
4af0f0204.jpg,False,False,True,False,False,1,3
4af60d51c.jpg,False,False,False,False,True,0,none
4af9e9b53.jpg,False,False,True,False,False,1,3
4b09a3911.jpg,False,False,True,False,False,1,3
4b159f1b8.jpg,False,False,False,False,True,0,none
4b16dc9ee.jpg,False,False,True,True,False,2,3+4
4b1d2a283.jpg,False,False,True,False,False,1,3
4b281fb8b.jpg,False,False,False,False,True,0,none
4b286bf39.jpg,False,False,True,False,False,1,3
4b3de8933.jpg,False,False,True,False,False,1,3
4b4bbf418.jpg,False,False,True,False,False,1,3
4b5006ba7.jpg,False,False,False,False,True,0,none
4b5490a9f.jpg,True,False,False,False,False,1,1
4b56df46d.jpg,False,False,True,True,False,2,3+4
4b5a7abdc.jpg,False,False,False,False,True,0,none
4b624bfdf.jpg,False,False,True,False,False,1,3
4b628b398.jpg,False,False,True,False,False,1,3
4b6e6a56e.jpg,False,False,True,False,False,1,3
4b712bf89.jpg,False,False,True,False,False,1,3
4b762b230.jpg,False,False,True,False,False,1,3
4b767f114.jpg,False,False,False,False,True,0,none
4b7967ef9.jpg,False,False,False,False,True,0,none
4b902c994.jpg,False,False,True,False,False,1,3
4b925c919.jpg,False,False,True,False,False,1,3
4b9664b0a.jpg,False,False,True,False,False,1,3
4b9eb5d64.jpg,False,False,True,False,False,1,3
4ba3c73f3.jpg,False,False,False,False,True,0,none
4ba512c11.jpg,False,False,False,False,True,0,none
4ba9def27.jpg,False,False,False,False,True,0,none
4bb0742a2.jpg,False,False,False,False,True,0,none
4bb7b1660.jpg,False,False,False,False,True,0,none
4bb7baa20.jpg,False,False,True,False,False,1,3
4bba4f866.jpg,False,False,True,False,False,1,3
4bbbd8112.jpg,False,False,False,False,True,0,none
4bbf28a86.jpg,False,False,False,False,True,0,none
4bbfad337.jpg,False,False,False,False,True,0,none
4bc04da70.jpg,False,False,True,False,False,1,3
4bc13de99.jpg,False,False,True,False,False,1,3
4bd15a7ae.jpg,False,False,False,True,False,1,4
4bd3d3a2a.jpg,False,False,False,False,True,0,none
4bdc70b1d.jpg,False,False,False,False,True,0,none
4bec8370f.jpg,False,False,False,False,True,0,none
4bee25e3e.jpg,False,False,False,False,True,0,none
4befc8dcf.jpg,False,False,True,False,False,1,3
4bf305cdc.jpg,False,False,False,False,True,0,none
4bf441d2e.jpg,False,False,False,False,True,0,none
4bf727605.jpg,False,False,False,False,True,0,none
4bf953606.jpg,False,False,True,False,False,1,3
4bf995227.jpg,False,False,True,False,False,1,3
4bfbe85ff.jpg,False,False,False,True,False,1,4
4bff64460.jpg,False,False,False,False,True,0,none
4c03cad47.jpg,False,False,True,False,False,1,3
4c101a491.jpg,True,False,False,False,False,1,1
4c10454f2.jpg,False,False,False,False,True,0,none
4c12f034c.jpg,False,False,True,False,False,1,3
4c13a35f4.jpg,False,False,False,False,True,0,none
4c18e968f.jpg,False,False,True,False,False,1,3
4c1d3df65.jpg,False,False,False,False,True,0,none
4c2198026.jpg,False,False,True,False,False,1,3
4c255637f.jpg,False,False,False,False,True,0,none
4c2b3ccc9.jpg,False,False,True,False,False,1,3
4c2bd254d.jpg,False,False,True,False,False,1,3
4c2f5781f.jpg,False,False,False,False,True,0,none
4c3100013.jpg,False,False,True,False,False,1,3
4c312324d.jpg,False,False,False,False,True,0,none
4c353fd1a.jpg,False,False,True,False,False,1,3
4c36590af.jpg,False,False,False,True,False,1,4
4c3afd528.jpg,False,False,True,False,False,1,3
4c3e41efe.jpg,False,False,False,False,True,0,none
4c40deb9a.jpg,False,False,False,False,True,0,none
4c429755c.jpg,False,False,False,False,True,0,none
4c47ebc03.jpg,True,False,False,False,False,1,1
4c5617af0.jpg,False,False,False,False,True,0,none
4c6110948.jpg,False,False,True,False,False,1,3
4c67c9b8e.jpg,True,False,False,False,False,1,1
4c6a55f89.jpg,False,False,False,True,False,1,4
4c770beb5.jpg,False,False,True,True,False,2,3+4
4c7ff2056.jpg,False,False,True,False,False,1,3
4c8168fcb.jpg,False,False,False,True,False,1,4
4c81f867f.jpg,False,False,False,False,True,0,none
4c8759dd0.jpg,False,False,True,False,False,1,3
4c8bcf636.jpg,False,False,False,False,True,0,none
4c9245dcf.jpg,False,False,True,False,False,1,3
4c9408c95.jpg,False,False,False,False,True,0,none
4ca64717c.jpg,False,False,True,False,False,1,3
4cb193d84.jpg,False,False,False,False,True,0,none
4cb3f36d4.jpg,False,False,False,False,True,0,none
4cb4d7b60.jpg,False,False,False,False,True,0,none
4cb7e5302.jpg,False,False,True,False,False,1,3
4cb98a183.jpg,False,False,False,False,True,0,none
4cbb91ed2.jpg,False,False,True,False,False,1,3
4cc2c7b57.jpg,False,False,True,False,False,1,3
4cc6b09fd.jpg,False,False,True,False,False,1,3
4cca18753.jpg,False,True,False,False,False,1,2
4cccbe396.jpg,False,False,True,False,False,1,3
4cd17e5b9.jpg,False,False,True,False,False,1,3
4cd9bef81.jpg,False,False,False,False,True,0,none
4ce4fc0ef.jpg,False,False,False,False,True,0,none
4ce761f01.jpg,False,False,False,False,True,0,none
4cf035406.jpg,False,False,False,False,True,0,none
4cf3b3988.jpg,True,False,False,False,False,1,1
4cf6612c8.jpg,False,False,False,False,True,0,none
4cf93f820.jpg,False,False,False,False,True,0,none
4cfa918cc.jpg,False,False,False,False,True,0,none
4d042c66f.jpg,False,False,True,False,False,1,3
4d0883b27.jpg,False,False,False,False,True,0,none
4d0d86a96.jpg,False,False,True,False,False,1,3
4d0d9efd8.jpg,False,False,False,False,True,0,none
4d10e57c3.jpg,False,False,False,False,True,0,none
4d1444a12.jpg,False,False,True,True,False,2,3+4
4d1aa2558.jpg,False,False,False,False,True,0,none
4d35cc84e.jpg,False,False,True,False,False,1,3
4d38c353e.jpg,False,False,True,True,False,2,3+4
4d39da061.jpg,False,False,False,False,True,0,none
4d47928bc.jpg,False,False,False,False,True,0,none
4d4cb6e78.jpg,False,False,True,False,False,1,3
4d4dd1754.jpg,False,False,True,False,False,1,3
4d5108fe6.jpg,False,False,False,False,True,0,none
4d57922af.jpg,False,False,False,True,False,1,4
4d586677e.jpg,False,False,True,False,False,1,3
4d5d2405d.jpg,False,False,False,False,True,0,none
4d68a7a1a.jpg,False,False,False,False,True,0,none
4d693ffaa.jpg,False,False,False,False,True,0,none
4d6973926.jpg,False,False,True,False,False,1,3
4d6cff7f8.jpg,False,False,True,False,False,1,3
4d6da5e7d.jpg,False,False,True,False,False,1,3
4d72fc6d0.jpg,False,False,False,False,True,0,none
4d7acd005.jpg,False,False,True,False,False,1,3
4d872dfd7.jpg,False,False,False,False,True,0,none
4d8fac53d.jpg,False,False,False,False,True,0,none
4d930ad34.jpg,True,False,False,False,False,1,1
4d93e9c21.jpg,False,False,True,False,False,1,3
4d967fdb0.jpg,False,False,True,False,False,1,3
4d9973900.jpg,False,False,False,False,True,0,none
4d9b0f8c6.jpg,False,False,True,False,False,1,3
4d9bb7560.jpg,False,False,False,False,True,0,none
4d9fadf79.jpg,False,False,False,False,True,0,none
4da0260d5.jpg,False,False,False,False,True,0,none
4da4b15f4.jpg,False,False,False,False,True,0,none
4da66ae64.jpg,False,False,False,False,True,0,none
4db0d16c2.jpg,False,False,False,False,True,0,none
4db535653.jpg,True,False,False,False,False,1,1
4dba4db98.jpg,False,False,True,False,False,1,3
4dbadaa3e.jpg,True,False,True,False,False,2,1+3
4dbe12a7b.jpg,False,False,True,False,False,1,3
4dc35083b.jpg,False,False,True,False,False,1,3
4dc6582d3.jpg,False,False,False,False,True,0,none
4dc86abd8.jpg,False,False,False,False,True,0,none
4dc8b9c03.jpg,False,False,True,False,False,1,3
4dcb6f67a.jpg,False,False,True,False,False,1,3
4dd35625f.jpg,False,False,True,False,False,1,3
4dd52fc23.jpg,False,False,True,True,False,2,3+4
4de08bdef.jpg,False,False,False,False,True,0,none
4de568a45.jpg,False,False,False,False,True,0,none
4defcdb36.jpg,False,False,True,False,False,1,3
4df49614a.jpg,False,False,False,False,True,0,none
4dfd9c462.jpg,False,False,True,False,False,1,3
4e10c8425.jpg,False,False,False,False,True,0,none
4e15a5ea4.jpg,False,False,False,False,True,0,none
4e1c34ada.jpg,False,False,True,False,False,1,3
4e1d02f5a.jpg,False,False,True,False,False,1,3
4e1d262fb.jpg,False,True,False,False,False,1,2
4e1e0e3ac.jpg,False,False,True,False,False,1,3
4e24e650d.jpg,False,False,False,False,True,0,none
4e25cb8e7.jpg,False,False,True,False,False,1,3
4e265c94c.jpg,False,False,True,False,False,1,3
4e2c9230d.jpg,False,False,True,True,False,2,3+4
4e2e1bdb7.jpg,False,False,True,False,False,1,3
4e33d6324.jpg,False,False,False,True,False,1,4
4e36f104c.jpg,False,False,True,False,False,1,3
4e39d8c5c.jpg,False,False,False,True,False,1,4
4e438c98c.jpg,False,False,True,False,False,1,3
4e46ce4ca.jpg,False,False,True,False,False,1,3
4e471f8af.jpg,False,False,False,False,True,0,none
4e4c4d040.jpg,False,False,False,False,True,0,none
4e56a3dfc.jpg,False,False,False,False,True,0,none
4e5aabaae.jpg,False,False,True,False,False,1,3
4e5b28887.jpg,False,False,True,False,False,1,3
4e643b0e3.jpg,False,False,False,False,True,0,none
4e6514402.jpg,True,False,False,False,False,1,1
4e69c98cf.jpg,False,False,False,False,True,0,none
4e7b56970.jpg,False,False,False,False,True,0,none
4e7ba4854.jpg,False,False,True,False,False,1,3
4e7f0e825.jpg,False,False,True,False,False,1,3
4e8b5a042.jpg,False,False,True,False,False,1,3
4e8c83b2d.jpg,False,False,False,False,True,0,none
4e8e7a28c.jpg,False,False,True,False,False,1,3
4e8ead4b3.jpg,False,False,False,False,True,0,none
4e9055d9e.jpg,True,False,False,False,False,1,1
4e91ec662.jpg,False,False,False,False,True,0,none
4e9b147fa.jpg,False,False,True,False,False,1,3
4ea0f4710.jpg,False,False,False,True,False,1,4
4eac3a7d0.jpg,False,False,True,False,False,1,3
4eb33b3fe.jpg,False,False,False,False,True,0,none
4eb8c6514.jpg,False,False,True,False,False,1,3
4ebb6d63a.jpg,False,False,False,False,True,0,none
4ebff3a81.jpg,False,False,True,False,False,1,3
4ec0d49df.jpg,False,False,True,False,False,1,3
4ec252808.jpg,False,False,False,True,False,1,4
4ecc8ea5a.jpg,False,False,False,False,True,0,none
4ecf05db6.jpg,False,False,True,False,False,1,3
4ed62a0c0.jpg,False,False,False,False,True,0,none
4edaa9eac.jpg,False,False,False,False,True,0,none
4edc8b817.jpg,False,False,True,True,False,2,3+4
4edff9648.jpg,False,False,True,False,False,1,3
4ee039478.jpg,False,False,False,False,True,0,none
4ee32c458.jpg,False,False,True,False,False,1,3
4ee570810.jpg,False,False,True,False,False,1,3
4eea878dd.jpg,False,False,True,False,False,1,3
4eeafada5.jpg,False,False,False,False,True,0,none
4ef21d9b7.jpg,False,False,True,False,False,1,3
4ef65d75b.jpg,False,False,True,False,False,1,3
4ef6c54c9.jpg,False,False,True,False,False,1,3
4efe827ed.jpg,False,False,True,False,False,1,3
4eff4c1b9.jpg,False,False,False,False,True,0,none
4f002a224.jpg,False,False,True,False,False,1,3
4f065758e.jpg,False,False,False,False,True,0,none
4f19a907e.jpg,False,False,False,False,True,0,none
4f1f6dee0.jpg,False,False,True,False,False,1,3
4f323a756.jpg,False,False,True,False,False,1,3
4f3267b2d.jpg,False,False,False,False,True,0,none
4f3575945.jpg,False,False,False,False,True,0,none
4f3632e9d.jpg,False,False,False,False,True,0,none
4f3633a21.jpg,False,False,False,False,True,0,none
4f5d3e79d.jpg,False,False,False,False,True,0,none
4f64d3b50.jpg,False,False,True,False,False,1,3
4f675d901.jpg,False,False,False,False,True,0,none
4f6a3b984.jpg,False,False,True,False,False,1,3
4f70ba311.jpg,False,False,True,False,False,1,3
4f77c0179.jpg,True,False,False,False,False,1,1
4f7972e7c.jpg,False,False,True,False,False,1,3
4f798b970.jpg,False,False,False,False,True,0,none
4f8570f4c.jpg,False,False,False,False,True,0,none
4f89dd316.jpg,False,False,True,False,False,1,3
4f8bb34b3.jpg,False,False,False,False,True,0,none
4f8d88bd7.jpg,False,False,False,False,True,0,none
4f92a9f7a.jpg,False,False,False,False,True,0,none
4f9790fcf.jpg,False,False,False,False,True,0,none
4f9b3eee7.jpg,False,False,True,False,False,1,3
4f9c1e0ee.jpg,False,False,False,False,True,0,none
4faf01808.jpg,False,False,False,False,True,0,none
4fb88c3a4.jpg,False,False,True,False,False,1,3
4fb9f5229.jpg,False,False,False,False,True,0,none
4fcacdb3a.jpg,False,False,True,False,False,1,3
4fcc02177.jpg,False,False,False,False,True,0,none
4fd481a7a.jpg,False,False,False,False,True,0,none
4fd6285f1.jpg,False,False,False,False,True,0,none
4fd6b1521.jpg,False,False,True,False,False,1,3
4fd7307d3.jpg,False,False,False,False,True,0,none
4fda927f8.jpg,False,False,False,False,True,0,none
4fe1a879c.jpg,False,False,False,False,True,0,none
4fe40fc03.jpg,False,False,False,False,True,0,none
4fe777e50.jpg,False,False,True,False,False,1,3
4ff2ec64b.jpg,False,False,False,False,True,0,none
5009ae5f7.jpg,False,False,False,False,True,0,none
500bd5355.jpg,False,False,True,False,False,1,3
50114e3ae.jpg,False,False,False,False,True,0,none
5013e5c9d.jpg,False,False,True,False,False,1,3
5020df2f8.jpg,False,False,True,False,False,1,3
502a574eb.jpg,False,False,False,False,True,0,none
50308589f.jpg,False,False,False,False,True,0,none
503bd0c0f.jpg,False,False,False,False,True,0,none
503c4f93a.jpg,False,True,False,False,False,1,2
503d78c6f.jpg,False,False,True,False,False,1,3
5041c4a3f.jpg,False,False,True,False,False,1,3
5042c830a.jpg,False,False,False,False,True,0,none
5047b4ba0.jpg,False,False,False,False,True,0,none
504e47cce.jpg,False,False,True,False,False,1,3
505284e53.jpg,False,False,False,False,True,0,none
5063991b6.jpg,False,False,False,False,True,0,none
5064ecb6d.jpg,False,False,True,False,False,1,3
50655a748.jpg,False,False,False,True,False,1,4
506826fc6.jpg,False,False,True,False,False,1,3
50742b144.jpg,False,False,True,False,False,1,3
5080067a2.jpg,False,False,False,False,True,0,none
508637e33.jpg,False,False,False,False,True,0,none
50874143a.jpg,False,False,False,False,True,0,none
5089c2e5d.jpg,False,False,False,False,True,0,none
508c739d1.jpg,False,False,True,False,False,1,3
5092b3368.jpg,False,False,True,False,False,1,3
509abf323.jpg,True,False,False,False,False,1,1
509c2cea7.jpg,False,False,False,False,True,0,none
50ac457cb.jpg,False,True,False,False,False,1,2
50ac97479.jpg,False,False,True,False,False,1,3
50b285302.jpg,False,False,True,False,False,1,3
50b542cdd.jpg,False,False,True,False,False,1,3
50bab4d98.jpg,False,False,True,False,False,1,3
50c83fcaf.jpg,False,False,False,False,True,0,none
50c8a63b1.jpg,False,False,True,False,False,1,3
50cfeaca4.jpg,False,False,True,False,False,1,3
50d171c0f.jpg,False,False,False,False,True,0,none
50d92eec1.jpg,False,False,False,False,True,0,none
50dbfb4ec.jpg,False,False,False,False,True,0,none
50de95d7f.jpg,False,False,True,False,False,1,3
50e60febd.jpg,False,False,False,False,True,0,none
50f069727.jpg,False,False,False,False,True,0,none
50f53c152.jpg,False,False,False,False,True,0,none
50fb57a6c.jpg,False,False,True,False,False,1,3
50ff24e6e.jpg,False,False,True,False,False,1,3
51097aa45.jpg,False,False,False,True,False,1,4
510b9c5cc.jpg,True,False,False,False,False,1,1
51103c2eb.jpg,False,False,False,False,True,0,none
511570622.jpg,False,False,False,True,False,1,4
512065925.jpg,False,False,False,False,True,0,none
5122366c6.jpg,False,False,False,False,True,0,none
5125317c7.jpg,False,False,True,False,False,1,3
5125e4ad6.jpg,False,False,False,False,True,0,none
512ac9a49.jpg,False,False,False,False,True,0,none
5132041da.jpg,False,False,True,False,False,1,3
514222386.jpg,False,False,True,False,False,1,3
51434f59b.jpg,False,False,True,False,False,1,3
5145a7850.jpg,False,False,False,False,True,0,none
5148cb009.jpg,False,False,False,False,True,0,none
51498e7a6.jpg,False,False,True,False,False,1,3
514c3734e.jpg,False,False,False,False,True,0,none
514f11c53.jpg,False,False,True,False,False,1,3
515f9551b.jpg,False,False,False,False,True,0,none
51632c4a4.jpg,False,False,True,False,False,1,3
516b72597.jpg,True,False,False,False,False,1,1
5172a46ee.jpg,False,False,False,False,True,0,none
517b242ce.jpg,False,False,False,False,True,0,none
517f3ce34.jpg,False,False,True,False,False,1,3
5188851b2.jpg,False,False,True,False,False,1,3
51905a4bc.jpg,False,False,False,False,True,0,none
51938ecf0.jpg,False,False,True,False,False,1,3
519599df3.jpg,False,False,True,False,False,1,3
519d16e7c.jpg,False,False,False,False,True,0,none
519e11f0b.jpg,False,False,True,True,False,2,3+4
519e8199f.jpg,False,False,False,False,True,0,none
51a3f4c59.jpg,False,False,True,False,False,1,3
51aa20891.jpg,False,False,False,False,True,0,none
51b201f61.jpg,False,False,False,False,True,0,none
51b211df9.jpg,False,False,True,False,False,1,3
51c35e519.jpg,False,False,True,False,False,1,3
51cb60dfd.jpg,False,False,False,False,True,0,none
51cbde5bc.jpg,False,False,False,False,True,0,none
51cd72108.jpg,False,False,False,False,True,0,none
51d092947.jpg,True,False,False,False,False,1,1
51d3e5941.jpg,True,False,False,False,False,1,1
51d7bdfc2.jpg,False,False,True,False,False,1,3
51d7bee0a.jpg,False,False,True,False,False,1,3
51dfcda89.jpg,False,False,False,False,True,0,none
51ee8ec48.jpg,False,False,True,False,False,1,3
51f4e04c6.jpg,False,False,False,False,True,0,none
51f993f26.jpg,False,False,False,False,True,0,none
51f9ccdd2.jpg,False,False,True,False,False,1,3
51fd0e994.jpg,False,False,False,False,True,0,none
51ff1aef9.jpg,False,False,False,False,True,0,none
5210ac609.jpg,False,False,True,False,False,1,3
52122168a.jpg,False,False,True,False,False,1,3
5213b418b.jpg,False,False,False,False,True,0,none
521632501.jpg,False,False,False,False,True,0,none
521f4df19.jpg,False,False,True,False,False,1,3
5226a20da.jpg,False,False,False,False,True,0,none
5227a284c.jpg,False,False,False,False,True,0,none
5227eaed2.jpg,False,False,True,False,False,1,3
522885da1.jpg,False,False,False,False,True,0,none
5228ec6b5.jpg,False,False,False,False,True,0,none
522ade1d3.jpg,False,False,False,False,True,0,none
522d34082.jpg,False,False,True,False,False,1,3
522e17d3e.jpg,True,False,False,False,False,1,1
522f217cb.jpg,False,False,False,False,True,0,none
5238bc100.jpg,False,True,False,False,False,1,2
523a65c42.jpg,False,False,False,False,True,0,none
523e97839.jpg,False,False,False,False,True,0,none
523fee62c.jpg,False,False,True,False,False,1,3
524015c26.jpg,False,False,False,False,True,0,none
524214c87.jpg,False,False,False,False,True,0,none
52443504f.jpg,False,False,False,False,True,0,none
52497822f.jpg,False,False,True,False,False,1,3
5256faa06.jpg,False,False,True,False,False,1,3
525d0e51e.jpg,True,False,False,False,False,1,1
5267fdd89.jpg,False,False,False,False,True,0,none
527517cf3.jpg,False,False,True,False,False,1,3
52786ae5b.jpg,False,False,False,False,True,0,none
527b50f74.jpg,False,False,True,False,False,1,3
527d11e5a.jpg,True,False,False,False,False,1,1
528112571.jpg,False,False,True,False,False,1,3
5283b3138.jpg,False,False,True,False,False,1,3
528470bcc.jpg,False,False,False,False,True,0,none
528e12579.jpg,False,False,False,False,True,0,none
5294d00dc.jpg,False,False,False,False,True,0,none
529b36067.jpg,False,False,True,False,False,1,3
529e2b37d.jpg,False,False,False,False,True,0,none
52a357188.jpg,False,False,False,False,True,0,none
52aa19a36.jpg,False,False,False,False,True,0,none
52b379913.jpg,False,False,False,False,True,0,none
52b3b763f.jpg,False,False,False,False,True,0,none
52be91fda.jpg,False,False,True,False,False,1,3
52cf9caf9.jpg,True,False,False,False,False,1,1
52d0d8da4.jpg,False,False,False,True,False,1,4
52df7277c.jpg,False,False,True,False,False,1,3
52f589500.jpg,False,False,True,False,False,1,3
52f9e7a9c.jpg,False,False,False,False,True,0,none
52faeb955.jpg,False,False,True,False,False,1,3
530227cd2.jpg,False,False,False,False,True,0,none
5303447ca.jpg,False,False,True,False,False,1,3
531b9c425.jpg,False,False,True,False,False,1,3
531cda8a6.jpg,False,False,False,False,True,0,none
533012eb6.jpg,False,False,False,False,True,0,none
533261093.jpg,False,False,False,False,True,0,none
53348f9a0.jpg,False,False,False,False,True,0,none
5335b8fd7.jpg,False,False,False,True,False,1,4
533926801.jpg,False,False,True,False,False,1,3
534666b46.jpg,False,False,True,False,False,1,3
534991d20.jpg,True,False,False,False,False,1,1
534c4e0c8.jpg,False,False,True,True,False,2,3+4
534dacff6.jpg,False,False,True,False,False,1,3
534fa3ac4.jpg,True,False,False,False,False,1,1
53508a608.jpg,False,False,False,False,True,0,none
5350e17c2.jpg,False,False,True,False,False,1,3
5352353d3.jpg,False,False,False,False,True,0,none
535970659.jpg,False,False,True,False,False,1,3
5359b71bc.jpg,False,False,False,False,True,0,none
535f1aa8d.jpg,False,False,False,False,True,0,none
53630d5bf.jpg,False,False,False,False,True,0,none
5364f04f3.jpg,False,False,False,False,True,0,none
536f5bd1b.jpg,False,False,False,False,True,0,none
5370c78e0.jpg,False,False,True,False,False,1,3
53774b7b4.jpg,False,False,False,False,True,0,none
5377dbac1.jpg,False,False,True,False,False,1,3
5379859b2.jpg,False,False,False,False,True,0,none
537d5882a.jpg,False,False,False,False,True,0,none
537e66c26.jpg,True,False,False,False,False,1,1
5386596d5.jpg,False,False,False,False,True,0,none
538ed855c.jpg,False,False,False,False,True,0,none
53994e13b.jpg,False,False,True,False,False,1,3
539a30638.jpg,True,False,False,False,False,1,1
539a9d455.jpg,True,False,False,False,False,1,1
539baaeda.jpg,False,False,True,False,False,1,3
539be6ba4.jpg,False,False,True,False,False,1,3
53a21bba1.jpg,False,False,True,False,False,1,3
53abc091a.jpg,False,False,False,False,True,0,none
53b19bb9e.jpg,False,False,False,False,True,0,none
53b1e9464.jpg,False,False,False,False,True,0,none
53b273e7a.jpg,False,False,False,False,True,0,none
53b6d2ab1.jpg,False,False,True,False,False,1,3
53c006e67.jpg,False,False,False,False,True,0,none
53c167687.jpg,False,False,True,False,False,1,3
53c1aba83.jpg,False,False,False,False,True,0,none
53c313ac9.jpg,False,False,False,False,True,0,none
53c689378.jpg,False,False,False,False,True,0,none
53d16f700.jpg,False,False,False,False,True,0,none
53d6cc0b9.jpg,False,False,False,False,True,0,none
53dbd2af9.jpg,False,False,False,False,True,0,none
53df66e91.jpg,False,False,False,False,True,0,none
53e277621.jpg,False,False,False,False,True,0,none
53e3ddbab.jpg,False,False,False,False,True,0,none
53e812ced.jpg,False,False,False,True,False,1,4
53eeec3d0.jpg,False,False,False,False,True,0,none
53f2e3c44.jpg,False,True,False,False,False,1,2
53f9c84f6.jpg,False,False,False,False,True,0,none
53f9e0f07.jpg,False,False,False,False,True,0,none
53fa72f86.jpg,False,False,True,False,False,1,3
53ff38fe7.jpg,False,False,False,True,False,1,4
5404bf04b.jpg,False,False,False,False,True,0,none
54098dc25.jpg,False,False,False,False,True,0,none
540fe433e.jpg,False,False,False,False,True,0,none
541707319.jpg,False,False,False,False,True,0,none
541f9ad41.jpg,False,False,False,False,True,0,none
542084ea9.jpg,False,False,True,False,False,1,3
542499e15.jpg,False,False,False,False,True,0,none
542fed55c.jpg,True,False,True,False,False,2,1+3
5432fd9e1.jpg,False,False,False,False,True,0,none
5432ff65a.jpg,False,False,True,False,False,1,3
543d1e1ea.jpg,False,False,True,False,False,1,3
54439ae68.jpg,False,False,True,False,False,1,3
5457b2b87.jpg,False,False,False,False,True,0,none
5457e4e20.jpg,False,False,True,False,False,1,3
5462db9cd.jpg,False,False,True,False,False,1,3
5462fa711.jpg,False,False,True,False,False,1,3
5463b35d3.jpg,False,False,False,False,True,0,none
54738099a.jpg,True,False,False,False,False,1,1
54780d890.jpg,True,False,False,False,False,1,1
547c5635f.jpg,False,True,False,False,False,1,2
5489138ba.jpg,False,False,False,False,True,0,none
548bc91f8.jpg,False,False,False,False,True,0,none
548f2444a.jpg,False,False,True,False,False,1,3
549613483.jpg,False,False,True,False,False,1,3
549aa706e.jpg,False,False,True,False,False,1,3
54a1df397.jpg,False,False,False,False,True,0,none
54b425e17.jpg,False,False,False,False,True,0,none
54b912dfb.jpg,False,False,False,False,True,0,none
54bdb0ccf.jpg,False,False,True,False,False,1,3
54c05f0ac.jpg,False,False,False,False,True,0,none
54c0e2d84.jpg,False,False,False,False,True,0,none
54c3ce6f0.jpg,False,False,True,False,False,1,3
54c49ad1f.jpg,False,False,False,False,True,0,none
54c4f7afa.jpg,False,False,True,False,False,1,3
54cdc22ca.jpg,False,False,False,True,False,1,4
54ce7b2e1.jpg,True,False,False,False,False,1,1
54d5658e2.jpg,False,False,False,False,True,0,none
54d8a631f.jpg,False,False,False,False,True,0,none
54dd95d41.jpg,False,False,True,False,False,1,3
54de37d5e.jpg,False,False,True,False,False,1,3
54e19ae6a.jpg,False,False,False,False,True,0,none
54eeb8ee1.jpg,False,False,False,False,True,0,none
54f1891ad.jpg,False,False,True,False,False,1,3
54f69cb7d.jpg,False,False,False,False,True,0,none
54f7648a5.jpg,True,False,False,False,False,1,1
54f94ed71.jpg,False,False,True,False,False,1,3
54faae5d4.jpg,False,False,False,False,True,0,none
54fc18824.jpg,False,False,True,False,False,1,3
54fc1f606.jpg,False,False,False,True,False,1,4
54fd0b997.jpg,False,False,False,False,True,0,none
55042415c.jpg,False,False,True,False,False,1,3
550c8713a.jpg,False,False,False,False,True,0,none
55136d7f3.jpg,False,False,True,False,False,1,3
551b840d2.jpg,False,False,True,False,False,1,3
552b86fba.jpg,False,False,False,False,True,0,none
552c82a23.jpg,False,False,False,False,True,0,none
55303df62.jpg,False,False,True,False,False,1,3
55341cd4e.jpg,False,False,False,False,True,0,none
5545e4b0f.jpg,False,False,True,True,False,2,3+4
554710095.jpg,False,False,True,False,False,1,3
55475eb9b.jpg,False,False,False,False,True,0,none
554cbd6bf.jpg,False,False,False,False,True,0,none
554d5a941.jpg,False,False,True,False,False,1,3
554ee47b6.jpg,False,False,True,False,False,1,3
554fd222d.jpg,False,False,False,False,True,0,none
5562229c3.jpg,False,False,True,False,False,1,3
556c2967b.jpg,False,False,False,True,False,1,4
556e12633.jpg,False,False,True,False,False,1,3
55728df3e.jpg,False,False,False,False,True,0,none
5574a47da.jpg,False,False,True,False,False,1,3
5578b3c7d.jpg,False,False,False,False,True,0,none
558a45a09.jpg,False,False,False,False,True,0,none
558bffe73.jpg,False,False,False,False,True,0,none
55901ac51.jpg,False,False,True,True,False,2,3+4
55979505e.jpg,False,False,True,False,False,1,3
559bcc411.jpg,False,False,True,False,False,1,3
55a585807.jpg,True,False,False,False,False,1,1
55b0d9d23.jpg,False,False,False,False,True,0,none
55c30f544.jpg,False,False,True,False,False,1,3
55c689cd0.jpg,False,False,True,True,False,2,3+4
55ccadff9.jpg,False,False,True,False,False,1,3
55d87ed7a.jpg,False,False,True,False,False,1,3
55de18232.jpg,False,False,False,False,True,0,none
55df6fcdb.jpg,False,False,True,False,False,1,3
55e7e8715.jpg,False,False,False,False,True,0,none
55edf098d.jpg,True,False,False,False,False,1,1
55fa7f382.jpg,False,False,False,False,True,0,none
5600ec21b.jpg,False,False,True,False,False,1,3
56011ad29.jpg,False,False,False,True,False,1,4
5607d6b35.jpg,False,False,False,False,True,0,none
560a3e98a.jpg,True,False,False,False,False,1,1
560c8f003.jpg,False,False,False,False,True,0,none
56120829d.jpg,False,False,True,False,False,1,3
5613bb745.jpg,False,False,True,False,False,1,3
5619b0771.jpg,False,False,False,False,True,0,none
561b64ee7.jpg,False,False,False,False,True,0,none
561da28b1.jpg,False,False,False,False,True,0,none
562055ee9.jpg,False,False,True,False,False,1,3
56227efb7.jpg,False,False,False,False,True,0,none
562e2274c.jpg,False,False,False,False,True,0,none
56355a469.jpg,False,False,False,False,True,0,none
56463250f.jpg,False,False,False,False,True,0,none
5649454b6.jpg,False,False,False,False,True,0,none
56553f422.jpg,False,False,True,False,False,1,3
565cfa48c.jpg,False,False,True,False,False,1,3
5660432cc.jpg,False,False,True,False,False,1,3
5663a9e34.jpg,False,False,False,False,True,0,none
566401013.jpg,False,False,False,False,True,0,none
5665ada1b.jpg,False,False,True,True,False,2,3+4
567578f1b.jpg,True,False,True,False,False,2,1+3
56774fb7f.jpg,False,False,True,False,False,1,3
567e1f981.jpg,False,False,True,False,False,1,3
568439b6c.jpg,True,False,False,False,False,1,1
56879bc53.jpg,False,False,False,False,True,0,none
56918910e.jpg,False,False,True,False,False,1,3
5698c0878.jpg,False,False,False,False,True,0,none
5698f3507.jpg,False,False,False,True,False,1,4
56997bb72.jpg,False,False,False,False,True,0,none
56a9e36dd.jpg,False,False,True,False,False,1,3
56aaf82ea.jpg,False,False,True,False,False,1,3
56abc5057.jpg,False,False,True,False,False,1,3
56b587e9e.jpg,False,False,False,False,True,0,none
56b9e54ed.jpg,False,False,True,False,False,1,3
56ba7c882.jpg,False,False,False,False,True,0,none
56bf01513.jpg,False,False,True,False,False,1,3
56cc8fb98.jpg,False,False,True,False,False,1,3
56cf9fe0e.jpg,False,False,False,False,True,0,none
56d523688.jpg,False,False,True,False,False,1,3
56d919ac4.jpg,False,False,False,False,True,0,none
56da18173.jpg,False,False,True,False,False,1,3
56de9f0d1.jpg,True,False,False,False,False,1,1
56edcc37a.jpg,False,False,True,False,False,1,3
56fb45924.jpg,False,False,False,False,True,0,none
57081af08.jpg,False,False,False,False,True,0,none
570cb5438.jpg,False,False,True,False,False,1,3
571f22cde.jpg,False,False,True,False,False,1,3
5722f7171.jpg,False,False,False,False,True,0,none
57239737a.jpg,True,False,False,False,False,1,1
57258d636.jpg,False,False,False,False,True,0,none
5727d7f96.jpg,False,False,True,False,False,1,3
57314986d.jpg,False,False,True,False,False,1,3
57461a858.jpg,False,False,False,False,True,0,none
5757100f0.jpg,False,False,False,True,False,1,4
575e5be94.jpg,False,False,True,False,False,1,3
576198d28.jpg,False,False,False,False,True,0,none
576910e29.jpg,False,False,True,True,False,2,3+4
5774ad9c5.jpg,False,False,False,False,True,0,none
57794735f.jpg,True,False,False,False,False,1,1
577afb2d8.jpg,False,False,True,False,False,1,3
577db33cf.jpg,False,False,False,False,True,0,none
57821dda7.jpg,False,False,True,False,False,1,3
5787b6262.jpg,False,False,True,False,False,1,3
578b43574.jpg,False,False,False,False,True,0,none
578ba56db.jpg,False,False,False,False,True,0,none
578ba64cc.jpg,False,False,False,False,True,0,none
578e97b72.jpg,False,False,False,False,True,0,none
578fc1bb8.jpg,False,False,False,False,True,0,none
579796d67.jpg,False,False,True,False,False,1,3
579898eed.jpg,False,False,False,False,True,0,none
579a51c1b.jpg,False,False,True,False,False,1,3
579e764a7.jpg,False,False,False,False,True,0,none
57a2e6c5f.jpg,False,False,False,False,True,0,none
57a71495a.jpg,False,False,True,True,False,2,3+4
57a7375f3.jpg,False,False,True,False,False,1,3
57ab2cf83.jpg,False,False,False,False,True,0,none
57c594518.jpg,False,False,True,False,False,1,3
57c752901.jpg,True,True,False,False,False,2,1+2
57cb45ba8.jpg,False,False,True,False,False,1,3
57cc4e2d3.jpg,False,False,True,False,False,1,3
57cf3c6ce.jpg,False,False,False,False,True,0,none
57d157679.jpg,False,False,True,False,False,1,3
57d20b2d8.jpg,False,False,False,False,True,0,none
57d263755.jpg,False,False,False,False,True,0,none
57dd50e18.jpg,False,False,False,False,True,0,none
57e156a9c.jpg,False,False,False,False,True,0,none
57e4c23bb.jpg,False,False,False,False,True,0,none
57e6b1bcd.jpg,True,False,False,False,False,1,1
57f3ced60.jpg,False,False,False,False,True,0,none
57f5ee8ff.jpg,False,False,False,False,True,0,none
57f9b3eae.jpg,False,False,True,False,False,1,3
58049fca1.jpg,False,False,True,False,False,1,3
5809fc14b.jpg,False,False,False,False,True,0,none
580a0d792.jpg,False,False,False,False,True,0,none
580a5a5ad.jpg,False,False,False,False,True,0,none
5810e2d40.jpg,False,False,True,False,False,1,3
581bb7389.jpg,False,False,True,False,False,1,3
581ded261.jpg,False,False,False,False,True,0,none
582a8c235.jpg,False,False,False,False,True,0,none
582f0666f.jpg,False,False,True,False,False,1,3
5831b5e6b.jpg,False,False,False,False,True,0,none
58384cf41.jpg,False,False,True,False,False,1,3
583bba869.jpg,False,False,False,False,True,0,none
583f6dd8a.jpg,False,False,False,False,True,0,none
5843cdaf1.jpg,False,False,False,False,True,0,none
5848791de.jpg,False,False,True,True,False,2,3+4
58499efc0.jpg,False,False,False,False,True,0,none
5852d571b.jpg,False,False,False,False,True,0,none
5852e61b5.jpg,False,False,True,False,False,1,3
585904c94.jpg,False,False,False,True,False,1,4
585f34f11.jpg,False,False,False,False,True,0,none
5860f9e57.jpg,False,False,False,False,True,0,none
58673aa89.jpg,False,False,True,False,False,1,3
586b86560.jpg,False,False,True,False,False,1,3
587e151b2.jpg,False,False,True,False,False,1,3
5891749fb.jpg,True,False,False,False,False,1,1
5892bea2e.jpg,False,False,False,False,True,0,none
5892d9332.jpg,False,False,True,False,False,1,3
589ac5007.jpg,False,False,False,False,True,0,none
589dfc4f8.jpg,False,False,False,False,True,0,none
58a953c4a.jpg,False,False,False,False,True,0,none
58a9d89c8.jpg,False,False,False,False,True,0,none
58b26c5f1.jpg,False,False,True,False,False,1,3
58b3000b1.jpg,False,False,False,False,True,0,none
58b7be0f6.jpg,False,False,False,False,True,0,none
58c262a8b.jpg,False,False,True,False,False,1,3
58c2f165b.jpg,False,False,False,False,True,0,none
58c369250.jpg,False,False,False,False,True,0,none
58ce0e3cf.jpg,False,False,False,False,True,0,none
58d6e5853.jpg,False,False,False,False,True,0,none
58e0f40f8.jpg,False,False,False,False,True,0,none
58e5181db.jpg,False,False,False,False,True,0,none
58e63b56e.jpg,False,False,True,False,False,1,3
58ee62fd7.jpg,False,False,True,False,False,1,3
58f11e1cb.jpg,False,False,True,False,False,1,3
58fd1ce30.jpg,False,False,True,False,False,1,3
59063047a.jpg,False,False,False,False,True,0,none
591f6444c.jpg,False,False,False,False,True,0,none
592e75073.jpg,False,False,False,False,True,0,none
5933ec79b.jpg,False,False,False,False,True,0,none
59384b153.jpg,False,False,True,False,False,1,3
593f80e9f.jpg,False,False,False,False,True,0,none
5940f3cde.jpg,False,False,False,False,True,0,none
594303084.jpg,False,False,True,False,False,1,3
594d97d26.jpg,True,False,True,False,False,2,1+3
594e0207a.jpg,False,False,False,False,True,0,none
594e2b83f.jpg,False,False,True,False,False,1,3
5952d06e5.jpg,False,False,False,True,False,1,4
595373657.jpg,False,False,True,False,False,1,3
5956f0975.jpg,True,False,False,False,False,1,1
59664a874.jpg,False,False,False,False,True,0,none
596ab1a7f.jpg,False,False,False,False,True,0,none
596c1c20f.jpg,False,False,True,False,False,1,3
5971c43c9.jpg,False,False,False,False,True,0,none
597f1e2a5.jpg,False,False,False,False,True,0,none
5983e88bd.jpg,False,False,False,False,True,0,none
59849c3de.jpg,True,False,False,False,False,1,1
599251689.jpg,False,True,False,False,False,1,2
59931eb56.jpg,False,False,False,False,True,0,none
5994c3b58.jpg,True,False,False,False,False,1,1
59a1733a9.jpg,False,False,True,False,False,1,3
59a2887fd.jpg,False,False,True,False,False,1,3
59a5ac86a.jpg,False,False,False,False,True,0,none
59abeaf7b.jpg,False,False,False,False,True,0,none
59ae6ad57.jpg,False,False,False,False,True,0,none
59ae6de0b.jpg,False,False,False,False,True,0,none
59b20349b.jpg,False,False,True,False,False,1,3
59b3bbeaf.jpg,False,False,True,False,False,1,3
59b5007ed.jpg,False,False,False,False,True,0,none
59bc9997f.jpg,False,False,True,False,False,1,3
59bcf1693.jpg,False,False,True,False,False,1,3
59c00ad1f.jpg,False,False,True,False,False,1,3
59ce36e8a.jpg,False,False,True,False,False,1,3
59e3cf08c.jpg,False,False,False,False,True,0,none
59e4baab6.jpg,False,False,True,False,False,1,3
59e91f935.jpg,False,True,False,False,False,1,2
59f0c09bb.jpg,False,False,True,True,False,2,3+4
59f53bdb4.jpg,False,False,False,False,True,0,none
59f7de86b.jpg,False,False,False,False,True,0,none
5a036a042.jpg,False,False,False,True,False,1,4
5a0389912.jpg,False,False,True,False,False,1,3
5a03cd4f1.jpg,False,False,True,False,False,1,3
5a0a6f0d2.jpg,False,False,False,False,True,0,none
5a0b3a924.jpg,False,False,True,False,False,1,3
5a0e45b78.jpg,False,False,False,False,True,0,none
5a188bcf6.jpg,False,False,True,False,False,1,3
5a1b1601e.jpg,False,False,False,True,False,1,4
5a2a644d9.jpg,False,False,True,False,False,1,3
5a3c3a927.jpg,False,False,True,False,False,1,3
5a3db6845.jpg,False,False,True,False,False,1,3
5a3e79676.jpg,False,False,True,False,False,1,3
5a46b4407.jpg,False,False,True,False,False,1,3
5a4af1a28.jpg,False,False,False,False,True,0,none
5a4ca9b10.jpg,False,False,True,False,False,1,3
5a620fd1e.jpg,False,False,True,False,False,1,3
5a68d86b2.jpg,False,False,False,False,True,0,none
5a6a8196b.jpg,False,False,True,False,False,1,3
5a6aca360.jpg,False,False,False,False,True,0,none
5a718d72e.jpg,False,False,True,False,False,1,3
5a752f8cd.jpg,False,False,True,False,False,1,3
5a8203514.jpg,False,False,True,False,False,1,3
5a8644849.jpg,False,False,False,False,True,0,none
5a9086b81.jpg,False,False,False,False,True,0,none
5a913dda0.jpg,False,False,True,False,False,1,3
5a96ebdcf.jpg,False,False,True,False,False,1,3
5a9da43e1.jpg,False,False,False,False,True,0,none
5a9f713f3.jpg,False,False,True,False,False,1,3
5aa1c319d.jpg,False,False,True,False,False,1,3
5aa352ece.jpg,False,False,False,True,False,1,4
5aa7997bd.jpg,False,False,True,False,False,1,3
5aadb38a5.jpg,False,False,False,False,True,0,none
5ab39ca3a.jpg,False,False,False,False,True,0,none
5acf0f8cd.jpg,False,False,False,False,True,0,none
5ad48b934.jpg,True,True,False,False,False,2,1+2
5ad537934.jpg,False,False,True,False,False,1,3
5ad654fc4.jpg,True,False,False,False,False,1,1
5adb00ee3.jpg,False,False,True,False,False,1,3
5ae15c5b7.jpg,False,False,False,False,True,0,none
5af025ad7.jpg,False,False,False,True,False,1,4
5af757935.jpg,False,False,True,False,False,1,3
5afa3d1e3.jpg,False,False,True,False,False,1,3
5afe748ca.jpg,False,False,True,False,False,1,3
5aff55ed5.jpg,False,False,True,False,False,1,3
5affd9802.jpg,True,False,True,False,False,2,1+3
5b0413b89.jpg,False,False,True,False,False,1,3
5b077082b.jpg,False,False,True,False,False,1,3
5b0da4889.jpg,False,False,True,False,False,1,3
5b13aedd6.jpg,False,False,True,False,False,1,3
5b1628412.jpg,False,False,False,False,True,0,none
5b175c18c.jpg,False,False,True,False,False,1,3
5b188752b.jpg,False,False,True,False,False,1,3
5b1b444e3.jpg,False,False,False,True,False,1,4
5b1c96f09.jpg,False,False,True,False,False,1,3
5b1e3d933.jpg,False,False,True,False,False,1,3
5b1e974a2.jpg,False,False,True,False,False,1,3
5b202c6f5.jpg,False,False,True,True,False,2,3+4
5b28f3d4a.jpg,False,False,True,False,False,1,3
5b334d4db.jpg,False,False,True,False,False,1,3
5b34ea110.jpg,False,False,False,False,True,0,none
5b3685c8c.jpg,False,False,False,False,True,0,none
5b36fcd3d.jpg,False,False,False,False,True,0,none
5b3910316.jpg,False,False,False,False,True,0,none
5b3c0123f.jpg,False,False,False,False,True,0,none
5b3d4785d.jpg,False,False,False,False,True,0,none
5b3f3abe1.jpg,False,False,False,False,True,0,none
5b470a696.jpg,False,False,True,False,False,1,3
5b4d883bf.jpg,False,False,False,False,True,0,none
5b4e446d3.jpg,False,False,True,False,False,1,3
5b537b5fa.jpg,False,False,False,True,False,1,4
5b53fc5e8.jpg,False,False,True,False,False,1,3
5b5543800.jpg,False,False,False,True,False,1,4
5b58a64b9.jpg,False,False,False,False,True,0,none
5b5ad8482.jpg,False,False,True,False,False,1,3
5b615bff0.jpg,False,False,True,False,False,1,3
5b66c8d1f.jpg,False,False,True,False,False,1,3
5b6d6b7ff.jpg,False,False,False,False,True,0,none
5b6f98ba8.jpg,False,False,True,False,False,1,3
5b73c33d7.jpg,True,False,True,False,False,2,1+3
5b768be03.jpg,False,False,False,False,True,0,none
5b7e28cdb.jpg,False,False,False,False,True,0,none
5b88d9e1a.jpg,False,False,True,False,False,1,3
5b8ad534d.jpg,True,False,False,False,False,1,1
5b922560e.jpg,False,False,False,False,True,0,none
5b9b3c297.jpg,False,False,True,True,False,2,3+4
5b9c9191b.jpg,False,False,False,False,True,0,none
5b9f92d00.jpg,False,False,True,False,False,1,3
5ba141d56.jpg,True,False,False,False,False,1,1
5ba43097d.jpg,False,False,True,False,False,1,3
5ba431673.jpg,False,False,False,False,True,0,none
5ba7d0f08.jpg,False,False,True,False,False,1,3
5baeac055.jpg,False,False,True,False,False,1,3
5bb141102.jpg,False,False,False,False,True,0,none
5bb38c785.jpg,False,False,False,False,True,0,none
5bb466d48.jpg,False,False,True,False,False,1,3
5bba33b04.jpg,False,False,False,False,True,0,none
5bbb8cea1.jpg,False,False,False,False,True,0,none
5bbd809c4.jpg,False,False,True,False,False,1,3
5bc5b180b.jpg,False,False,False,False,True,0,none
5bc5d8ef0.jpg,False,False,False,False,True,0,none
5bcaca872.jpg,False,False,True,False,False,1,3
5bcc61d96.jpg,False,False,True,False,False,1,3
5bd1b4f04.jpg,False,False,False,False,True,0,none
5bd1b8afa.jpg,False,False,False,False,True,0,none
5bd332551.jpg,False,False,False,False,True,0,none
5bd81b380.jpg,False,False,False,False,True,0,none
5bdeb5f66.jpg,False,False,False,False,True,0,none
5bdf24fa3.jpg,False,False,True,False,False,1,3
5be411059.jpg,False,False,False,False,True,0,none
5bec4663f.jpg,False,False,True,False,False,1,3
5becb5ee2.jpg,False,False,True,False,False,1,3
5bf4948c3.jpg,False,False,True,False,False,1,3
5bf66cfa5.jpg,False,False,False,False,True,0,none
5bf75ef9a.jpg,False,False,False,False,True,0,none
5c030bf0c.jpg,False,False,False,False,True,0,none
5c044192f.jpg,False,False,True,False,False,1,3
5c07547b4.jpg,False,False,False,False,True,0,none
5c0f7c72d.jpg,False,False,True,False,False,1,3
5c123ad74.jpg,False,False,True,False,False,1,3
5c201d9e7.jpg,False,False,True,False,False,1,3
5c238e376.jpg,False,False,True,False,False,1,3
5c2495c58.jpg,False,False,False,False,True,0,none
5c36982d0.jpg,False,False,True,False,False,1,3
5c3ba387a.jpg,False,False,True,False,False,1,3
5c3d3b23e.jpg,False,False,False,False,True,0,none
5c3e81694.jpg,True,False,False,False,False,1,1
5c3ececea.jpg,False,False,False,False,True,0,none
5c48d6e80.jpg,False,False,False,False,True,0,none
5c52f36cd.jpg,False,False,False,False,True,0,none
5c55d1bbf.jpg,False,False,True,False,False,1,3
5c5a0ce34.jpg,False,False,False,False,True,0,none
5c5aa7bbc.jpg,False,False,True,False,False,1,3
5c68839d0.jpg,False,False,True,False,False,1,3
5c6b05529.jpg,False,False,False,False,True,0,none
5c6cba0d4.jpg,False,False,True,False,False,1,3
5c753ef63.jpg,False,False,False,False,True,0,none
5c7613c97.jpg,False,False,False,True,False,1,4
5c7a09dc0.jpg,False,False,True,False,False,1,3
5c801ba0c.jpg,False,False,True,False,False,1,3
5c8104408.jpg,False,False,False,True,False,1,4
5c86de06f.jpg,False,False,True,False,False,1,3
5c876d114.jpg,False,False,True,False,False,1,3
5c8c555a3.jpg,True,False,False,False,False,1,1
5c90de9a0.jpg,False,False,False,False,True,0,none
5c9b16686.jpg,False,False,True,False,False,1,3
5ca03f4fb.jpg,False,False,True,False,False,1,3
5ca2ccd75.jpg,False,False,True,False,False,1,3
5ca7fcc19.jpg,False,True,False,False,False,1,2
5caa63ad4.jpg,False,False,False,False,True,0,none
5cadef440.jpg,False,False,False,False,True,0,none
5cbc57544.jpg,False,False,False,False,True,0,none
5cbfcc4dd.jpg,False,False,True,False,False,1,3
5cc07468d.jpg,False,False,True,False,False,1,3
5cc1f869a.jpg,False,False,False,False,True,0,none
5cc47b140.jpg,False,False,True,False,False,1,3
5cc70cbdb.jpg,False,False,False,True,False,1,4
5cc9018f0.jpg,False,False,True,False,False,1,3
5cd2125a9.jpg,False,False,False,False,True,0,none
5cd2a9b53.jpg,False,False,False,False,True,0,none
5cd50ed32.jpg,False,False,False,False,True,0,none
5ce3611e3.jpg,False,False,True,False,False,1,3
5cef0e386.jpg,False,False,False,False,True,0,none
5cf1c8814.jpg,False,False,True,False,False,1,3
5cf1cb974.jpg,False,False,True,False,False,1,3
5cf1e588e.jpg,False,False,False,False,True,0,none
5cf49344a.jpg,False,False,False,False,True,0,none
5cf4adf72.jpg,True,False,False,False,False,1,1
5d044bd2c.jpg,False,False,True,False,False,1,3
5d046cb01.jpg,False,False,False,False,True,0,none
5d070ece7.jpg,False,False,False,False,True,0,none
5d0b67f94.jpg,False,False,False,True,False,1,4
5d11bb266.jpg,False,False,False,False,True,0,none
5d126dc5a.jpg,False,False,False,False,True,0,none
5d162a1fb.jpg,False,False,False,False,True,0,none
5d16d5e52.jpg,False,False,False,False,True,0,none
5d1aac191.jpg,False,False,True,False,False,1,3
5d1d529b0.jpg,False,False,True,False,False,1,3
5d218419b.jpg,False,False,True,False,False,1,3
5d22d4c0d.jpg,False,False,False,False,True,0,none
5d2fe9f45.jpg,True,False,False,False,False,1,1
5d31c6ec3.jpg,False,False,False,False,True,0,none
5d32d076f.jpg,False,False,False,True,False,1,4
5d34abcf4.jpg,False,False,False,False,True,0,none
5d37118aa.jpg,False,False,False,False,True,0,none
5d3cbe1fe.jpg,False,False,True,False,False,1,3
5d4462d67.jpg,False,False,False,False,True,0,none
5d465a80a.jpg,False,False,False,False,True,0,none
5d65e94a7.jpg,False,False,False,False,True,0,none
5d6a267d1.jpg,False,False,False,False,True,0,none
5d82ecaa0.jpg,False,False,False,False,True,0,none
5d853e095.jpg,False,False,True,False,False,1,3
5d8690cf6.jpg,False,False,True,False,False,1,3
5d8c2d90e.jpg,False,False,True,False,False,1,3
5d8d3463a.jpg,False,False,True,False,False,1,3
5d951f617.jpg,False,False,False,False,True,0,none
5d9995dfe.jpg,False,False,False,False,True,0,none
5d9cd57a5.jpg,False,False,False,False,True,0,none
5da0590e5.jpg,False,False,False,False,True,0,none
5da101f18.jpg,False,False,False,False,True,0,none
5da78dca1.jpg,False,False,True,False,False,1,3
5db20dd94.jpg,False,False,False,False,True,0,none
5db4d2daa.jpg,False,False,True,False,False,1,3
5dbe61887.jpg,False,False,False,False,True,0,none
5dc613459.jpg,False,False,False,False,True,0,none
5dd11afc4.jpg,False,False,False,False,True,0,none
5dd5484fc.jpg,False,False,True,False,False,1,3
5dd89309f.jpg,False,False,True,False,False,1,3
5de4f67ec.jpg,False,False,True,False,False,1,3
5dfaf5efd.jpg,False,False,False,False,True,0,none
5e0744d4b.jpg,False,False,True,False,False,1,3
5e08ca8ee.jpg,False,False,False,False,True,0,none
5e094a512.jpg,False,False,False,False,True,0,none
5e18e1844.jpg,False,False,False,False,True,0,none
5e1f34810.jpg,False,False,True,False,False,1,3
5e228bd48.jpg,False,False,False,False,True,0,none
5e29012ca.jpg,False,False,True,False,False,1,3
5e2aaff78.jpg,False,False,True,False,False,1,3
5e39d0d53.jpg,False,False,False,False,True,0,none
5e3a14360.jpg,False,False,False,False,True,0,none
5e3c6bfd8.jpg,False,False,False,False,True,0,none
5e3f90ef0.jpg,False,False,False,False,True,0,none
5e4546504.jpg,False,False,False,False,True,0,none
5e4714333.jpg,False,False,False,False,True,0,none
5e534a619.jpg,False,False,False,True,False,1,4
5e5515e05.jpg,False,False,False,False,True,0,none
5e570da14.jpg,False,False,True,False,False,1,3
5e581254c.jpg,False,False,True,False,False,1,3
5e5cce297.jpg,False,False,False,False,True,0,none
5e5f3ea95.jpg,False,False,True,True,False,2,3+4
5e658dfcb.jpg,False,False,False,False,True,0,none
5e6815274.jpg,False,False,False,False,True,0,none
5e688f8fd.jpg,False,False,False,False,True,0,none
5e6c70479.jpg,False,False,False,False,True,0,none
5e7f11c85.jpg,False,False,False,False,True,0,none
5e88c8a04.jpg,False,False,True,False,False,1,3
5e8ca0990.jpg,False,False,True,False,False,1,3
5e92f8e11.jpg,False,False,True,False,False,1,3
5e9371b0d.jpg,False,False,False,False,True,0,none
5e995a151.jpg,False,False,False,False,True,0,none
5e99fe1cd.jpg,False,False,False,False,True,0,none
5ea696356.jpg,False,False,False,False,True,0,none
5ea7bbf5f.jpg,False,False,True,False,False,1,3
5eae1fad1.jpg,False,False,True,False,False,1,3
5eb5348b3.jpg,False,False,False,True,False,1,4
5eb928f43.jpg,False,False,True,False,False,1,3
5ec3f0420.jpg,False,False,False,False,True,0,none
5ec5dd646.jpg,False,False,True,False,False,1,3
5ec80000e.jpg,False,False,True,False,False,1,3
5ed08442d.jpg,False,False,True,False,False,1,3
5ed3c7563.jpg,False,False,False,False,True,0,none
5ed60086b.jpg,False,False,False,False,True,0,none
5ed98fbe2.jpg,False,False,True,False,False,1,3
5edc97218.jpg,False,False,True,False,False,1,3
5edcbfc69.jpg,False,False,False,False,True,0,none
5ee800985.jpg,False,False,False,False,True,0,none
5eeb58b97.jpg,False,False,False,False,True,0,none
5eebc2c76.jpg,False,False,False,False,True,0,none
5f0371b4d.jpg,True,False,False,False,False,1,1
5f0c8d167.jpg,False,False,True,False,False,1,3
5f11a4623.jpg,True,False,True,False,False,2,1+3
5f121bfff.jpg,False,False,True,False,False,1,3
5f173bcc1.jpg,False,False,False,True,False,1,4
5f1db67df.jpg,False,False,False,False,True,0,none
5f2223804.jpg,False,False,True,False,False,1,3
5f28ca6de.jpg,False,False,True,False,False,1,3
5f2a4bf0b.jpg,False,False,False,False,True,0,none
5f2f465bc.jpg,False,False,False,False,True,0,none
5f33ded37.jpg,False,False,True,False,False,1,3
5f34a730b.jpg,True,False,False,False,False,1,1
5f39f57ea.jpg,False,False,True,False,False,1,3
5f3ea48cc.jpg,False,False,False,False,True,0,none
5f459aeb3.jpg,False,False,False,True,False,1,4
5f4aacd92.jpg,False,False,False,False,True,0,none
5f4e99fc7.jpg,False,False,True,False,False,1,3
5f507f470.jpg,False,False,False,False,True,0,none
5f5a2e357.jpg,False,False,False,False,True,0,none
5f5e1e310.jpg,False,False,True,False,False,1,3
5f7c066e7.jpg,False,False,False,False,True,0,none
5f7e6cfdd.jpg,False,False,False,False,True,0,none
5f925b62b.jpg,False,False,False,False,True,0,none
5f951ff8c.jpg,False,False,False,False,True,0,none
5fa0b3200.jpg,True,False,False,False,False,1,1
5fa66ef18.jpg,False,False,False,False,True,0,none
5fa81f2b5.jpg,False,False,True,False,False,1,3
5facf38ab.jpg,False,False,False,False,True,0,none
5fb058bcf.jpg,False,False,False,False,True,0,none
5fb05ccea.jpg,False,False,True,False,False,1,3
5fbb1a20d.jpg,False,False,False,False,True,0,none
5fccf97d8.jpg,True,False,False,False,False,1,1
5fd638b66.jpg,False,False,False,False,True,0,none
5fd74daee.jpg,True,False,False,False,False,1,1
5fd8e2c76.jpg,False,False,False,False,True,0,none
5fdd30811.jpg,False,False,False,False,True,0,none
5feafe9c5.jpg,False,False,True,False,False,1,3
5feba024c.jpg,False,False,False,False,True,0,none
5ff129eb1.jpg,False,False,True,False,False,1,3
5ff533576.jpg,False,False,True,False,False,1,3
5ff5438f5.jpg,False,False,True,False,False,1,3
5ff6ee14c.jpg,False,False,True,False,False,1,3
6003f62fa.jpg,False,False,False,False,True,0,none
6004d82bf.jpg,False,False,False,False,True,0,none
6006371fc.jpg,False,False,False,False,True,0,none
60067f38a.jpg,False,False,False,False,True,0,none
600a81590.jpg,False,False,False,False,True,0,none
600dcf318.jpg,False,False,False,False,True,0,none
601e77e84.jpg,False,False,False,False,True,0,none
602288d9c.jpg,False,False,True,False,False,1,3
6023f98ef.jpg,False,False,True,False,False,1,3
602a29dac.jpg,False,False,False,False,True,0,none
602bfaba5.jpg,False,False,False,True,False,1,4
602f44c93.jpg,False,False,False,False,True,0,none
603283b48.jpg,False,False,False,False,True,0,none
603bb9003.jpg,True,False,True,False,False,2,1+3
603fc5bfa.jpg,False,False,False,False,True,0,none
604e200e1.jpg,False,False,True,False,False,1,3
6057309ad.jpg,False,False,False,False,True,0,none
6057916d4.jpg,False,False,True,False,False,1,3
605ed0050.jpg,False,True,False,False,False,1,2
606f35768.jpg,True,False,False,False,False,1,1
607105dac.jpg,True,False,False,False,False,1,1
6078cc0b1.jpg,False,False,True,False,False,1,3
6081f6677.jpg,False,False,True,False,False,1,3
6085fc4cc.jpg,False,False,True,False,False,1,3
6088b253e.jpg,False,False,False,False,True,0,none
608bd49bc.jpg,False,False,False,False,True,0,none
60906c3a1.jpg,False,False,True,False,False,1,3
6091e8db7.jpg,False,False,False,False,True,0,none
6092ccb86.jpg,False,False,False,False,True,0,none
6099f39dc.jpg,False,False,False,False,True,0,none
60a4b3df2.jpg,False,False,True,False,False,1,3
60a5ee89e.jpg,False,False,True,False,False,1,3
60a90c7d3.jpg,False,False,False,False,True,0,none
60aca03e2.jpg,False,False,True,False,False,1,3
60b79ec56.jpg,False,False,False,False,True,0,none
60bc48f6b.jpg,False,False,True,False,False,1,3
60bdfb21b.jpg,False,False,True,False,False,1,3
60bed88a7.jpg,False,False,False,False,True,0,none
60c41d5b0.jpg,False,False,False,False,True,0,none
60c48f53e.jpg,False,False,False,False,True,0,none
60d7248a8.jpg,True,False,True,False,False,2,1+3
60d7ee261.jpg,False,False,True,False,False,1,3
60efe3f90.jpg,False,False,False,True,False,1,4
60f9e221f.jpg,False,False,False,False,True,0,none
60f9f7ff2.jpg,False,False,True,False,False,1,3
60fb3a793.jpg,False,False,True,False,False,1,3
6100ef061.jpg,False,False,False,False,True,0,none
6100fae0f.jpg,True,False,False,False,False,1,1
6104918a5.jpg,False,False,False,False,True,0,none
61072870e.jpg,False,False,False,False,True,0,none
6109c07c7.jpg,False,False,False,False,True,0,none
610a6d546.jpg,False,False,False,False,True,0,none
6110a6c5f.jpg,False,False,False,False,True,0,none
611966559.jpg,False,False,False,False,True,0,none
611ed97fe.jpg,False,False,False,False,True,0,none
61204ded5.jpg,False,False,True,False,False,1,3
61228a49c.jpg,False,False,True,False,False,1,3
612456357.jpg,False,False,False,False,True,0,none
612c0d930.jpg,False,False,True,False,False,1,3
612d86c8b.jpg,False,False,False,False,True,0,none
6137b0b89.jpg,False,False,False,False,True,0,none
613faa9d3.jpg,False,False,False,False,True,0,none
614054f86.jpg,False,False,False,False,True,0,none
6143631ab.jpg,False,False,True,False,False,1,3
61457b567.jpg,False,False,False,True,False,1,4
6149dc4ee.jpg,True,False,True,False,False,2,1+3
614a8349b.jpg,False,False,True,False,False,1,3
614e8523d.jpg,False,False,True,False,False,1,3
6160e3483.jpg,False,False,False,False,True,0,none
616646b4d.jpg,False,False,True,False,False,1,3
617b8af67.jpg,False,False,False,False,True,0,none
6181243e8.jpg,False,False,False,False,True,0,none
6181b0a92.jpg,False,True,False,False,False,1,2
61835d07a.jpg,False,False,True,False,False,1,3
618f0ff16.jpg,False,False,True,False,False,1,3
6190fe546.jpg,False,False,True,False,False,1,3
6195c3cf0.jpg,False,False,False,False,True,0,none
619733902.jpg,False,False,False,False,True,0,none
619e14fc9.jpg,False,False,False,False,True,0,none
619e26127.jpg,False,False,False,False,True,0,none
619f5dc9c.jpg,False,False,False,False,True,0,none
61a06d797.jpg,False,False,True,False,False,1,3
61a0d669a.jpg,False,False,True,False,False,1,3
61a2a3de3.jpg,False,False,False,False,True,0,none
61a365822.jpg,False,False,True,False,False,1,3
61a58bcc6.jpg,False,False,False,False,True,0,none
61b4b7771.jpg,False,False,True,False,False,1,3
61b5984bb.jpg,False,False,False,False,True,0,none
61bbee823.jpg,False,False,True,False,False,1,3
61bc906d9.jpg,False,False,True,False,False,1,3
61be1f51b.jpg,False,False,False,True,False,1,4
61cbb3c15.jpg,False,False,True,False,False,1,3
61cd2a4f4.jpg,False,False,False,False,True,0,none
61defe67d.jpg,False,False,False,False,True,0,none
61dff697f.jpg,False,False,True,False,False,1,3
61e56bfc1.jpg,False,False,False,False,True,0,none
61e8a808c.jpg,False,False,True,False,False,1,3
61f1a5464.jpg,False,False,False,False,True,0,none
61f22bd01.jpg,False,False,True,False,False,1,3
61f93524d.jpg,False,False,True,True,False,2,3+4
620100d93.jpg,False,False,True,False,False,1,3
620568126.jpg,False,False,True,False,False,1,3
6207b71f1.jpg,False,False,False,False,True,0,none
6209acbc4.jpg,True,False,False,False,False,1,1
620f810e7.jpg,False,False,True,False,False,1,3
621086ad2.jpg,False,False,False,False,True,0,none
62122709f.jpg,False,False,True,False,False,1,3
6212e44a0.jpg,False,False,True,False,False,1,3
621706556.jpg,False,False,False,False,True,0,none
6218cd94a.jpg,False,False,True,False,False,1,3
621ba04b6.jpg,False,False,False,False,True,0,none
621c327d0.jpg,False,False,False,False,True,0,none
621c5bfe5.jpg,False,False,False,True,False,1,4
622086df1.jpg,False,False,True,False,False,1,3
622808ac3.jpg,False,False,True,False,False,1,3
622851fbe.jpg,False,False,False,False,True,0,none
6233c9643.jpg,False,False,True,False,False,1,3
6234abc59.jpg,False,False,False,False,True,0,none
62390e1f1.jpg,False,False,False,False,True,0,none
623c8ea1a.jpg,False,False,False,False,True,0,none
6241f88fd.jpg,False,False,False,False,True,0,none
6246f7cae.jpg,False,False,True,False,False,1,3
624a6daf6.jpg,False,False,False,False,True,0,none
624b76e5c.jpg,True,False,False,False,False,1,1
624e942f6.jpg,False,False,True,False,False,1,3
624f2fd87.jpg,False,False,False,False,True,0,none
624ff10c3.jpg,False,False,False,False,True,0,none
625c1af1f.jpg,False,False,False,False,True,0,none
62631fed1.jpg,False,False,False,False,True,0,none
62638f27a.jpg,False,False,False,False,True,0,none
6267f94de.jpg,False,False,True,False,False,1,3
6276bd13c.jpg,False,False,True,False,False,1,3
627b98bc7.jpg,True,False,True,False,False,2,1+3
627fef214.jpg,False,False,True,False,False,1,3
62849bbef.jpg,False,False,True,False,False,1,3
628986ff3.jpg,False,False,False,False,True,0,none
628aaf2df.jpg,True,False,False,False,False,1,1
629277c2f.jpg,True,False,False,False,False,1,1
6293b99e3.jpg,False,False,False,False,True,0,none
629900275.jpg,False,False,False,True,False,1,4
629f417ee.jpg,False,False,False,False,True,0,none
62a1af2c1.jpg,False,False,True,False,False,1,3
62a4c01b4.jpg,False,False,False,False,True,0,none
62a62b552.jpg,False,False,True,False,False,1,3
62a9535b1.jpg,True,False,False,False,False,1,1
62b0a31ba.jpg,False,False,True,False,False,1,3
62b0efabd.jpg,False,False,False,False,True,0,none
62b560fca.jpg,False,False,False,False,True,0,none
62b6e4d5d.jpg,False,False,False,False,True,0,none
62b81735c.jpg,False,False,True,True,False,2,3+4
62bae0f56.jpg,False,False,True,False,False,1,3
62bf70fee.jpg,False,True,False,False,False,1,2
62c1c5dcb.jpg,False,False,True,False,False,1,3
62c3df080.jpg,False,False,False,False,True,0,none
62c4f10d3.jpg,False,False,False,False,True,0,none
62cf0b008.jpg,False,False,False,False,True,0,none
62d22c41a.jpg,False,False,False,False,True,0,none
62d9fd113.jpg,False,False,True,False,False,1,3
62de7fd2d.jpg,False,False,False,False,True,0,none
62e356985.jpg,False,False,True,True,False,2,3+4
62e5f5e95.jpg,False,False,False,False,True,0,none
62e75b91a.jpg,False,False,False,False,True,0,none
62f1544bb.jpg,False,False,True,False,False,1,3
62f84c877.jpg,False,False,True,False,False,1,3
62f8d0911.jpg,False,False,False,False,True,0,none
62febb8d5.jpg,False,False,False,False,True,0,none
63066e3a7.jpg,False,False,False,False,True,0,none
6308e03ad.jpg,False,False,True,False,False,1,3
631774933.jpg,False,False,True,False,False,1,3
631c2334a.jpg,False,False,False,True,False,1,4
631eb3826.jpg,False,False,True,False,False,1,3
6320ec8c6.jpg,False,False,True,False,False,1,3
632133372.jpg,False,False,True,False,False,1,3
632afd007.jpg,False,False,False,False,True,0,none
6336c7ef4.jpg,False,False,True,False,False,1,3
633701ae3.jpg,False,False,True,False,False,1,3
633b2f9e5.jpg,False,False,False,False,True,0,none
633e82d81.jpg,False,False,False,False,True,0,none
6343860bc.jpg,False,False,True,False,False,1,3
6345babc1.jpg,False,False,False,False,True,0,none
634f15fd4.jpg,False,False,False,False,True,0,none
6353833df.jpg,False,False,True,False,False,1,3
63541b5aa.jpg,False,False,False,False,True,0,none
6355bcd53.jpg,False,False,True,False,False,1,3
6355bf572.jpg,True,False,False,False,False,1,1
635c14be4.jpg,False,False,False,False,True,0,none
636139dbf.jpg,False,False,False,False,True,0,none
636214476.jpg,False,False,True,False,False,1,3
6365e8fb8.jpg,False,False,False,False,True,0,none
636700b91.jpg,False,False,True,False,False,1,3
636852a01.jpg,False,False,True,False,False,1,3
636bad9bd.jpg,False,False,True,False,False,1,3
6377c76ee.jpg,False,False,False,False,True,0,none
637a0124c.jpg,False,False,False,False,True,0,none
6382e222f.jpg,False,False,False,False,True,0,none
638531c87.jpg,False,False,True,False,False,1,3
638b05d55.jpg,False,False,True,False,False,1,3
6395f8bf1.jpg,True,False,False,False,False,1,1
63972a7c5.jpg,False,False,True,False,False,1,3
639c7495a.jpg,False,False,True,False,False,1,3
639f2d9e3.jpg,False,False,False,False,True,0,none
63a3aaaa4.jpg,False,False,False,False,True,0,none
63ad80e46.jpg,False,False,False,False,True,0,none
63adb88f1.jpg,True,False,False,False,False,1,1
63b63d495.jpg,False,False,True,False,False,1,3
63b6edd7e.jpg,True,False,False,False,False,1,1
63c0e226d.jpg,False,False,False,False,True,0,none
63c219c6f.jpg,False,False,False,False,True,0,none
63c46a774.jpg,True,False,True,False,False,2,1+3
63ca8ab06.jpg,False,False,False,False,True,0,none
63cea57a1.jpg,True,False,False,False,False,1,1
63cf275e8.jpg,False,False,True,False,False,1,3
63d58f327.jpg,False,False,False,False,True,0,none
63d67f57b.jpg,True,False,False,False,False,1,1
63d8f0be1.jpg,False,False,True,False,False,1,3
63da8f810.jpg,False,False,True,False,False,1,3
63ee5bc32.jpg,False,False,False,False,True,0,none
63f58e5d6.jpg,False,False,False,False,True,0,none
63fde7ae0.jpg,False,False,True,False,False,1,3
640174345.jpg,False,False,False,False,True,0,none
6402acfcf.jpg,False,False,False,False,True,0,none
64050cece.jpg,False,False,False,False,True,0,none
64061cda4.jpg,False,False,False,False,True,0,none
6406c1e6f.jpg,False,False,True,False,False,1,3
6408573ce.jpg,False,False,False,False,True,0,none
640b3aede.jpg,True,False,False,False,False,1,1
641f7876e.jpg,False,False,False,False,True,0,none
64261b3f7.jpg,False,False,True,False,False,1,3
642cfbe74.jpg,False,False,True,False,False,1,3
6430ea237.jpg,True,False,True,False,False,2,1+3
64361cd8b.jpg,False,False,True,False,False,1,3
643eac906.jpg,False,False,False,False,True,0,none
643f181f4.jpg,False,False,True,False,False,1,3
64443519b.jpg,True,False,True,False,False,2,1+3
644f9c71d.jpg,True,False,True,False,False,2,1+3
6458159d8.jpg,False,False,True,False,False,1,3
646a22b43.jpg,False,False,True,False,False,1,3
646a4e69a.jpg,False,False,True,False,False,1,3
646acd6c3.jpg,False,False,False,False,True,0,none
646b93bc9.jpg,False,False,False,False,True,0,none
6474fa9b0.jpg,False,False,False,False,True,0,none
64782db0a.jpg,True,False,False,False,False,1,1
648e67d1b.jpg,False,True,False,False,False,1,2
64934ac51.jpg,False,False,True,False,False,1,3
64945c8c0.jpg,False,False,False,False,True,0,none
649822bd7.jpg,False,False,True,False,False,1,3
649890305.jpg,False,False,True,False,False,1,3
64a5f8c80.jpg,False,False,True,False,False,1,3
64a9ec83c.jpg,False,False,False,False,True,0,none
64b0f37d7.jpg,False,False,False,False,True,0,none
64b4c2791.jpg,False,False,False,False,True,0,none
64b571a9a.jpg,False,False,True,False,False,1,3
64b61a1b3.jpg,False,False,True,False,False,1,3
64c16a1c2.jpg,False,False,True,False,False,1,3
64c57880e.jpg,True,False,False,False,False,1,1
64c97319b.jpg,False,False,True,False,False,1,3
64ca31bd3.jpg,False,False,True,False,False,1,3
64dc9ef9a.jpg,True,False,True,False,False,2,1+3
64e49facc.jpg,False,False,False,False,True,0,none
64e81deca.jpg,False,False,False,False,True,0,none
64e954c1f.jpg,False,False,False,False,True,0,none
64f0c5fe1.jpg,False,False,False,False,True,0,none
64f5988c1.jpg,False,False,False,False,True,0,none
64fbf5822.jpg,False,False,False,False,True,0,none
64fc246e7.jpg,False,False,True,False,False,1,3
64fd46742.jpg,False,False,False,False,True,0,none
64fdc1a7a.jpg,False,False,True,False,False,1,3
6500a95e7.jpg,False,False,False,False,True,0,none
6505eb32e.jpg,False,False,False,False,True,0,none
6506c22cb.jpg,False,False,False,False,True,0,none
650ae9b05.jpg,False,False,True,False,False,1,3
650fa0a7a.jpg,False,False,True,False,False,1,3
651185c18.jpg,False,False,False,False,True,0,none
653125e34.jpg,False,False,False,False,True,0,none
65353e7e0.jpg,False,False,False,False,True,0,none
653655d53.jpg,True,False,False,False,False,1,1
653a31140.jpg,False,False,True,False,False,1,3
653bcd600.jpg,False,False,False,False,True,0,none
653eb7e80.jpg,False,False,True,False,False,1,3
6550a2b76.jpg,False,False,False,False,True,0,none
6560f3c7e.jpg,False,False,False,False,True,0,none
65657b8ed.jpg,False,False,True,False,False,1,3
65688fbc2.jpg,False,False,True,False,False,1,3
656af14a7.jpg,False,False,False,False,True,0,none
657f2e15d.jpg,False,False,False,False,True,0,none
65829e956.jpg,False,False,False,False,True,0,none
65841b207.jpg,False,False,True,False,False,1,3
6588cf973.jpg,False,False,True,False,False,1,3
658ad1fc9.jpg,False,False,True,False,False,1,3
65903909a.jpg,False,False,True,False,False,1,3
6592d059e.jpg,False,False,False,False,True,0,none
6594f3191.jpg,False,False,False,False,True,0,none
659985985.jpg,False,False,True,False,False,1,3
65a93d127.jpg,False,False,False,False,True,0,none
65af2dedf.jpg,False,False,False,False,True,0,none
65b01c557.jpg,False,False,True,False,False,1,3
65b4ca139.jpg,False,False,False,False,True,0,none
65b6e175c.jpg,False,False,True,False,False,1,3
65b962305.jpg,False,False,False,True,False,1,4
65bb052e9.jpg,False,False,True,False,False,1,3
65cb0add2.jpg,False,False,False,False,True,0,none
65cdc6528.jpg,False,False,True,False,False,1,3
65cf822cb.jpg,False,False,False,False,True,0,none
65d3d7a0c.jpg,False,False,True,False,False,1,3
65d8eae69.jpg,False,False,False,False,True,0,none
65dabbb96.jpg,False,False,False,False,True,0,none
65ddaa254.jpg,False,False,False,False,True,0,none
65e2c4248.jpg,False,False,False,False,True,0,none
65eb8d35d.jpg,False,False,False,False,True,0,none
65eed1612.jpg,False,False,True,False,False,1,3
65f1d83fb.jpg,False,False,True,False,False,1,3
65f40b75f.jpg,True,False,False,False,False,1,1
65f9c520b.jpg,False,False,True,False,False,1,3
6603e9f89.jpg,False,False,False,True,False,1,4
66110a5d2.jpg,False,False,False,False,True,0,none
661c42b97.jpg,False,False,False,False,True,0,none
661f3fe2b.jpg,False,False,False,False,True,0,none
661fcb87e.jpg,False,False,True,False,False,1,3
662e5a5ee.jpg,False,False,False,False,True,0,none
663248e1d.jpg,False,False,False,False,True,0,none
6634574cd.jpg,False,False,False,False,True,0,none
663abe741.jpg,False,False,False,False,True,0,none
66480ece5.jpg,False,False,False,False,True,0,none
664c8105a.jpg,False,False,True,False,False,1,3
66574a641.jpg,False,False,True,False,False,1,3
665a8347a.jpg,False,False,False,False,True,0,none
6666f7f16.jpg,False,False,True,False,False,1,3
6668e50d0.jpg,False,False,True,False,False,1,3
666960b16.jpg,False,False,False,False,True,0,none
667f219fa.jpg,False,False,False,False,True,0,none
66849c8bd.jpg,False,False,True,False,False,1,3
6685aa0f5.jpg,False,False,False,False,True,0,none
6686b6b23.jpg,False,False,True,False,False,1,3
668acdbde.jpg,False,False,False,False,True,0,none
66987e071.jpg,False,False,True,False,False,1,3
669dbcc19.jpg,False,False,True,False,False,1,3
66a1eb528.jpg,False,False,False,False,True,0,none
66a481744.jpg,False,False,False,False,True,0,none
66a7b82b6.jpg,False,False,True,False,False,1,3
66ac60af4.jpg,False,False,True,False,False,1,3
66b5979ce.jpg,False,False,False,False,True,0,none
66b5d6b19.jpg,False,False,True,False,False,1,3
66c272e62.jpg,True,False,False,False,False,1,1
66c2e78b0.jpg,False,False,False,False,True,0,none
66c456295.jpg,False,False,False,False,True,0,none
66c487b25.jpg,True,False,True,False,False,2,1+3
66c5ec0b4.jpg,False,False,False,False,True,0,none
66c7d94b2.jpg,False,False,True,False,False,1,3
66d9ba8db.jpg,False,False,False,False,True,0,none
66e2fee14.jpg,False,False,False,False,True,0,none
66e43edf6.jpg,True,False,False,False,False,1,1
66e478529.jpg,False,False,False,False,True,0,none
66e6c8a78.jpg,False,False,False,False,True,0,none
66e89afaa.jpg,True,False,False,False,False,1,1
66ee58a7b.jpg,False,False,False,False,True,0,none
66f999f2d.jpg,False,False,False,False,True,0,none
66fb37513.jpg,False,False,False,False,True,0,none
67014d942.jpg,False,False,False,False,True,0,none
6705eb964.jpg,False,False,True,False,False,1,3
670b74b68.jpg,True,False,False,False,False,1,1
670dc6f72.jpg,False,False,True,True,False,2,3+4
67147fba9.jpg,False,False,False,False,True,0,none
6714ba056.jpg,False,False,True,False,False,1,3
6724b9623.jpg,False,False,False,False,True,0,none
672534146.jpg,False,False,False,False,True,0,none
67270238f.jpg,False,False,False,False,True,0,none
672a24d19.jpg,False,False,True,False,False,1,3
672af20b5.jpg,False,False,False,False,True,0,none
672dfd40c.jpg,False,False,False,False,True,0,none
673099a5e.jpg,False,False,False,False,True,0,none
6745075b9.jpg,False,False,True,False,False,1,3
674be7ddd.jpg,True,False,False,False,False,1,1
6753759e0.jpg,False,False,True,False,False,1,3
67558ad53.jpg,False,False,True,False,False,1,3
67579f49a.jpg,False,False,False,True,False,1,4
675ee4ba3.jpg,False,False,True,False,False,1,3
676de457e.jpg,False,False,False,True,False,1,4
67741aee6.jpg,False,False,True,False,False,1,3
677828765.jpg,False,False,False,True,False,1,4
6778e2f4c.jpg,False,False,False,False,True,0,none
67799f68e.jpg,False,False,False,False,True,0,none
677be2fe2.jpg,False,False,True,False,False,1,3
677ec10b9.jpg,False,False,True,False,False,1,3
6791c36e9.jpg,False,True,False,False,False,1,2
6796e2c3f.jpg,False,False,False,False,True,0,none
67995d23c.jpg,False,False,True,False,False,1,3
679af1ef8.jpg,False,False,True,False,False,1,3
679f4601f.jpg,True,False,False,False,False,1,1
67a047923.jpg,False,False,True,False,False,1,3
67a174dc4.jpg,False,False,True,False,False,1,3
67a5a06f1.jpg,False,False,True,False,False,1,3
67a9dd552.jpg,False,True,False,False,False,1,2
67ae369d2.jpg,False,False,True,False,False,1,3
67b58c49d.jpg,False,False,False,False,True,0,none
67c195368.jpg,False,False,True,False,False,1,3
67c9858c9.jpg,False,False,True,False,False,1,3
67d475776.jpg,False,False,True,False,False,1,3
67e2d14a6.jpg,False,False,True,False,False,1,3
67e32351d.jpg,False,False,False,False,True,0,none
67ea2cf0a.jpg,False,False,False,False,True,0,none
67f6a8868.jpg,False,False,True,False,False,1,3
67fc6eeb8.jpg,False,False,False,False,True,0,none
67fce2600.jpg,False,False,True,True,False,2,3+4
67fd150c6.jpg,False,False,True,False,False,1,3
67ffa0fc7.jpg,False,False,True,False,False,1,3
6812ce51c.jpg,False,False,True,False,False,1,3
68142cad1.jpg,False,False,True,False,False,1,3
68150e7ff.jpg,False,False,True,False,False,1,3
6818b1f86.jpg,False,False,False,False,True,0,none
681af7b91.jpg,False,False,True,False,False,1,3
681d859d3.jpg,False,False,True,False,False,1,3
6821137c5.jpg,False,False,False,False,True,0,none
682271cbc.jpg,False,False,True,False,False,1,3
6825de090.jpg,False,False,True,False,False,1,3
6826c7bde.jpg,True,False,False,False,False,1,1
682bdb9ca.jpg,False,False,False,False,True,0,none
683ad3cc1.jpg,True,False,False,False,False,1,1
6842d4cd3.jpg,False,False,False,False,True,0,none
6846b82fa.jpg,False,False,True,False,False,1,3
684b34ac4.jpg,False,False,False,False,True,0,none
684c99351.jpg,False,False,True,False,False,1,3
684f614fb.jpg,False,False,False,False,True,0,none
6850e8c5c.jpg,False,False,False,False,True,0,none
68511f15f.jpg,True,False,False,False,False,1,1
685593407.jpg,False,False,True,False,False,1,3
685b767f1.jpg,False,False,False,True,False,1,4
6860ae804.jpg,False,False,True,False,False,1,3
68656ca18.jpg,False,False,True,False,False,1,3
686579cd4.jpg,False,False,True,False,False,1,3
68666853c.jpg,False,False,False,False,True,0,none
6869514ca.jpg,False,False,False,False,True,0,none
686d19124.jpg,False,False,False,False,True,0,none
687059efc.jpg,False,False,False,False,True,0,none
687118e67.jpg,False,False,False,False,True,0,none
687cd2813.jpg,False,False,False,False,True,0,none
689491df4.jpg,False,False,False,False,True,0,none
689768b30.jpg,False,False,True,False,False,1,3
689a96bbe.jpg,False,False,False,False,True,0,none
689af3e16.jpg,False,False,True,False,False,1,3
689c12926.jpg,False,False,False,False,True,0,none
689d35c98.jpg,False,False,False,False,True,0,none
68a2a6fa7.jpg,False,False,True,False,False,1,3
68a4ef23c.jpg,False,False,False,False,True,0,none
68a6a07f3.jpg,False,False,True,False,False,1,3
68a931b71.jpg,False,False,True,False,False,1,3
68b70cab1.jpg,False,False,True,False,False,1,3
68c9524d6.jpg,True,False,False,False,False,1,1
68cc04a14.jpg,False,True,False,False,False,1,2
68d3c7be2.jpg,False,False,True,False,False,1,3
68d96eaa7.jpg,False,False,False,False,True,0,none
68da017c7.jpg,False,False,False,False,True,0,none
68db9ad2d.jpg,False,False,False,False,True,0,none
68e5d4470.jpg,False,False,False,False,True,0,none
68e9a1ae8.jpg,False,False,False,False,True,0,none
68ebc581e.jpg,False,False,True,False,False,1,3
68f01dba9.jpg,False,False,False,False,True,0,none
69053f274.jpg,False,False,False,False,True,0,none
69071acbc.jpg,False,False,True,False,False,1,3
6909e168c.jpg,True,False,False,False,False,1,1
690afc09e.jpg,True,False,False,False,False,1,1
690f160a5.jpg,False,False,False,False,True,0,none
6911bf7b2.jpg,False,False,False,False,True,0,none
6915f678b.jpg,False,False,True,False,False,1,3
691680efc.jpg,False,False,True,False,False,1,3
6916a083e.jpg,False,False,True,False,False,1,3
6918f5a24.jpg,False,False,False,False,True,0,none
69205724f.jpg,True,False,False,False,False,1,1
69231176e.jpg,False,False,True,True,False,2,3+4
692989ec2.jpg,False,False,False,False,True,0,none
692b061c7.jpg,False,False,False,False,True,0,none
692c14cc2.jpg,False,False,True,False,False,1,3
692c9f467.jpg,False,False,False,False,True,0,none
6931cadb0.jpg,False,False,False,False,True,0,none
69365fabd.jpg,False,False,True,False,False,1,3
6937b02b5.jpg,False,False,False,False,True,0,none
693f88388.jpg,False,False,False,True,False,1,4
69403726e.jpg,False,False,True,False,False,1,3
6943e2d09.jpg,False,False,True,False,False,1,3
694899d8e.jpg,False,False,False,False,True,0,none
694a51dba.jpg,False,False,False,False,True,0,none
6950bbedb.jpg,False,False,False,False,True,0,none
6951354ff.jpg,False,False,False,False,True,0,none
695a460be.jpg,False,False,True,False,False,1,3
695eeab4e.jpg,False,False,False,False,True,0,none
6966ed5f1.jpg,False,True,False,False,False,1,2
696b1d9d7.jpg,False,False,False,False,True,0,none
696b8ab21.jpg,False,False,True,False,False,1,3
697149900.jpg,False,False,True,False,False,1,3
697427d70.jpg,False,False,True,False,False,1,3
6976314b8.jpg,False,False,True,False,False,1,3
6978ec041.jpg,False,False,False,False,True,0,none
697ff5265.jpg,False,False,False,False,True,0,none
6985a34e0.jpg,True,False,False,False,False,1,1
698995345.jpg,False,False,True,False,False,1,3
698cfb297.jpg,False,False,False,False,True,0,none
698f3d5c2.jpg,False,False,False,False,True,0,none
698fdc957.jpg,False,False,False,False,True,0,none
6998f83b7.jpg,False,False,False,False,True,0,none
69a826bd5.jpg,False,False,False,True,False,1,4
69a9effa0.jpg,False,False,False,True,False,1,4
69ac3c629.jpg,False,False,False,True,False,1,4
69b01f980.jpg,False,False,False,False,True,0,none
69c728b51.jpg,False,False,True,False,False,1,3
69cd30414.jpg,False,False,False,False,True,0,none
69cf6690b.jpg,False,False,False,False,True,0,none
69d546af3.jpg,False,False,True,False,False,1,3
69d95aeea.jpg,False,False,True,False,False,1,3
69df9d97b.jpg,True,False,False,False,False,1,1
69e2943d2.jpg,False,False,True,False,False,1,3
69e3729fa.jpg,False,False,False,False,True,0,none
69e5aff01.jpg,False,False,False,False,True,0,none
69e618f88.jpg,False,False,True,False,False,1,3
69eb01d92.jpg,False,False,False,False,True,0,none
69ed700cd.jpg,False,False,False,False,True,0,none
69f290a7f.jpg,True,False,True,False,False,2,1+3
69f4aebe6.jpg,False,False,False,True,False,1,4
69f723ceb.jpg,False,False,True,False,False,1,3
69f87ba66.jpg,False,False,False,False,True,0,none
69fa024d2.jpg,False,False,False,False,True,0,none
6a0322a07.jpg,False,False,True,False,False,1,3
6a039865f.jpg,False,False,False,False,True,0,none
6a06e0328.jpg,False,False,True,False,False,1,3
6a09f4e4d.jpg,False,False,False,False,True,0,none
6a0a4fcc2.jpg,False,False,False,False,True,0,none
6a15b9733.jpg,False,False,False,True,False,1,4
6a248797a.jpg,True,False,False,False,False,1,1
6a2cc27b6.jpg,False,False,False,False,True,0,none
6a318ff73.jpg,False,False,False,False,True,0,none
6a3645f29.jpg,False,False,False,False,True,0,none
6a4425d33.jpg,False,False,False,False,True,0,none
6a46b70e7.jpg,False,False,False,False,True,0,none
6a4efceac.jpg,False,False,True,False,False,1,3
6a503e352.jpg,False,False,False,False,True,0,none
6a567df0b.jpg,False,False,True,False,False,1,3
6a5ae043c.jpg,False,False,False,False,True,0,none
6a64ceedf.jpg,False,False,False,True,False,1,4
6a6c25bd1.jpg,False,False,True,False,False,1,3
6a6e08613.jpg,False,False,False,False,True,0,none
6a7567d37.jpg,False,False,False,False,True,0,none
6a7b866b8.jpg,False,False,False,False,True,0,none
6a7d34c5c.jpg,False,False,False,False,True,0,none
6a7f81abd.jpg,False,False,False,False,True,0,none
6a81d86ab.jpg,False,False,False,False,True,0,none
6a87cd08c.jpg,False,False,False,False,True,0,none
6a8d360f7.jpg,False,False,True,False,False,1,3
6a8fbd4d1.jpg,False,False,False,False,True,0,none
6a922ea4a.jpg,False,False,False,False,True,0,none
6a99258af.jpg,False,False,False,False,True,0,none
6a9ff4b0c.jpg,False,True,False,False,False,1,2
6a9ff8fdd.jpg,False,False,False,False,True,0,none
6aa1495af.jpg,False,False,True,False,False,1,3
6aa69e12c.jpg,False,False,False,False,True,0,none
6aadb8486.jpg,True,False,False,False,False,1,1
6aaead7bb.jpg,False,False,True,False,False,1,3
6aaed4429.jpg,False,False,False,False,True,0,none
6ab70e8cb.jpg,False,False,True,False,False,1,3
6abf76aad.jpg,False,False,True,False,False,1,3
6ac05a8e4.jpg,False,False,False,False,True,0,none
6ac1c730f.jpg,False,False,True,False,False,1,3
6ac1d05d3.jpg,False,False,True,False,False,1,3
6ad48f01b.jpg,False,False,True,True,False,2,3+4
6ad67f690.jpg,False,False,True,False,False,1,3
6ad950bb6.jpg,False,False,False,False,True,0,none
6add08a01.jpg,False,False,False,False,True,0,none
6adf77c70.jpg,False,False,True,False,False,1,3
6ae3db7d0.jpg,False,False,False,False,True,0,none
6af49356c.jpg,False,False,False,False,True,0,none
6afa917f2.jpg,False,False,False,False,True,0,none
6afb926ab.jpg,False,False,False,False,True,0,none
6afbf77ec.jpg,False,False,True,False,False,1,3
6b0039cda.jpg,False,False,False,False,True,0,none
6b01c6257.jpg,True,False,False,False,False,1,1
6b0b37549.jpg,False,False,False,True,False,1,4
6b0d038b9.jpg,False,False,False,False,True,0,none
6b173c7cd.jpg,True,False,False,False,False,1,1
6b226dec1.jpg,False,False,True,False,False,1,3
6b22a1e37.jpg,False,False,False,False,True,0,none
6b26c1a9a.jpg,False,False,False,False,True,0,none
6b2891fd8.jpg,False,False,False,False,True,0,none
6b2a60dba.jpg,False,False,False,False,True,0,none
6b2fa8dea.jpg,False,False,False,False,True,0,none
6b36665ef.jpg,False,False,True,False,False,1,3
6b39ef48e.jpg,False,False,True,False,False,1,3
6b3cd0de2.jpg,False,False,False,False,True,0,none
6b3cdd9d1.jpg,False,False,False,True,False,1,4
6b3d02bce.jpg,False,False,True,False,False,1,3
6b4308d55.jpg,False,False,True,False,False,1,3
6b463443e.jpg,False,False,False,False,True,0,none
6b4d25284.jpg,False,False,True,False,False,1,3
6b513db3b.jpg,False,False,True,True,False,2,3+4
6b53b62be.jpg,False,True,False,False,False,1,2
6b634bbe9.jpg,True,False,False,False,False,1,1
6b6497cef.jpg,False,False,False,False,True,0,none
6b665ad9f.jpg,False,False,False,False,True,0,none
6b6a070d0.jpg,False,False,True,False,False,1,3
6b6fce7c2.jpg,False,False,False,False,True,0,none
6b7387486.jpg,False,False,True,False,False,1,3
6b7b04599.jpg,False,False,True,False,False,1,3
6b7e04658.jpg,False,False,True,False,False,1,3
6b7ea4c13.jpg,False,False,True,False,False,1,3
6b8389e9b.jpg,False,False,False,False,True,0,none
6b86a9593.jpg,False,True,False,False,False,1,2
6b8b5c4a5.jpg,False,True,False,False,False,1,2
6b9106729.jpg,False,False,False,False,True,0,none
6b92f5221.jpg,False,False,True,False,False,1,3
6b9b11301.jpg,False,False,True,False,False,1,3
6b9bed01e.jpg,False,False,True,False,False,1,3
6ba4067d5.jpg,False,False,False,False,True,0,none
6ba94954a.jpg,False,False,True,False,False,1,3
6bb002045.jpg,False,False,True,False,False,1,3
6bb12c4ad.jpg,False,False,False,False,True,0,none
6bb4797fb.jpg,False,False,False,False,True,0,none
6bbc3a488.jpg,False,False,True,False,False,1,3
6bc6e2cbc.jpg,False,False,False,False,True,0,none
6bc7c35cd.jpg,False,False,True,False,False,1,3
6bcfe3b99.jpg,False,False,False,False,True,0,none
6bd0ca419.jpg,False,False,True,False,False,1,3
6bd87aed9.jpg,False,False,True,False,False,1,3
6bdd74d9f.jpg,False,False,False,False,True,0,none
6bdf447c5.jpg,False,False,True,False,False,1,3
6be920c9d.jpg,False,False,False,True,False,1,4
6be9e1667.jpg,False,False,False,False,True,0,none
6bec17ffd.jpg,False,False,False,False,True,0,none
6becce2bf.jpg,False,False,True,False,False,1,3
6bedba903.jpg,False,False,True,False,False,1,3
6bef89182.jpg,False,False,False,False,True,0,none
6bf2151b8.jpg,False,False,True,False,False,1,3
6bf94eea0.jpg,False,False,True,True,False,2,3+4
6bfb9e56a.jpg,False,False,False,False,True,0,none
6bfcce918.jpg,False,False,False,False,True,0,none
6c011fc34.jpg,True,False,True,False,False,2,1+3
6c0433718.jpg,False,False,False,False,True,0,none
6c04c1f61.jpg,False,False,True,False,False,1,3
6c06b7dc0.jpg,False,False,False,False,True,0,none
6c0ae9d2d.jpg,False,False,True,False,False,1,3
6c1118c1b.jpg,False,False,True,False,False,1,3
6c135420d.jpg,False,False,False,False,True,0,none
6c15dadb8.jpg,False,False,True,False,False,1,3
6c1765c42.jpg,False,False,False,False,True,0,none
6c1bc5d11.jpg,True,False,False,False,False,1,1
6c200c5d6.jpg,False,False,False,False,True,0,none
6c209695d.jpg,False,False,False,True,False,1,4
6c218639f.jpg,False,False,False,False,True,0,none
6c2500570.jpg,False,False,False,False,True,0,none
6c2585cf5.jpg,False,False,False,False,True,0,none
6c2bee41b.jpg,True,False,False,False,False,1,1
6c3866964.jpg,False,False,False,False,True,0,none
6c3a82b05.jpg,False,False,False,False,True,0,none
6c3f3324a.jpg,False,False,False,False,True,0,none
6c428eb65.jpg,False,False,True,False,False,1,3
6c43d55eb.jpg,False,False,True,True,False,2,3+4
6c47f6194.jpg,False,False,False,False,True,0,none
6c4f273ea.jpg,False,False,False,False,True,0,none
6c52f92bc.jpg,False,False,False,False,True,0,none
6c62c50e3.jpg,True,False,False,False,False,1,1
6c688cacc.jpg,False,False,False,False,True,0,none
6c6b4fb36.jpg,False,False,True,False,False,1,3
6c73bb975.jpg,False,False,True,False,False,1,3
6c85ce812.jpg,False,False,True,False,False,1,3
6c88c5714.jpg,False,False,False,False,True,0,none
6c8b1519e.jpg,False,False,True,False,False,1,3
6c936a770.jpg,False,False,False,False,True,0,none
6c9d6cc47.jpg,True,False,False,False,False,1,1
6c9efa832.jpg,False,False,False,False,True,0,none
6c9f54be2.jpg,False,False,True,False,False,1,3
6ca387398.jpg,False,False,True,False,False,1,3
6ca581fb2.jpg,False,False,False,False,True,0,none
6caa89d4e.jpg,True,False,False,False,False,1,1
6cad486d2.jpg,False,False,True,False,False,1,3
6cb1e08e1.jpg,False,True,False,False,False,1,2
6cba5b38a.jpg,False,False,False,False,True,0,none
6cbc3708d.jpg,False,False,True,False,False,1,3
6cbf50fc2.jpg,False,False,False,False,True,0,none
6ccde604d.jpg,False,False,True,False,False,1,3
6ce483b03.jpg,False,False,False,False,True,0,none
6ce526a3a.jpg,False,False,True,False,False,1,3
6ce9bf7f7.jpg,False,False,True,False,False,1,3
6ce9ef450.jpg,True,False,False,False,False,1,1
6cf220068.jpg,False,False,False,False,True,0,none
6cf26b38c.jpg,False,False,True,False,False,1,3
6cf49f691.jpg,False,False,False,False,True,0,none
6cf63ff76.jpg,False,False,False,False,True,0,none
6d0085704.jpg,False,False,False,False,True,0,none
6d08d7ab4.jpg,False,False,True,False,False,1,3
6d1467855.jpg,False,False,True,False,False,1,3
6d1c45f2c.jpg,False,False,False,False,True,0,none
6d266664c.jpg,False,False,True,False,False,1,3
6d27699e0.jpg,False,False,False,False,True,0,none
6d291e247.jpg,False,True,False,False,False,1,2
6d293a48f.jpg,False,False,False,False,True,0,none
6d38f43aa.jpg,False,False,False,False,True,0,none
6d3986d43.jpg,False,False,False,False,True,0,none
6d3d4b369.jpg,False,False,False,False,True,0,none
6d3f92952.jpg,False,False,True,False,False,1,3
6d4bc1b08.jpg,False,False,False,False,True,0,none
6d5103080.jpg,False,False,False,False,True,0,none
6d59bf3b5.jpg,False,False,False,False,True,0,none
6d5bc38ae.jpg,False,False,False,False,True,0,none
6d5d698e0.jpg,True,False,False,False,False,1,1
6d5fae19b.jpg,False,False,True,False,False,1,3
6d6280d5e.jpg,False,False,True,False,False,1,3
6d6469a35.jpg,False,False,False,False,True,0,none
6d6537ae4.jpg,False,False,True,False,False,1,3
6d65f84f0.jpg,False,False,False,False,True,0,none
6d6a1fbe1.jpg,True,False,False,False,False,1,1
6d7b400d0.jpg,False,False,False,False,True,0,none
6d7bc57d2.jpg,True,False,False,False,False,1,1
6d8835463.jpg,False,False,True,True,False,2,3+4
6d8875b97.jpg,False,False,False,False,True,0,none
6d9559d13.jpg,False,False,True,False,False,1,3
6d97f7c81.jpg,True,False,False,False,False,1,1
6d98714d9.jpg,False,False,True,False,False,1,3
6da09ded5.jpg,False,False,False,False,True,0,none
6da4236e0.jpg,False,False,True,False,False,1,3
6da43d9fc.jpg,False,False,True,False,False,1,3
6db2856e8.jpg,False,False,False,False,True,0,none
6db85659a.jpg,False,False,False,False,True,0,none
6dbd47d4f.jpg,False,False,True,False,False,1,3
6dc4f9dbc.jpg,False,False,False,False,True,0,none
6dcbc2c43.jpg,False,False,False,False,True,0,none
6dccafc26.jpg,False,False,True,False,False,1,3
6dd3b812d.jpg,False,False,False,False,True,0,none
6de4051c7.jpg,False,False,False,False,True,0,none
6de495da5.jpg,False,False,True,False,False,1,3
6de9ff56a.jpg,False,False,True,False,False,1,3
6defb795f.jpg,False,False,True,False,False,1,3
6df12620f.jpg,False,False,False,False,True,0,none
6df4d30d8.jpg,False,False,False,False,True,0,none
6dfc0dc98.jpg,False,False,False,False,True,0,none
6dfd81e89.jpg,False,False,True,False,False,1,3
6e0729dc0.jpg,False,False,True,False,False,1,3
6e18bef6b.jpg,False,False,True,False,False,1,3
6e1a98592.jpg,False,False,True,False,False,1,3
6e29dc790.jpg,False,False,False,False,True,0,none
6e2a9eb72.jpg,False,False,False,False,True,0,none
6e30a9e9f.jpg,False,False,True,False,False,1,3
6e30e4696.jpg,False,False,True,False,False,1,3
6e34351b6.jpg,False,False,True,False,False,1,3
6e3bb2d93.jpg,False,False,False,False,True,0,none
6e3f85bb9.jpg,False,False,True,False,False,1,3
6e441c3e9.jpg,False,False,True,False,False,1,3
6e469f738.jpg,False,False,False,False,True,0,none
6e4a1d647.jpg,True,False,False,False,False,1,1
6e4a7cca6.jpg,True,False,False,False,False,1,1
6e51bd35f.jpg,False,False,False,False,True,0,none
6e598cb86.jpg,False,False,False,False,True,0,none
6e62ddf4e.jpg,True,False,False,False,False,1,1
6e6b79dc4.jpg,False,False,True,True,False,2,3+4
6e6f0e760.jpg,False,False,True,False,False,1,3
6e6f1adb8.jpg,False,False,True,False,False,1,3
6e71531ae.jpg,False,False,False,True,False,1,4
6e72a5bbc.jpg,False,False,False,False,True,0,none
6e785e50c.jpg,False,False,True,False,False,1,3
6e7bace88.jpg,False,False,True,False,False,1,3
6e8878a30.jpg,False,False,True,False,False,1,3
6e8ae20f1.jpg,False,False,False,False,True,0,none
6e91d0773.jpg,False,False,False,False,True,0,none
6e9657359.jpg,False,False,False,False,True,0,none
6e97e9698.jpg,False,False,False,False,True,0,none
6e994b366.jpg,False,False,True,False,False,1,3
6e9963232.jpg,False,False,True,False,False,1,3
6e99aef86.jpg,False,False,True,False,False,1,3
6ea15065e.jpg,False,False,False,False,True,0,none
6ea9f03a2.jpg,False,False,True,False,False,1,3
6eaa0613b.jpg,False,False,False,False,True,0,none
6eb148407.jpg,False,False,True,False,False,1,3
6eb2c9a9a.jpg,False,False,True,False,False,1,3
6eb8690cd.jpg,True,False,False,False,False,1,1
6ebb6bef8.jpg,False,False,False,False,True,0,none
6ebc3df02.jpg,False,False,True,True,False,2,3+4
6ebebb0d3.jpg,False,False,False,False,True,0,none
6ebf30a7b.jpg,False,False,False,False,True,0,none
6ec88b7f7.jpg,False,False,False,True,False,1,4
6ecfb9df5.jpg,False,False,True,False,False,1,3
6ed5cee50.jpg,False,False,True,False,False,1,3
6ed69f517.jpg,False,False,True,False,False,1,3
6eda6852e.jpg,False,False,True,False,False,1,3
6ede55a0d.jpg,False,False,False,False,True,0,none
6ee3fd98e.jpg,False,False,False,False,True,0,none
6ee81c40c.jpg,False,False,True,True,False,2,3+4
6eeaaa295.jpg,False,False,True,False,False,1,3
6ef0c216a.jpg,False,False,False,False,True,0,none
6ef641553.jpg,False,False,False,False,True,0,none
6ef680dd3.jpg,False,False,False,False,True,0,none
6f02a72d3.jpg,False,False,False,False,True,0,none
6f0683e45.jpg,False,False,True,False,False,1,3
6f0b6b59d.jpg,False,False,False,False,True,0,none
6f0cd5095.jpg,False,False,True,False,False,1,3
6f19759f3.jpg,False,False,False,False,True,0,none
6f2357894.jpg,False,False,True,False,False,1,3
6f2370e80.jpg,False,False,False,False,True,0,none
6f242c68c.jpg,False,False,False,False,True,0,none
6f26ba943.jpg,False,False,True,False,False,1,3
6f2c9e945.jpg,False,False,True,True,False,2,3+4
6f405f1e3.jpg,False,False,True,False,False,1,3
6f42c704a.jpg,False,False,False,False,True,0,none
6f4510634.jpg,False,False,True,False,False,1,3
6f45aa88d.jpg,False,False,True,False,False,1,3
6f46868d9.jpg,False,False,True,False,False,1,3
6f490117c.jpg,False,False,True,False,False,1,3
6f5080dd7.jpg,False,False,True,False,False,1,3
6f5299561.jpg,False,False,True,False,False,1,3
6f5f59020.jpg,False,False,False,False,True,0,none
6f5fbfb88.jpg,False,False,False,False,True,0,none
6f74d9e70.jpg,False,False,True,False,False,1,3
6f7e69e8b.jpg,False,False,False,False,True,0,none
6f90ada6e.jpg,False,False,False,False,True,0,none
6f96a0814.jpg,False,True,False,False,False,1,2
6f998a931.jpg,False,False,True,False,False,1,3
6fa4ec1d0.jpg,False,False,False,False,True,0,none
6fa9e1d65.jpg,False,False,True,True,False,2,3+4
6faa47450.jpg,False,False,False,False,True,0,none
6fabaf589.jpg,False,False,True,False,False,1,3
6fadb9728.jpg,False,False,False,False,True,0,none
6faf833c5.jpg,False,False,True,False,False,1,3
6fb878fef.jpg,True,False,False,False,False,1,1
6fc668134.jpg,False,False,False,False,True,0,none
6fc6a0964.jpg,False,False,True,False,False,1,3
6fcd94e33.jpg,False,True,False,False,False,1,2
6fcfab295.jpg,False,False,True,False,False,1,3
6fcfca8f2.jpg,False,False,False,False,True,0,none
6fd1ed5aa.jpg,False,False,False,True,False,1,4
6fd586f60.jpg,False,False,False,False,True,0,none
6fd6355e3.jpg,False,False,True,False,False,1,3
6fd820bb6.jpg,False,False,True,True,False,2,3+4
6fdd5f4ac.jpg,False,False,True,False,False,1,3
6fdf2d1be.jpg,False,True,True,False,False,2,2+3
6fe1343fb.jpg,False,False,False,False,True,0,none
6fe28003f.jpg,False,False,False,False,True,0,none
6fe50d73a.jpg,False,False,True,False,False,1,3
6fe73c77e.jpg,False,False,False,False,True,0,none
6febbeb1e.jpg,False,False,False,False,True,0,none
6ff11b744.jpg,True,False,False,False,False,1,1
6ff8d1e9c.jpg,False,False,True,False,False,1,3
700209a95.jpg,False,False,False,True,False,1,4
700de40a7.jpg,False,False,True,False,False,1,3
7010802fc.jpg,False,False,False,False,True,0,none
7011e630b.jpg,False,False,False,False,True,0,none
7018e55f6.jpg,False,False,False,False,True,0,none
701bb18db.jpg,False,False,False,False,True,0,none
7024daf09.jpg,False,False,False,False,True,0,none
7025a90c1.jpg,False,False,True,False,False,1,3
70279ce5b.jpg,False,False,True,False,False,1,3
702bf6ed3.jpg,False,False,True,False,False,1,3
703421ef2.jpg,False,False,True,False,False,1,3
70365a449.jpg,False,False,False,False,True,0,none
7039151ef.jpg,False,False,True,False,False,1,3
703938a46.jpg,False,False,False,False,True,0,none
703b2a19c.jpg,False,False,False,False,True,0,none
703de742d.jpg,False,False,False,False,True,0,none
7045c2a55.jpg,False,False,True,False,False,1,3
7045dfb19.jpg,False,False,False,False,True,0,none
7046618f6.jpg,True,False,False,False,False,1,1
70539793f.jpg,False,False,False,False,True,0,none
70639811b.jpg,False,False,True,False,False,1,3
7063cb92d.jpg,False,False,True,False,False,1,3
70645d70a.jpg,False,False,False,False,True,0,none
7068ee9f0.jpg,False,False,True,False,False,1,3
706efa6c9.jpg,False,False,False,False,True,0,none
70702e468.jpg,False,False,False,False,True,0,none
707534bdb.jpg,False,False,True,False,False,1,3
7077989cc.jpg,False,False,False,False,True,0,none
70807c2c5.jpg,False,False,True,False,False,1,3
708756850.jpg,False,False,False,True,False,1,4
708b5813f.jpg,False,False,True,False,False,1,3
708c66026.jpg,False,False,True,False,False,1,3
7095ad89d.jpg,False,False,False,True,False,1,4
7095dc41e.jpg,False,False,True,False,False,1,3
709ee2497.jpg,False,False,True,False,False,1,3
70a1d1d39.jpg,False,False,False,True,False,1,4
70a38928c.jpg,False,False,True,False,False,1,3
70a3c6b4d.jpg,False,False,True,False,False,1,3
70a644cb3.jpg,False,False,True,False,False,1,3
70b0fb0cd.jpg,False,False,True,False,False,1,3
70b9a5566.jpg,False,False,False,False,True,0,none
70be92f18.jpg,False,False,False,True,False,1,4
70c0aebb4.jpg,False,False,False,False,True,0,none
70c4fe7c3.jpg,False,False,False,False,True,0,none
70ca927b0.jpg,False,False,False,False,True,0,none
70ce9b55b.jpg,False,False,True,False,False,1,3
70da511d4.jpg,False,False,False,False,True,0,none
70daa9e3a.jpg,False,False,False,False,True,0,none
70db1a34b.jpg,False,False,False,False,True,0,none
70dd2c2f8.jpg,False,False,True,False,False,1,3
70dee672d.jpg,False,False,False,False,True,0,none
70e4c95b6.jpg,False,False,True,False,False,1,3
70f08f956.jpg,False,False,False,False,True,0,none
70f223e17.jpg,False,False,False,False,True,0,none
710867c2f.jpg,False,False,False,False,True,0,none
710a38fab.jpg,False,False,False,False,True,0,none
710ce771d.jpg,False,False,False,False,True,0,none
711069458.jpg,False,False,True,False,False,1,3
711754ca4.jpg,False,False,False,False,True,0,none
711bea123.jpg,False,False,False,False,True,0,none
711d59ca6.jpg,False,False,True,False,False,1,3
711dfcaa1.jpg,False,False,False,False,True,0,none
711e49f96.jpg,False,False,True,False,False,1,3
712f7df78.jpg,False,False,False,True,False,1,4
712faf067.jpg,False,False,True,False,False,1,3
7138b8b2a.jpg,False,False,False,False,True,0,none
713df9d95.jpg,False,False,False,False,True,0,none
713e97c97.jpg,True,False,False,False,False,1,1
713f8ef91.jpg,False,False,True,False,False,1,3
714256911.jpg,True,False,True,False,False,2,1+3
7145a831a.jpg,False,False,False,False,True,0,none
7149874c8.jpg,False,False,True,False,False,1,3
714a7eec8.jpg,False,False,False,False,True,0,none
7150719e7.jpg,False,False,True,False,False,1,3
71553a0d8.jpg,False,False,True,True,False,2,3+4
715561f42.jpg,False,False,True,False,False,1,3
7155ea2e8.jpg,False,False,True,False,False,1,3
7158531d8.jpg,False,False,True,False,False,1,3
715a4faf3.jpg,False,False,True,False,False,1,3
715d0aed0.jpg,False,False,False,False,True,0,none
7168496a4.jpg,False,False,True,False,False,1,3
716a00d8e.jpg,False,False,False,False,True,0,none
7172dbf47.jpg,False,False,False,False,True,0,none
717754baf.jpg,False,False,False,False,True,0,none
718c48feb.jpg,False,False,False,False,True,0,none
718f28587.jpg,False,False,False,False,True,0,none
718f6439c.jpg,False,False,True,False,False,1,3
719061f8f.jpg,False,False,False,False,True,0,none
719519f07.jpg,True,False,False,False,False,1,1
71aec9cb8.jpg,False,False,False,True,False,1,4
71b1e90a5.jpg,False,False,False,True,False,1,4
71b3a6858.jpg,False,True,False,False,False,1,2
71b4288a5.jpg,False,False,False,False,True,0,none
71b815a2d.jpg,False,False,True,False,False,1,3
71c2116d8.jpg,False,False,True,False,False,1,3
71cc16dd7.jpg,False,False,False,False,True,0,none
71ce72925.jpg,False,False,True,False,False,1,3
71d3b0598.jpg,False,False,True,False,False,1,3
71db63586.jpg,False,False,False,False,True,0,none
71dd5a232.jpg,True,False,False,False,False,1,1
71e2bb12a.jpg,False,False,True,False,False,1,3
71e55c4e5.jpg,False,False,True,False,False,1,3
71e7c350b.jpg,False,False,False,False,True,0,none
71efb042b.jpg,False,False,True,False,False,1,3
71f154968.jpg,False,False,True,False,False,1,3
71f2ce9ab.jpg,True,False,False,False,False,1,1
71f687e7d.jpg,False,False,True,False,False,1,3
71fc663a9.jpg,False,False,False,False,True,0,none
71fd2d0cc.jpg,False,False,True,False,False,1,3
7202e52d8.jpg,True,False,False,False,False,1,1
7207d1be6.jpg,False,False,False,False,True,0,none
720e3f026.jpg,False,False,True,False,False,1,3
7210ffc2d.jpg,False,False,True,False,False,1,3
7220aba6c.jpg,False,False,True,False,False,1,3
722df0394.jpg,False,False,True,False,False,1,3
72322fc23.jpg,False,False,False,False,True,0,none
7232c2ceb.jpg,False,False,True,False,False,1,3
7235f9760.jpg,False,False,False,False,True,0,none
7239fbdc1.jpg,False,False,False,False,True,0,none
7242fe32c.jpg,False,False,True,True,False,2,3+4
7249ae1f4.jpg,False,False,True,False,False,1,3
724dd91a0.jpg,False,True,False,False,False,1,2
725d2e3da.jpg,False,False,False,False,True,0,none
72613a1e3.jpg,False,False,True,False,False,1,3
726271bfe.jpg,False,False,True,False,False,1,3
72682f66a.jpg,False,False,False,False,True,0,none
726971100.jpg,False,False,False,False,True,0,none
726cff75f.jpg,False,False,True,False,False,1,3
72754d67c.jpg,False,False,False,False,True,0,none
7280c5e8d.jpg,False,False,False,False,True,0,none
7287853aa.jpg,False,False,False,False,True,0,none
729674b1c.jpg,False,False,False,False,True,0,none
729ff5766.jpg,False,False,False,False,True,0,none
72a7ff0db.jpg,False,False,True,True,False,2,3+4
72aaba8ad.jpg,False,False,False,True,False,1,4
72b465391.jpg,True,False,False,False,False,1,1
72bb7c7bc.jpg,False,True,False,False,False,1,2
72bd7d348.jpg,False,False,True,False,False,1,3
72bebf035.jpg,True,False,False,False,False,1,1
72c75d701.jpg,False,False,True,False,False,1,3
72cbdf3c1.jpg,False,False,True,False,False,1,3
72d5da20f.jpg,False,False,True,False,False,1,3
72df2d40d.jpg,False,False,True,False,False,1,3
72e11f93d.jpg,False,False,False,False,True,0,none
72e49c314.jpg,False,False,True,False,False,1,3
72ec73360.jpg,False,False,False,False,True,0,none
72f1188a6.jpg,False,False,False,False,True,0,none
7303ad5de.jpg,False,False,False,False,True,0,none
73059a959.jpg,False,False,True,False,False,1,3
7311b8f91.jpg,False,False,False,False,True,0,none
7311d533d.jpg,False,False,False,False,True,0,none
73122f910.jpg,False,False,True,False,False,1,3
7329b8668.jpg,False,False,True,False,False,1,3
732bd67ee.jpg,True,False,False,False,False,1,1
732d33c3a.jpg,False,False,False,False,True,0,none
73303e8a0.jpg,False,False,True,False,False,1,3
733116847.jpg,False,False,False,False,True,0,none
733e36f26.jpg,False,False,True,False,False,1,3
73458deb4.jpg,False,False,False,False,True,0,none
73472d296.jpg,False,False,True,False,False,1,3
735a876fb.jpg,False,False,False,False,True,0,none
735d9afc3.jpg,False,False,True,False,False,1,3
735da216d.jpg,False,False,False,False,True,0,none
7365300fe.jpg,False,False,True,False,False,1,3
736c09835.jpg,True,False,False,False,False,1,1
737777e98.jpg,False,False,False,False,True,0,none
7378f1d94.jpg,False,False,True,False,False,1,3
737ae5c95.jpg,False,False,False,True,False,1,4
737e2554e.jpg,False,False,False,False,True,0,none
738850f07.jpg,False,False,True,False,False,1,3
73896c8ad.jpg,False,False,False,False,True,0,none
738990878.jpg,False,False,False,False,True,0,none
739033fb5.jpg,False,False,False,False,True,0,none
7393b145f.jpg,False,False,True,False,False,1,3
739a0aa20.jpg,False,True,False,False,False,1,2
739cf8127.jpg,False,False,False,False,True,0,none
739f32100.jpg,False,False,True,False,False,1,3
739ff7b44.jpg,False,False,False,False,True,0,none
73a4c6d1f.jpg,True,False,False,False,False,1,1
73aa2aa79.jpg,False,False,False,False,True,0,none
73afc8798.jpg,True,False,False,False,False,1,1
73b155108.jpg,False,False,False,False,True,0,none
73ba9c92b.jpg,False,False,False,False,True,0,none
73bbc91f1.jpg,False,False,False,False,True,0,none
73bf92d94.jpg,False,False,True,False,False,1,3
73c295786.jpg,False,False,True,False,False,1,3
73cdb1d89.jpg,False,False,True,False,False,1,3
73d04325d.jpg,False,False,True,False,False,1,3
73d381ad2.jpg,True,False,False,False,False,1,1
73d4306c8.jpg,False,False,True,False,False,1,3
73d4dae19.jpg,False,False,True,True,False,2,3+4
73d744a0d.jpg,False,False,False,False,True,0,none
73d8f9fa7.jpg,False,False,True,False,False,1,3
73dd215d7.jpg,False,False,False,False,True,0,none
73e1969d4.jpg,False,False,False,True,False,1,4
73e50bb81.jpg,False,False,False,False,True,0,none
73ebd716c.jpg,False,False,True,False,False,1,3
73ebf6bfd.jpg,False,False,False,False,True,0,none
73f4fb776.jpg,False,False,True,False,False,1,3
74016c897.jpg,False,False,False,False,True,0,none
7404322b0.jpg,False,False,True,False,False,1,3
74048991c.jpg,False,False,True,False,False,1,3
740dac02b.jpg,False,False,True,False,False,1,3
7410d4361.jpg,False,False,True,False,False,1,3
741265573.jpg,True,False,False,False,False,1,1
74131d9ff.jpg,False,False,True,False,False,1,3
741a5c461.jpg,False,False,True,False,False,1,3
7420f27c9.jpg,False,False,True,False,False,1,3
74211b046.jpg,False,False,False,False,True,0,none
7424ab9af.jpg,False,False,True,False,False,1,3
742b24ac9.jpg,False,False,False,False,True,0,none
743282e10.jpg,False,False,False,False,True,0,none
7435bcc25.jpg,False,False,True,False,False,1,3
743f86720.jpg,False,False,False,False,True,0,none
74443f387.jpg,False,False,True,False,False,1,3
74472e481.jpg,False,False,True,False,False,1,3
744c6de01.jpg,False,False,True,False,False,1,3
744c77e7d.jpg,False,False,True,False,False,1,3
744e852d6.jpg,False,False,False,True,False,1,4
744f5f73b.jpg,False,False,False,False,True,0,none
74517a046.jpg,False,False,False,False,True,0,none
7454d922e.jpg,False,False,True,True,False,2,3+4
7458770b7.jpg,False,False,False,False,True,0,none
745f1a8cb.jpg,False,False,False,False,True,0,none
746417f50.jpg,False,False,True,False,False,1,3
7464a0d95.jpg,False,False,False,False,True,0,none
7464f522b.jpg,False,False,False,False,True,0,none
74661f8d7.jpg,False,False,True,False,False,1,3
746863c8f.jpg,False,False,True,False,False,1,3
746b3a357.jpg,False,False,False,False,True,0,none
7471614be.jpg,False,False,False,False,True,0,none
747a360b4.jpg,False,False,False,False,True,0,none
747fa96b0.jpg,False,False,False,False,True,0,none
748167e1a.jpg,False,False,False,False,True,0,none
7486d3e78.jpg,True,False,False,False,False,1,1
748dffce7.jpg,False,False,True,False,False,1,3
749182da2.jpg,False,False,False,False,True,0,none
749407e33.jpg,False,False,True,False,False,1,3
7497d8113.jpg,False,False,False,False,True,0,none
74a2fb18c.jpg,False,False,False,False,True,0,none
74abdf1ef.jpg,False,False,True,False,False,1,3
74ac88f43.jpg,False,False,True,False,False,1,3
74ae351dd.jpg,False,False,True,False,False,1,3
74aedfa3c.jpg,False,True,False,False,False,1,2
74b25b3a2.jpg,False,False,True,False,False,1,3
74b9e429d.jpg,False,False,False,False,True,0,none
74bb2c5ff.jpg,True,False,False,False,False,1,1
74bbe241c.jpg,False,False,False,False,True,0,none
74bd73f6d.jpg,False,False,True,True,False,2,3+4
74c8a2d5a.jpg,False,False,False,False,True,0,none
74cd21b41.jpg,True,False,False,False,False,1,1
74d1cd5e3.jpg,False,True,False,False,False,1,2
74dff85d2.jpg,False,False,False,False,True,0,none
74e586515.jpg,False,False,False,False,True,0,none
74e593376.jpg,False,False,True,False,False,1,3
74ec8e2a1.jpg,False,False,False,False,True,0,none
74f33b596.jpg,False,False,False,False,True,0,none
74f3e3145.jpg,False,False,False,False,True,0,none
74fd247fc.jpg,False,False,False,True,False,1,4
750235a63.jpg,False,False,False,False,True,0,none
75070e973.jpg,False,False,False,True,False,1,4
7507ea0cb.jpg,False,False,False,False,True,0,none
75173c73a.jpg,False,False,False,False,True,0,none
751db247d.jpg,False,True,False,False,False,1,2
7527e260f.jpg,False,False,False,False,True,0,none
75361926d.jpg,False,False,False,True,False,1,4
75393d265.jpg,False,False,False,False,True,0,none
7549c90b1.jpg,False,False,True,False,False,1,3
754c97c4e.jpg,False,False,True,False,False,1,3
7550adc12.jpg,False,False,False,False,True,0,none
756390c3a.jpg,False,False,True,False,False,1,3
756aa78a1.jpg,False,False,False,False,True,0,none
756e03bd3.jpg,True,False,False,False,False,1,1
75731cda9.jpg,False,False,False,False,True,0,none
757577d91.jpg,True,False,False,False,False,1,1
7576e7f81.jpg,False,False,False,False,True,0,none
75778a6a1.jpg,False,False,True,False,False,1,3
75785b3eb.jpg,False,False,True,False,False,1,3
7579146ed.jpg,False,True,False,False,False,1,2
757aa3828.jpg,False,False,True,False,False,1,3
757ccc27b.jpg,False,False,False,False,True,0,none
7581cba15.jpg,False,False,False,True,False,1,4
75878cb48.jpg,False,False,True,False,False,1,3
758e655a8.jpg,False,False,True,False,False,1,3
759075283.jpg,False,False,True,False,False,1,3
75970889c.jpg,False,False,True,False,False,1,3
759b68ebd.jpg,False,False,True,False,False,1,3
759bf5b4b.jpg,False,False,False,False,True,0,none
75a2d7690.jpg,False,False,True,False,False,1,3
75ab0593e.jpg,False,False,True,False,False,1,3
75b2a7dfa.jpg,False,False,False,False,True,0,none
75b8311da.jpg,False,False,False,False,True,0,none
75c290dc0.jpg,False,False,False,False,True,0,none
75c421bbd.jpg,False,False,False,False,True,0,none
75c6af69c.jpg,False,False,True,False,False,1,3
75c92cceb.jpg,False,False,False,False,True,0,none
75cef038b.jpg,False,False,False,False,True,0,none
75e1310cc.jpg,False,False,True,False,False,1,3
75e1f59ab.jpg,False,False,False,False,True,0,none
75e205261.jpg,False,False,False,False,True,0,none
75e84fb14.jpg,False,False,True,False,False,1,3
75ea4c672.jpg,False,False,True,False,False,1,3
75f910862.jpg,False,False,False,False,True,0,none
75f92b24f.jpg,False,False,True,False,False,1,3
75fe9024a.jpg,False,False,True,False,False,1,3
7604be5f3.jpg,False,False,True,False,False,1,3
76094e200.jpg,False,False,True,False,False,1,3
76096b17b.jpg,True,False,False,False,False,1,1
760bc3180.jpg,False,False,True,False,False,1,3
7610946c0.jpg,False,False,False,False,True,0,none
7611175e3.jpg,False,False,False,False,True,0,none
7612f0d6c.jpg,False,False,True,False,False,1,3
76165cccc.jpg,False,False,True,False,False,1,3
761bdd88d.jpg,False,False,False,False,True,0,none
7620c36fb.jpg,False,False,True,False,False,1,3
7626234a2.jpg,False,False,True,False,False,1,3
762c16cc9.jpg,False,False,True,False,False,1,3
763402396.jpg,False,False,True,False,False,1,3
76355b7ed.jpg,False,False,False,False,True,0,none
7637fe781.jpg,False,False,False,False,True,0,none
763871334.jpg,False,False,True,False,False,1,3
7638de35f.jpg,False,False,True,False,False,1,3
764275950.jpg,False,False,False,True,False,1,4
7645a9fdf.jpg,False,False,False,False,True,0,none
764b4998b.jpg,False,False,False,False,True,0,none
764fa24b0.jpg,False,False,True,True,False,2,3+4
76504fdc1.jpg,False,False,False,False,True,0,none
76532309b.jpg,True,False,False,False,False,1,1
765876b94.jpg,False,False,True,False,False,1,3
76601163a.jpg,False,False,False,False,True,0,none
76606ed44.jpg,False,False,False,False,True,0,none
766303a03.jpg,False,False,False,False,True,0,none
766438a3b.jpg,False,False,True,False,False,1,3
7668b7312.jpg,False,False,True,False,False,1,3
766c8d67c.jpg,False,False,False,False,True,0,none
7675aa321.jpg,False,False,False,False,True,0,none
767755f3e.jpg,False,False,False,False,True,0,none
767b96d1a.jpg,False,False,True,False,False,1,3
7689b3227.jpg,False,False,False,False,True,0,none
768eff9be.jpg,True,False,False,False,False,1,1
7690902ee.jpg,False,False,True,False,False,1,3
769307dd5.jpg,False,False,False,False,True,0,none
769fe56c3.jpg,False,False,True,False,False,1,3
76a3506de.jpg,False,False,False,False,True,0,none
76a390db7.jpg,False,False,True,False,False,1,3
76a698e45.jpg,False,False,False,False,True,0,none
76a7e1815.jpg,False,False,True,False,False,1,3
76aba363e.jpg,False,False,True,False,False,1,3
76adc6361.jpg,True,False,False,False,False,1,1
76b0945b4.jpg,False,False,False,False,True,0,none
76b119e36.jpg,False,False,True,False,False,1,3
76bbd78b2.jpg,True,False,False,False,False,1,1
76c02a2aa.jpg,False,False,False,False,True,0,none
76c08f031.jpg,False,False,False,False,True,0,none
76c165a4f.jpg,False,False,False,True,False,1,4
76c20b5af.jpg,False,False,True,False,False,1,3
76ccb6d58.jpg,False,False,False,False,True,0,none
76d19dd8b.jpg,False,False,False,False,True,0,none
76d347bb7.jpg,False,False,False,False,True,0,none
76f6fd3df.jpg,False,False,False,False,True,0,none
76ff61cb4.jpg,False,False,True,False,False,1,3
770431e9a.jpg,False,False,False,False,True,0,none
77051d4a4.jpg,False,False,False,False,True,0,none
77064b126.jpg,False,False,True,False,False,1,3
77128fb28.jpg,False,False,False,False,True,0,none
771ca6885.jpg,False,False,False,False,True,0,none
772f0460a.jpg,False,False,True,False,False,1,3
773262af1.jpg,False,False,False,False,True,0,none
77343ffda.jpg,False,False,True,False,False,1,3
7734ac61d.jpg,False,False,False,False,True,0,none
773948ca6.jpg,False,False,True,False,False,1,3
773d61c10.jpg,False,False,False,False,True,0,none
774011016.jpg,False,False,False,False,True,0,none
7740cc61d.jpg,False,False,False,True,False,1,4
7741fa73b.jpg,False,False,False,False,True,0,none
774400958.jpg,False,False,True,False,False,1,3
7749df027.jpg,True,False,False,False,False,1,1
774a5df0a.jpg,False,False,False,False,True,0,none
774f60117.jpg,False,False,False,False,True,0,none
775115c67.jpg,False,False,False,False,True,0,none
775bddbe7.jpg,False,False,False,False,True,0,none
775c92649.jpg,False,False,False,False,True,0,none
775f39550.jpg,False,False,False,False,True,0,none
77670e4c6.jpg,False,False,False,False,True,0,none
776b6ae61.jpg,False,False,False,False,True,0,none
776ed4605.jpg,False,True,False,False,False,1,2
7773445b7.jpg,False,False,True,False,False,1,3
777d02fde.jpg,False,False,False,False,True,0,none
7789ddb5b.jpg,False,False,False,False,True,0,none
778bde2b8.jpg,False,False,True,False,False,1,3
778e817a9.jpg,False,False,True,False,False,1,3
778f81d4a.jpg,False,False,False,False,True,0,none
77a034db9.jpg,False,False,False,False,True,0,none
77a4fe06f.jpg,False,False,True,False,False,1,3
77a545147.jpg,False,False,True,False,False,1,3
77ae4bcd6.jpg,False,False,False,False,True,0,none
77b7a2d62.jpg,False,False,False,False,True,0,none
77c387f3b.jpg,False,False,True,False,False,1,3
77c7c7966.jpg,False,False,True,False,False,1,3
77cde08c0.jpg,False,False,False,False,True,0,none
77d12abf0.jpg,False,False,False,False,True,0,none
77dc1cea6.jpg,False,False,True,False,False,1,3
77dcba76f.jpg,False,False,False,False,True,0,none
77df0ea49.jpg,False,False,True,False,False,1,3
77e1644b2.jpg,False,False,True,False,False,1,3
77e5c398e.jpg,False,False,True,True,False,2,3+4
77e68176f.jpg,True,False,False,False,False,1,1
77ed43ae9.jpg,False,False,True,False,False,1,3
77f3dccab.jpg,False,False,False,False,True,0,none
77f89ceee.jpg,False,False,True,False,False,1,3
77fa6c315.jpg,False,False,False,False,True,0,none
78045cb2f.jpg,False,False,True,False,False,1,3
7806aa75f.jpg,False,False,True,False,False,1,3
78119c465.jpg,False,False,False,False,True,0,none
781542bfc.jpg,True,False,False,False,False,1,1
781cc0d15.jpg,False,False,False,False,True,0,none
7827a1157.jpg,False,False,True,False,False,1,3
782cfb1c5.jpg,False,False,True,False,False,1,3
78416c3d0.jpg,False,False,True,False,False,1,3
784310e8c.jpg,False,False,False,False,True,0,none
7843767e9.jpg,False,False,True,False,False,1,3
7847cda9c.jpg,False,False,False,False,True,0,none
784b81af8.jpg,False,False,True,False,False,1,3
78556368f.jpg,False,False,True,False,False,1,3
785c2aeb5.jpg,False,False,True,False,False,1,3
7868009d5.jpg,False,False,False,False,True,0,none
786980ab9.jpg,False,False,True,False,False,1,3
786faedc1.jpg,False,False,True,False,False,1,3
787270b82.jpg,False,False,False,False,True,0,none
787aa40d8.jpg,False,False,False,False,True,0,none
7880bcef5.jpg,False,False,True,False,False,1,3
78832879c.jpg,False,False,True,False,False,1,3
788a675e7.jpg,False,False,True,False,False,1,3
788d11d35.jpg,False,False,False,False,True,0,none
7895bdd52.jpg,False,False,False,False,True,0,none
789847732.jpg,False,False,False,False,True,0,none
78a084ce4.jpg,False,False,True,False,False,1,3
78a194558.jpg,False,False,False,False,True,0,none
78a81eb21.jpg,False,False,True,False,False,1,3
78ac37759.jpg,False,False,True,False,False,1,3
78adb31b9.jpg,False,False,True,False,False,1,3
78b5bc846.jpg,False,True,False,False,False,1,2
78b8acca7.jpg,False,False,True,False,False,1,3
78be7465f.jpg,False,False,False,True,False,1,4
78c1353e7.jpg,False,False,True,False,False,1,3
78c25510b.jpg,False,True,False,False,False,1,2
78c34b020.jpg,False,False,True,False,False,1,3
78c3a77c2.jpg,False,False,False,False,True,0,none
78c413eb4.jpg,False,False,False,False,True,0,none
78c446574.jpg,False,False,False,False,True,0,none
78d2258f2.jpg,False,False,True,False,False,1,3
7907c3a1d.jpg,False,False,False,False,True,0,none
7911a4a27.jpg,False,False,False,False,True,0,none
792266a85.jpg,False,False,True,False,False,1,3
79307aa18.jpg,False,False,True,False,False,1,3
7933cbe21.jpg,False,False,False,False,True,0,none
7936da6f8.jpg,False,False,False,False,True,0,none
793b08f01.jpg,False,False,False,False,True,0,none
7941b2b9e.jpg,False,False,False,False,True,0,none
794307d65.jpg,False,False,True,False,False,1,3
794a1f622.jpg,False,False,False,False,True,0,none
794ab5277.jpg,False,False,True,False,False,1,3
794ccb4fa.jpg,False,False,False,False,True,0,none
7954f8d17.jpg,False,False,False,False,True,0,none
79550304c.jpg,False,False,True,False,False,1,3
795907727.jpg,False,False,True,False,False,1,3
79631c4e2.jpg,False,False,False,False,True,0,none
79679dd6a.jpg,False,False,False,True,False,1,4
7970f0008.jpg,True,True,False,False,False,2,1+2
7971e089f.jpg,False,False,True,False,False,1,3
79730ecdc.jpg,False,False,False,True,False,1,4
7977fcf7c.jpg,False,False,False,False,True,0,none
7981f7773.jpg,False,False,True,False,False,1,3
7982045ad.jpg,False,False,True,True,False,2,3+4
7987236e4.jpg,False,False,False,False,True,0,none
79882f5d2.jpg,False,False,False,False,True,0,none
7998298c2.jpg,True,False,False,False,False,1,1
799a31455.jpg,False,False,False,False,True,0,none
799c386a9.jpg,False,False,True,False,False,1,3
799e73fb7.jpg,False,False,False,False,True,0,none
79a1e26f6.jpg,False,False,False,False,True,0,none
79adc3616.jpg,False,False,True,False,False,1,3
79af8b197.jpg,False,False,True,False,False,1,3
79b0f1510.jpg,True,False,False,False,False,1,1
79b39c931.jpg,False,False,True,False,False,1,3
79b4672b2.jpg,False,False,False,False,True,0,none
79b696401.jpg,False,False,False,False,True,0,none
79b6c9b21.jpg,False,False,False,False,True,0,none
79bac6aca.jpg,False,False,True,False,False,1,3
79bf82641.jpg,False,False,True,False,False,1,3
79c106c42.jpg,False,False,False,True,False,1,4
79c456a92.jpg,False,False,True,False,False,1,3
79c7b230b.jpg,False,False,True,False,False,1,3
79ccb5e88.jpg,False,False,True,False,False,1,3
79d28bbe8.jpg,False,False,True,False,False,1,3
79dc6e410.jpg,False,False,True,False,False,1,3
79f669380.jpg,False,False,True,False,False,1,3
79f893f41.jpg,False,False,False,False,True,0,none
7a07c8a49.jpg,False,False,False,False,True,0,none
7a0d758f8.jpg,False,False,False,True,False,1,4
7a0da1fc9.jpg,False,False,False,False,True,0,none
7a1251b77.jpg,False,False,True,False,False,1,3
7a14789e6.jpg,False,False,True,False,False,1,3
7a16f3a50.jpg,False,True,False,False,False,1,2
7a2096ee2.jpg,False,False,True,False,False,1,3
7a249b737.jpg,True,False,False,False,False,1,1
7a2908c51.jpg,False,False,True,False,False,1,3
7a31a3b5e.jpg,False,True,False,False,False,1,2
7a32eba62.jpg,False,False,True,False,False,1,3
7a379d900.jpg,False,False,False,False,True,0,none
7a497f486.jpg,False,False,False,False,True,0,none
7a4ea2dca.jpg,False,False,False,False,True,0,none
7a5fae002.jpg,False,False,True,False,False,1,3
7a6004580.jpg,False,False,False,False,True,0,none
7a62457fc.jpg,False,False,False,False,True,0,none
7a7282702.jpg,True,False,False,False,False,1,1
7a7aea2c1.jpg,False,False,True,False,False,1,3
7a7d2b822.jpg,False,False,False,False,True,0,none
7a807824c.jpg,False,False,True,False,False,1,3
7a835f759.jpg,False,False,False,False,True,0,none
7a8a7403c.jpg,False,False,True,True,False,2,3+4
7a8ef119e.jpg,False,False,False,False,True,0,none
7a8fcc7df.jpg,False,False,True,False,False,1,3
7a92ccc07.jpg,False,False,False,False,True,0,none
7a92f8486.jpg,False,False,True,False,False,1,3
7a961ae18.jpg,False,False,True,False,False,1,3
7a9ab0a7b.jpg,False,False,False,False,True,0,none
7aa11e186.jpg,False,False,True,False,False,1,3
7abb5b1b7.jpg,False,False,True,False,False,1,3
7abd14b6a.jpg,True,False,False,False,False,1,1
7ac177df0.jpg,False,False,True,False,False,1,3
7ac20d5a6.jpg,False,False,False,True,False,1,4
7ac8253f5.jpg,False,False,False,False,True,0,none
7acead167.jpg,False,False,False,False,True,0,none
7ad42c7a8.jpg,False,False,False,False,True,0,none
7ae224d96.jpg,False,False,False,False,True,0,none
7ae7ede82.jpg,False,False,False,False,True,0,none
7af339322.jpg,False,False,True,False,False,1,3
7af34faaf.jpg,False,False,False,True,False,1,4
7af37ebf9.jpg,False,False,False,False,True,0,none
7af586734.jpg,False,False,False,False,True,0,none
7afabbb19.jpg,False,False,False,False,True,0,none
7b08e8584.jpg,False,False,True,True,False,2,3+4
7b0a87344.jpg,False,False,True,False,False,1,3
7b0b85b1d.jpg,False,False,False,False,True,0,none
7b2257638.jpg,False,False,True,False,False,1,3
7b2a06c77.jpg,False,False,True,False,False,1,3
7b31f4a6e.jpg,False,False,False,False,True,0,none
7b3566fb9.jpg,True,False,False,False,False,1,1
7b3666172.jpg,False,False,True,False,False,1,3
7b449e3eb.jpg,False,False,False,False,True,0,none
7b4bcde18.jpg,False,False,True,False,False,1,3
7b4bd28b5.jpg,False,False,True,False,False,1,3
7b4be079e.jpg,False,False,False,False,True,0,none
7b4e8c0d9.jpg,False,False,True,False,False,1,3
7b5037360.jpg,False,False,True,False,False,1,3
7b50d24bd.jpg,False,False,False,False,True,0,none
7b52c0c6c.jpg,False,False,False,False,True,0,none
7b545550c.jpg,False,False,True,False,False,1,3
7b547b234.jpg,False,False,True,False,False,1,3
7b5dbe34d.jpg,False,False,True,False,False,1,3
7b64b1b57.jpg,False,False,False,False,True,0,none
7b700a1c8.jpg,False,False,False,False,True,0,none
7b75f7008.jpg,False,False,False,False,True,0,none
7b766d258.jpg,False,False,False,False,True,0,none
7b78f7ca9.jpg,False,False,False,False,True,0,none
7b79706b6.jpg,True,False,False,False,False,1,1
7b7a5e30e.jpg,False,False,False,False,True,0,none
7b7c99fd5.jpg,False,False,False,False,True,0,none
7b80a9151.jpg,False,False,False,False,True,0,none
7b80d479b.jpg,False,False,True,False,False,1,3
7b857d874.jpg,False,False,False,True,False,1,4
7b8d4b6d4.jpg,False,False,True,False,False,1,3
7b8deab35.jpg,False,False,False,False,True,0,none
7b90bf5c9.jpg,False,False,False,False,True,0,none
7b9105470.jpg,False,False,False,False,True,0,none
7ba0bbe30.jpg,False,False,True,False,False,1,3
7ba14848e.jpg,False,False,True,False,False,1,3
7ba45f594.jpg,False,False,False,False,True,0,none
7bb0e9495.jpg,False,False,False,False,True,0,none
7bb17c5f2.jpg,False,False,False,False,True,0,none
7bb25cc94.jpg,True,False,False,False,False,1,1
7bb3640ce.jpg,True,False,False,False,False,1,1
7bb3e2218.jpg,False,False,False,False,True,0,none
7bc5a99d5.jpg,False,False,False,False,True,0,none
7bc7f1f6e.jpg,False,False,False,False,True,0,none
7bca7b205.jpg,False,False,False,False,True,0,none
7bcd7a3c4.jpg,False,False,False,False,True,0,none
7bd4bcccf.jpg,False,False,False,False,True,0,none
7bda138f2.jpg,False,False,False,False,True,0,none
7bde96c82.jpg,False,False,True,False,False,1,3
7be0872fa.jpg,False,False,False,False,True,0,none
7be162a87.jpg,False,False,False,False,True,0,none
7be8a27c8.jpg,True,False,False,False,False,1,1
7bec3eeb7.jpg,False,False,True,False,False,1,3
7bf93c787.jpg,False,False,True,False,False,1,3
7c00478a3.jpg,False,False,True,False,False,1,3
7c016d59f.jpg,False,False,False,False,True,0,none
7c02570e9.jpg,False,False,True,False,False,1,3
7c0745f39.jpg,True,False,False,False,False,1,1
7c159d683.jpg,False,False,True,False,False,1,3
7c1bcd3f1.jpg,False,False,True,False,False,1,3
7c27585fd.jpg,False,False,True,False,False,1,3
7c27b239d.jpg,False,False,True,False,False,1,3
7c3930f4d.jpg,True,False,False,False,False,1,1
7c3a553d0.jpg,False,False,True,False,False,1,3
7c42bd8b8.jpg,False,False,False,False,True,0,none
7c570d51c.jpg,False,False,True,False,False,1,3
7c5918274.jpg,False,False,True,True,False,2,3+4
7c5b3e03a.jpg,False,False,False,False,True,0,none
7c5b834b7.jpg,False,False,False,False,True,0,none
7c67a4611.jpg,False,False,False,False,True,0,none
7c6880fc1.jpg,False,False,False,False,True,0,none
7c6e58a02.jpg,False,False,True,False,False,1,3
7c6fa5adf.jpg,False,False,False,False,True,0,none
7c75958df.jpg,False,False,False,False,True,0,none
7c764812d.jpg,True,False,True,False,False,2,1+3
7c77632e8.jpg,False,False,True,False,False,1,3
7c781ce34.jpg,False,False,False,False,True,0,none
7c7883593.jpg,False,False,False,False,True,0,none
7c7f040ca.jpg,False,False,True,False,False,1,3
7c83d2da1.jpg,False,False,True,True,False,2,3+4
7c847f7b3.jpg,True,False,False,False,False,1,1
7c8a469a4.jpg,False,False,True,False,False,1,3
7c90b4eab.jpg,False,False,False,False,True,0,none
7c90f66d5.jpg,False,False,False,True,False,1,4
7c9351453.jpg,False,False,True,False,False,1,3
7c955538b.jpg,False,False,False,False,True,0,none
7c95cddba.jpg,False,False,True,False,False,1,3
7c95f2d2d.jpg,False,False,True,False,False,1,3
7c98d8010.jpg,False,False,True,False,False,1,3
7ca2551c2.jpg,False,True,False,False,False,1,2
7ca4409c2.jpg,False,False,False,False,True,0,none
7ca4a7520.jpg,False,False,False,False,True,0,none
7ca829ecd.jpg,False,False,False,False,True,0,none
7caecb871.jpg,False,False,False,False,True,0,none
7cb0d415a.jpg,False,False,False,False,True,0,none
7cb25cd7e.jpg,False,False,False,False,True,0,none
7cb5bd6f1.jpg,False,False,True,True,False,2,3+4
7cd098a67.jpg,False,False,False,False,True,0,none
7cf4f552c.jpg,False,False,True,False,False,1,3
7cf7e0fa6.jpg,False,False,True,False,False,1,3
7cf827fc8.jpg,False,False,False,False,True,0,none
7cfcbdc4a.jpg,False,False,True,False,False,1,3
7d075d3e8.jpg,False,False,False,False,True,0,none
7d0ee3cd7.jpg,False,False,True,False,False,1,3
7d1c4482e.jpg,False,False,True,False,False,1,3
7d3f9dfa1.jpg,False,False,False,False,True,0,none
7d4269eeb.jpg,False,False,False,False,True,0,none
7d4f862bf.jpg,False,False,False,False,True,0,none
7d58142ba.jpg,False,False,True,False,False,1,3
7d582e90d.jpg,False,False,True,False,False,1,3
7d5e8edf0.jpg,False,False,False,False,True,0,none
7d84f4365.jpg,False,False,True,False,False,1,3
7d88005db.jpg,False,False,False,False,True,0,none
7d8cb6714.jpg,False,False,False,False,True,0,none
7d8dde8af.jpg,False,False,False,False,True,0,none
7d9d29d28.jpg,True,False,False,False,False,1,1
7d9d768e0.jpg,False,False,True,False,False,1,3
7da0c4484.jpg,False,False,False,False,True,0,none
7da7fdfca.jpg,False,False,True,False,False,1,3
7da8aaf72.jpg,False,False,False,False,True,0,none
7da901e89.jpg,False,False,True,False,False,1,3
7da9335fd.jpg,False,False,False,False,True,0,none
7db22f39a.jpg,False,False,True,False,False,1,3
7db3010d1.jpg,False,False,False,False,True,0,none
7db619168.jpg,False,False,False,False,True,0,none
7dc5466c1.jpg,False,False,False,False,True,0,none
7dc860e41.jpg,False,False,False,False,True,0,none
7dc8d94dc.jpg,False,False,True,False,False,1,3
7dcd46899.jpg,False,True,False,False,False,1,2
7dcd9d8e2.jpg,False,False,True,False,False,1,3
7dd4d0f90.jpg,False,False,True,False,False,1,3
7dd604aa8.jpg,False,False,True,False,False,1,3
7de00739f.jpg,False,False,True,False,False,1,3
7de37a671.jpg,False,False,True,False,False,1,3
7df6cbcc7.jpg,False,False,False,False,True,0,none
7dfa03913.jpg,False,False,False,False,True,0,none
7dfb9d916.jpg,False,False,True,False,False,1,3
7dfc8b64d.jpg,False,False,False,False,True,0,none
7e080fe8d.jpg,False,False,False,False,True,0,none
7e0a4584c.jpg,False,False,True,False,False,1,3
7e0e39e4c.jpg,False,False,True,False,False,1,3
7e12848ac.jpg,False,False,False,False,True,0,none
7e18303fd.jpg,False,False,False,True,False,1,4
7e25a3973.jpg,False,False,False,True,False,1,4
7e2607582.jpg,False,False,False,False,True,0,none
7e2c9bc22.jpg,False,False,False,False,True,0,none
7e2e92987.jpg,False,False,False,False,True,0,none
7e427f34b.jpg,False,False,False,False,True,0,none
7e49d3022.jpg,False,False,True,False,False,1,3
7e56364ce.jpg,False,False,False,False,True,0,none
7e57b31f7.jpg,False,False,True,False,False,1,3
7e5c4b68d.jpg,False,False,False,False,True,0,none
7e6015fc5.jpg,False,False,True,False,False,1,3
7e62bc462.jpg,False,False,True,False,False,1,3
7e63e3baf.jpg,False,False,True,False,False,1,3
7e65bb413.jpg,False,False,True,False,False,1,3
7e6994853.jpg,False,False,False,False,True,0,none
7e6f6ba62.jpg,False,False,False,False,True,0,none
7e6fe6786.jpg,False,False,False,True,False,1,4
7e7204700.jpg,False,False,False,False,True,0,none
7e743dab7.jpg,False,False,False,False,True,0,none
7e7647e70.jpg,True,False,False,False,False,1,1
7e76fd8b1.jpg,False,False,True,False,False,1,3
7e79e75ca.jpg,False,False,False,False,True,0,none
7e8dfabba.jpg,False,False,True,False,False,1,3
7e955e810.jpg,False,False,False,False,True,0,none
7e9778a9f.jpg,False,False,True,False,False,1,3
7e9c06c77.jpg,False,False,False,False,True,0,none
7e9c7f52d.jpg,False,False,True,False,False,1,3
7ea03b257.jpg,False,False,False,True,False,1,4
7ea0bcec7.jpg,False,False,False,False,True,0,none
7eacbdb66.jpg,False,False,True,False,False,1,3
7eb32e8b8.jpg,False,False,True,False,False,1,3
7eb958c89.jpg,False,True,False,False,False,1,2
7ec438623.jpg,False,False,False,False,True,0,none
7ec4cd778.jpg,False,False,True,False,False,1,3
7ec5c8641.jpg,False,False,False,False,True,0,none
7ec79c490.jpg,False,False,True,False,False,1,3
7ecb2f19b.jpg,False,False,False,False,True,0,none
7ecd825b7.jpg,False,False,False,False,True,0,none
7ed009073.jpg,False,False,False,False,True,0,none
7ed538f87.jpg,False,False,False,False,True,0,none
7ed64642e.jpg,False,False,True,False,False,1,3
7ee479373.jpg,False,False,True,False,False,1,3
7ee4ba925.jpg,False,False,True,False,False,1,3
7ee5a339e.jpg,False,False,False,False,True,0,none
7eebb0313.jpg,False,False,False,False,True,0,none
7efadd1c6.jpg,False,False,True,False,False,1,3
7f08f1369.jpg,False,False,False,False,True,0,none
7f08f6d42.jpg,False,False,True,False,False,1,3
7f0f0ff7c.jpg,False,False,False,False,True,0,none
7f10fcbfe.jpg,False,False,False,False,True,0,none
7f196e938.jpg,False,False,False,False,True,0,none
7f1b37606.jpg,False,False,True,True,False,2,3+4
7f1c326d4.jpg,False,False,False,False,True,0,none
7f25edc7a.jpg,False,False,True,False,False,1,3
7f281a162.jpg,False,False,True,False,False,1,3
7f30a2a1e.jpg,False,False,True,False,False,1,3
7f30b9c64.jpg,False,False,True,True,False,2,3+4
7f3181e44.jpg,False,True,False,False,False,1,2
7f3204217.jpg,False,False,True,False,False,1,3
7f32d3e75.jpg,False,False,False,False,True,0,none
7f4554482.jpg,False,False,False,False,True,0,none
7f4bbb940.jpg,True,False,False,False,False,1,1
7f506ca06.jpg,False,False,False,False,True,0,none
7f52709ea.jpg,True,False,False,False,False,1,1
7f577c471.jpg,True,False,False,False,False,1,1
7f5bd2550.jpg,False,False,False,False,True,0,none
7f5d1da76.jpg,False,False,True,False,False,1,3
7f63c4624.jpg,False,False,False,False,True,0,none
7f67ad59d.jpg,False,False,True,False,False,1,3
7f6b93274.jpg,False,False,False,False,True,0,none
7f777ba81.jpg,False,False,True,False,False,1,3
7f7beccda.jpg,False,False,False,False,True,0,none
7f8594d4b.jpg,False,False,True,False,False,1,3
7f8d10098.jpg,False,False,False,True,False,1,4
7f98c3635.jpg,False,False,False,False,True,0,none
7f98f8f6c.jpg,False,False,False,False,True,0,none
7f9d758d7.jpg,True,False,False,False,False,1,1
7f9df7221.jpg,False,False,False,False,True,0,none
7fa8baf41.jpg,False,False,False,False,True,0,none
7faa839e3.jpg,False,False,False,False,True,0,none
7fb0c3636.jpg,False,False,True,False,False,1,3
7fc69d9fd.jpg,False,False,True,False,False,1,3
7fc7bab6b.jpg,False,False,True,False,False,1,3
7fc8b1ce5.jpg,False,False,True,False,False,1,3
7fc9cb824.jpg,False,False,True,False,False,1,3
7fceeb19e.jpg,False,False,False,False,True,0,none
7fd3d58a5.jpg,False,False,True,False,False,1,3
7fd489535.jpg,False,False,False,False,True,0,none
7fe4674f9.jpg,False,False,True,False,False,1,3
7fe5d431f.jpg,False,False,True,True,False,2,3+4
7ff50bb90.jpg,False,False,True,False,False,1,3
7ff662abf.jpg,False,False,False,False,True,0,none
7ff9e795d.jpg,False,False,False,True,False,1,4
7ffa84870.jpg,False,False,False,False,True,0,none
8000b4ad8.jpg,False,False,False,False,True,0,none
8003ed19d.jpg,False,False,False,False,True,0,none
800b8c9d1.jpg,False,False,True,False,False,1,3
8016e642c.jpg,False,False,True,False,False,1,3
801887861.jpg,False,False,True,False,False,1,3
801d299ac.jpg,False,False,True,False,False,1,3
802bbd246.jpg,False,False,False,False,True,0,none
802de5801.jpg,True,False,False,False,False,1,1
802e8e4af.jpg,False,False,False,False,True,0,none
803789913.jpg,False,False,False,False,True,0,none
80385ffeb.jpg,False,False,False,False,True,0,none
8040474f4.jpg,False,False,False,False,True,0,none
804caac5a.jpg,False,False,False,False,True,0,none
8059001d1.jpg,False,False,False,False,True,0,none
805ea1870.jpg,False,False,True,False,False,1,3
8066b7589.jpg,False,False,True,True,False,2,3+4
80691d1ae.jpg,False,False,False,False,True,0,none
806b28ae8.jpg,False,False,False,False,True,0,none
8071db7b3.jpg,False,False,True,False,False,1,3
807c5bb21.jpg,False,False,False,False,True,0,none
807ef1574.jpg,False,False,True,False,False,1,3
80841e418.jpg,False,False,True,False,False,1,3
80842d229.jpg,False,False,False,True,False,1,4
8088f6b20.jpg,False,False,False,False,True,0,none
808c30930.jpg,False,False,True,False,False,1,3
808e3f8b8.jpg,False,False,True,False,False,1,3
809282641.jpg,False,False,False,False,True,0,none
80932154b.jpg,False,False,True,False,False,1,3
809b70c5d.jpg,False,False,False,False,True,0,none
809cf7d52.jpg,False,False,False,False,True,0,none
809f27321.jpg,False,False,False,False,True,0,none
80a177eac.jpg,False,False,False,False,True,0,none
80adf1a29.jpg,False,False,False,False,True,0,none
80be3bfdc.jpg,False,False,False,False,True,0,none
80cb85650.jpg,False,False,True,False,False,1,3
80d241bc5.jpg,True,False,False,False,False,1,1
80d40cc9c.jpg,False,False,True,False,False,1,3
80d43cd25.jpg,False,False,False,False,True,0,none
80d60d687.jpg,False,False,True,False,False,1,3
80db59ec2.jpg,False,False,True,True,False,2,3+4
80de9f3e1.jpg,False,False,True,False,False,1,3
80e2353c4.jpg,False,False,True,False,False,1,3
80ec6ed97.jpg,False,False,False,False,True,0,none
80ed788e8.jpg,False,False,False,False,True,0,none
80f2eef6e.jpg,False,False,True,False,False,1,3
80f7d7679.jpg,False,False,True,False,False,1,3
81032f953.jpg,False,False,False,False,True,0,none
810f7826a.jpg,False,False,True,False,False,1,3
810f96801.jpg,False,False,True,False,False,1,3
81137ae8b.jpg,False,False,True,False,False,1,3
811ed7a89.jpg,False,False,False,False,True,0,none
81294c746.jpg,False,False,False,False,True,0,none
812ddd1e4.jpg,False,False,True,False,False,1,3
81314abfb.jpg,False,False,False,False,True,0,none
8135559f7.jpg,False,False,False,False,True,0,none
81398fac4.jpg,False,False,False,False,True,0,none
813be2643.jpg,False,False,False,False,True,0,none
8145c3c51.jpg,False,False,False,False,True,0,none
81557b8cd.jpg,False,False,False,False,True,0,none
816a3d605.jpg,False,False,True,True,False,2,3+4
816b49863.jpg,False,False,False,False,True,0,none
817588518.jpg,False,False,False,False,True,0,none
81770ddda.jpg,False,False,True,False,False,1,3
8177945a9.jpg,True,False,False,False,False,1,1
817a545aa.jpg,False,False,True,False,False,1,3
817c6c7a8.jpg,False,False,True,False,False,1,3
81816646e.jpg,False,False,False,False,True,0,none
81847fd11.jpg,False,False,False,True,False,1,4
818614bea.jpg,False,False,False,False,True,0,none
81891e821.jpg,False,False,True,False,False,1,3
818a68773.jpg,False,False,True,False,False,1,3
819e9bce9.jpg,False,False,False,False,True,0,none
81a0575ff.jpg,False,False,False,False,True,0,none
81a82d37f.jpg,False,False,False,False,True,0,none
81ab8f502.jpg,False,False,True,False,False,1,3
81aed13bf.jpg,True,False,True,False,False,2,1+3
81b40126d.jpg,False,False,False,False,True,0,none
81b4bf91a.jpg,False,False,True,False,False,1,3
81b699f38.jpg,False,False,True,False,False,1,3
81b6f3cca.jpg,False,True,True,False,False,2,2+3
81bd64447.jpg,False,False,False,False,True,0,none
81c37d5f1.jpg,True,False,False,False,False,1,1
81caf7932.jpg,False,False,False,False,True,0,none
81cec825e.jpg,False,False,False,False,True,0,none
81e7fcead.jpg,False,False,False,False,True,0,none
81e8d9fd9.jpg,False,False,False,True,False,1,4
81ed57b21.jpg,False,False,False,False,True,0,none
81effb9b8.jpg,False,False,False,False,True,0,none
81f75d1b5.jpg,False,False,True,False,False,1,3
81fa665da.jpg,False,False,True,False,False,1,3
81ff630e3.jpg,True,False,True,False,False,2,1+3
820a86bdd.jpg,False,False,False,True,False,1,4
820c4f78c.jpg,False,False,True,False,False,1,3
82168bba3.jpg,False,False,True,False,False,1,3
82171ab4a.jpg,False,False,False,False,True,0,none
82173d483.jpg,False,False,False,False,True,0,none
822aa8de8.jpg,False,False,False,False,True,0,none
822c360e8.jpg,False,False,False,False,True,0,none
822ccb565.jpg,False,False,True,False,False,1,3
823575291.jpg,False,False,False,False,True,0,none
823994b16.jpg,False,False,True,False,False,1,3
823c53d37.jpg,False,False,False,False,True,0,none
82436f649.jpg,False,False,False,False,True,0,none
8248c9b1d.jpg,False,False,True,True,False,2,3+4
824ad197d.jpg,False,False,False,False,True,0,none
82532a288.jpg,False,False,True,False,False,1,3
82583cd1d.jpg,False,False,False,False,True,0,none
825a8ea8f.jpg,True,False,True,False,False,2,1+3
825d06c01.jpg,False,False,True,False,False,1,3
82602cb06.jpg,False,False,False,True,False,1,4
8266cca81.jpg,False,False,True,False,False,1,3
827f4a6b1.jpg,False,False,False,False,True,0,none
827f94cb9.jpg,False,False,False,False,True,0,none
8299f5460.jpg,False,False,True,True,False,2,3+4
82a4afeca.jpg,False,False,False,False,True,0,none
82aafd015.jpg,False,False,True,False,False,1,3
82ab1eb7f.jpg,True,False,False,False,False,1,1
82ac8152a.jpg,False,False,False,False,True,0,none
82add8f46.jpg,False,False,False,False,True,0,none
82b23f53c.jpg,False,False,True,False,False,1,3
82b258bf4.jpg,False,False,True,False,False,1,3
82bd1670a.jpg,False,False,False,False,True,0,none
82be365ea.jpg,False,False,True,False,False,1,3
82bee96b8.jpg,False,False,False,True,False,1,4
82bffd9d3.jpg,False,False,False,False,True,0,none
82c24f149.jpg,False,False,False,False,True,0,none
82c806ebb.jpg,False,False,True,False,False,1,3
82c9c2afc.jpg,False,False,False,False,True,0,none
82cf55ab9.jpg,False,False,True,False,False,1,3
82cf996ff.jpg,False,False,False,False,True,0,none
82d40a4e3.jpg,False,False,False,False,True,0,none
82d728afa.jpg,False,False,True,False,False,1,3
82e11b4e4.jpg,False,False,True,False,False,1,3
82e2cffe0.jpg,False,False,True,False,False,1,3
82e32c810.jpg,False,False,True,False,False,1,3
82e82b713.jpg,False,False,True,False,False,1,3
82ee8158b.jpg,False,False,False,False,True,0,none
82f31d10e.jpg,False,False,True,False,False,1,3
82f3be402.jpg,False,False,True,False,False,1,3
82f4c0b69.jpg,False,False,True,False,False,1,3
82f6ab6aa.jpg,True,False,False,False,False,1,1
82fc300b4.jpg,False,False,True,False,False,1,3
82fef8150.jpg,False,False,False,False,True,0,none
830ab6c11.jpg,False,False,True,False,False,1,3
830d3ac76.jpg,False,False,False,False,True,0,none
8313b4e90.jpg,False,False,True,False,False,1,3
83182f270.jpg,False,False,False,False,True,0,none
831de6ce2.jpg,False,False,False,False,True,0,none
831fd3914.jpg,False,False,False,False,True,0,none
83298d267.jpg,False,False,False,True,False,1,4
832c4b74c.jpg,False,False,True,False,False,1,3
832cb20cc.jpg,False,False,False,False,True,0,none
832f21ec5.jpg,False,False,False,False,True,0,none
833433e81.jpg,False,False,False,True,False,1,4
8344ef24d.jpg,False,False,True,False,False,1,3
8345249a8.jpg,False,False,True,False,False,1,3
83476e834.jpg,True,False,False,False,False,1,1
834a537f4.jpg,False,False,False,False,True,0,none
8355a5249.jpg,False,False,True,False,False,1,3
8364a4654.jpg,False,False,True,False,False,1,3
8364cd311.jpg,False,False,False,True,False,1,4
8366824fe.jpg,False,False,False,True,False,1,4
8366a9a39.jpg,False,False,False,False,True,0,none
83674f503.jpg,False,False,False,False,True,0,none
8369f54aa.jpg,False,False,False,False,True,0,none
836ccf3b0.jpg,False,False,True,False,False,1,3
837645cf1.jpg,True,False,False,False,False,1,1
837d38c91.jpg,False,False,True,False,False,1,3
838135ec4.jpg,False,False,True,True,False,2,3+4
83886dd5d.jpg,False,False,False,False,True,0,none
8399a4300.jpg,False,False,True,False,False,1,3
839cb8f32.jpg,False,False,False,False,True,0,none
839f0c541.jpg,False,False,False,False,True,0,none
839fedbb2.jpg,False,False,True,False,False,1,3
83a4b8a34.jpg,False,False,False,False,True,0,none
83ba89ac3.jpg,False,False,True,True,False,2,3+4
83bd40de8.jpg,False,False,False,False,True,0,none
83c2e79d1.jpg,False,False,True,False,False,1,3
83c431c22.jpg,False,False,True,False,False,1,3
83d2f1e38.jpg,False,False,False,False,True,0,none
83d2fffd3.jpg,True,False,True,False,False,2,1+3
83d9b39c8.jpg,False,False,True,False,False,1,3
83e2d9e33.jpg,False,False,False,False,True,0,none
83e554974.jpg,False,False,False,False,True,0,none
83e63937d.jpg,False,False,True,False,False,1,3
83e65d90e.jpg,False,False,True,False,False,1,3
83e918113.jpg,False,False,False,False,True,0,none
83eb3fd63.jpg,False,False,True,False,False,1,3
83eb528df.jpg,False,False,False,False,True,0,none
83ec1bbca.jpg,False,False,False,False,True,0,none
83f82db15.jpg,False,False,True,False,False,1,3
83f88d92e.jpg,False,False,True,True,False,2,3+4
8417eb22d.jpg,False,False,True,False,False,1,3
841984e0c.jpg,False,False,False,False,True,0,none
841c1f67e.jpg,False,False,True,False,False,1,3
841c364ec.jpg,False,False,True,False,False,1,3
84232105a.jpg,False,False,False,True,False,1,4
8425b5187.jpg,False,False,False,False,True,0,none
843b29efa.jpg,False,False,True,True,False,2,3+4
843f0ae15.jpg,False,False,True,True,False,2,3+4
8445de2d9.jpg,False,False,True,False,False,1,3
844a48ae2.jpg,False,False,True,False,False,1,3
845935465.jpg,False,False,True,False,False,1,3
846788254.jpg,True,False,False,False,False,1,1
84694fac9.jpg,False,False,False,False,True,0,none
846a8ccab.jpg,False,False,True,False,False,1,3
8478415cf.jpg,False,False,True,False,False,1,3
847a45986.jpg,False,False,False,False,True,0,none
847b7640a.jpg,False,False,True,False,False,1,3
847c643da.jpg,False,False,False,False,True,0,none
8480792ef.jpg,False,False,False,False,True,0,none
8484468e0.jpg,False,False,True,False,False,1,3
84865746c.jpg,False,False,True,True,False,2,3+4
848713301.jpg,True,False,False,False,False,1,1
848a1b795.jpg,False,False,True,False,False,1,3
848b66095.jpg,False,False,True,False,False,1,3
848fefb19.jpg,False,False,False,False,True,0,none
8496706ed.jpg,False,False,False,False,True,0,none
849d70baf.jpg,False,False,True,False,False,1,3
84a30b719.jpg,False,False,False,False,True,0,none
84a3347e4.jpg,False,False,True,False,False,1,3
84a9ab164.jpg,False,False,True,False,False,1,3
84b1b2c23.jpg,False,False,False,False,True,0,none
84b6bfc9a.jpg,False,False,False,False,True,0,none
84ba31d0a.jpg,True,False,False,False,False,1,1
84beeb839.jpg,False,False,True,False,False,1,3
84c34d791.jpg,False,False,True,True,False,2,3+4
84cb84903.jpg,False,False,False,False,True,0,none
84d0c1ee2.jpg,False,False,False,False,True,0,none
84d1278e3.jpg,False,False,True,False,False,1,3
84d30fb77.jpg,False,False,True,False,False,1,3
84dc30d02.jpg,False,False,False,False,True,0,none
84df99a15.jpg,False,False,True,False,False,1,3
84e51db1c.jpg,False,False,True,True,False,2,3+4
84eac92fc.jpg,False,False,True,False,False,1,3
84edf7afb.jpg,False,False,True,False,False,1,3
850058ea8.jpg,False,False,True,False,False,1,3
8507771d9.jpg,False,False,False,False,True,0,none
85094416b.jpg,False,False,False,False,True,0,none
850ce4bc1.jpg,False,False,False,False,True,0,none
85107deb3.jpg,False,False,True,False,False,1,3
8516fcc92.jpg,False,False,True,False,False,1,3
8527d0b55.jpg,False,False,True,True,False,2,3+4
85294cff9.jpg,True,True,False,False,False,2,1+2
8529860ac.jpg,False,False,False,False,True,0,none
85368b144.jpg,False,False,False,False,True,0,none
853ad65f0.jpg,False,False,True,False,False,1,3
8540353ea.jpg,False,False,True,False,False,1,3
8546c7a76.jpg,False,False,False,False,True,0,none
854baa70c.jpg,True,False,False,False,False,1,1
8561d4265.jpg,False,False,False,False,True,0,none
8562a95b4.jpg,False,False,True,False,False,1,3
8568c875c.jpg,False,False,False,False,True,0,none
856b4f598.jpg,False,False,False,False,True,0,none
856f0b6bd.jpg,False,False,True,False,False,1,3
857400707.jpg,False,False,True,False,False,1,3
8578375b5.jpg,False,False,False,False,True,0,none
857e31e99.jpg,False,False,False,False,True,0,none
857f907cc.jpg,False,False,True,False,False,1,3
858213368.jpg,False,False,False,True,False,1,4
8582309f2.jpg,False,False,False,False,True,0,none
858307610.jpg,False,False,False,False,True,0,none
8587f29b5.jpg,False,False,False,False,True,0,none
85881e82e.jpg,False,False,False,False,True,0,none
85a8cf079.jpg,False,False,False,False,True,0,none
85adaa491.jpg,True,False,False,False,False,1,1
85b72c878.jpg,False,False,True,False,False,1,3
85b8f9d06.jpg,False,False,True,False,False,1,3
85be23fbf.jpg,False,False,False,False,True,0,none
85c5631bd.jpg,False,False,True,False,False,1,3
85c70f4b4.jpg,False,False,False,False,True,0,none
85d2a92f3.jpg,False,False,False,False,True,0,none
85d958a51.jpg,False,False,False,False,True,0,none
85e251638.jpg,False,False,False,False,True,0,none
85e44e158.jpg,False,False,True,False,False,1,3
85f49a396.jpg,False,False,False,False,True,0,none
85f750ca7.jpg,False,False,False,False,True,0,none
8600decb6.jpg,False,False,True,False,False,1,3
86063fcba.jpg,True,False,False,False,False,1,1
860cee6a3.jpg,False,False,False,False,True,0,none
8611deb61.jpg,False,False,True,False,False,1,3
8612b1c18.jpg,False,False,False,False,True,0,none
8616dadc9.jpg,False,False,False,False,True,0,none
861a262c8.jpg,False,False,True,False,False,1,3
86217c4ba.jpg,False,False,False,True,False,1,4
86226216f.jpg,False,False,True,False,False,1,3
862bcc9c0.jpg,True,False,False,False,False,1,1
863868ed4.jpg,False,False,True,False,False,1,3
863b300cb.jpg,False,False,True,False,False,1,3
8640d3367.jpg,False,False,False,False,True,0,none
8645f73f1.jpg,False,False,True,False,False,1,3
8648b2010.jpg,False,False,False,True,False,1,4
864e176f3.jpg,False,False,False,False,True,0,none
8651a4a06.jpg,False,False,True,False,False,1,3
865286d6d.jpg,False,False,False,False,True,0,none
865574894.jpg,False,False,True,False,False,1,3
865b35014.jpg,False,False,True,False,False,1,3
865b83c3f.jpg,False,False,False,True,False,1,4
86654180d.jpg,False,False,True,False,False,1,3
86752d23a.jpg,False,False,True,False,False,1,3
86756300d.jpg,False,False,False,True,False,1,4
867572f1e.jpg,False,False,True,False,False,1,3
8675dae90.jpg,False,False,False,False,True,0,none
8677c19e6.jpg,False,False,True,False,False,1,3
867f080f0.jpg,False,False,True,False,False,1,3
867f51798.jpg,False,False,False,False,True,0,none
8686e77d9.jpg,False,False,False,False,True,0,none
868759698.jpg,False,False,True,False,False,1,3
868a5c8a7.jpg,False,False,False,False,True,0,none
868ec37d5.jpg,False,False,False,False,True,0,none
868f38392.jpg,False,False,False,False,True,0,none
869055892.jpg,False,False,False,True,False,1,4
8690fe018.jpg,False,False,False,False,True,0,none
86947490c.jpg,False,False,False,False,True,0,none
869a36ad5.jpg,False,False,False,False,True,0,none
86a54a0e9.jpg,False,False,True,False,False,1,3
86a9a4ab0.jpg,False,False,True,False,False,1,3
86aae8998.jpg,True,False,False,False,False,1,1
86abf2aef.jpg,False,False,True,False,False,1,3
86b32c0d5.jpg,False,False,False,False,True,0,none
86b7dbfe8.jpg,False,False,True,False,False,1,3
86c678c32.jpg,False,False,True,False,False,1,3
86cbb2d1f.jpg,True,False,False,False,False,1,1
86d2497e3.jpg,False,False,False,False,True,0,none
86d953299.jpg,False,False,True,False,False,1,3
86da37a47.jpg,False,False,False,False,True,0,none
86ded721f.jpg,False,False,True,True,False,2,3+4
86e195ec0.jpg,False,False,False,False,True,0,none
86e80375f.jpg,True,False,False,False,False,1,1
86e81413a.jpg,False,False,True,False,False,1,3
86eddd938.jpg,False,False,True,False,False,1,3
86f4141ce.jpg,False,False,True,False,False,1,3
86f6cc389.jpg,False,False,False,False,True,0,none
86f7029ee.jpg,False,False,False,False,True,0,none
86f7a8b1d.jpg,False,False,False,False,True,0,none
86ffabc49.jpg,False,False,False,True,False,1,4
8709ea899.jpg,False,False,True,False,False,1,3
870a78d8b.jpg,False,False,False,False,True,0,none
870de47b5.jpg,False,False,False,False,True,0,none
87106dfdb.jpg,False,False,True,False,False,1,3
8718d384c.jpg,False,False,False,False,True,0,none
871f864ef.jpg,False,False,False,False,True,0,none
8726206f5.jpg,False,False,True,False,False,1,3
8726568e0.jpg,False,False,False,False,True,0,none
872b09085.jpg,False,False,True,False,False,1,3
873e04ca8.jpg,False,False,True,False,False,1,3
873fbc272.jpg,True,False,False,False,False,1,1
875612422.jpg,False,False,True,False,False,1,3
8756de2ce.jpg,False,False,False,False,True,0,none
875bf7f2e.jpg,False,False,False,False,True,0,none
875d01c22.jpg,False,False,True,False,False,1,3
875dd2561.jpg,False,False,True,False,False,1,3
8766919e9.jpg,False,False,False,False,True,0,none
876e74fd6.jpg,False,False,False,False,True,0,none
87754d760.jpg,False,False,True,True,False,2,3+4
87789797a.jpg,False,False,False,False,True,0,none
877d319fd.jpg,False,False,False,False,True,0,none
878154db9.jpg,False,False,False,False,True,0,none
878824b35.jpg,False,False,True,False,False,1,3
8791b66e3.jpg,False,False,False,False,True,0,none
879427020.jpg,False,False,False,False,True,0,none
879ac99d0.jpg,False,False,False,False,True,0,none
879faadd1.jpg,False,False,False,False,True,0,none
87a14e62f.jpg,False,False,False,False,True,0,none
87a285597.jpg,False,False,False,False,True,0,none
87a5ac2f8.jpg,True,False,False,False,False,1,1
87a76ce56.jpg,False,False,False,False,True,0,none
87ae117e9.jpg,False,False,True,False,False,1,3
87aef6fe4.jpg,False,False,False,False,True,0,none
87b5d669b.jpg,False,False,False,False,True,0,none
87b82c9cb.jpg,False,False,False,False,True,0,none
87b9b1d3d.jpg,False,False,False,False,True,0,none
87bf31f93.jpg,False,False,False,False,True,0,none
87c733c21.jpg,True,False,False,False,False,1,1
87db744d8.jpg,False,False,False,False,True,0,none
87dc00bd0.jpg,False,False,False,False,True,0,none
87e057954.jpg,False,False,True,False,False,1,3
87e27ae0a.jpg,False,False,True,False,False,1,3
87e6e09c4.jpg,False,False,False,False,True,0,none
87e990d66.jpg,False,False,True,False,False,1,3
87ebb9d4f.jpg,False,False,True,False,False,1,3
87edd91dc.jpg,False,False,True,False,False,1,3
87f0ecf9f.jpg,False,False,False,False,True,0,none
87f167395.jpg,False,False,False,False,True,0,none
87f2a67af.jpg,False,False,True,False,False,1,3
87f6e3eeb.jpg,True,False,False,False,False,1,1
87f74731f.jpg,False,False,True,False,False,1,3
87ffa6b72.jpg,False,False,False,False,True,0,none
880f0b8cc.jpg,False,False,True,False,False,1,3
88178518d.jpg,False,False,False,False,True,0,none
881fb9f64.jpg,False,False,False,False,True,0,none
8821b2e2c.jpg,False,False,True,False,False,1,3
88254037e.jpg,False,False,False,False,True,0,none
8827d2bd3.jpg,False,False,True,False,False,1,3
882e71082.jpg,False,False,False,False,True,0,none
88365b4b0.jpg,False,False,True,False,False,1,3
8838f2e8d.jpg,False,False,False,False,True,0,none
883ce8f4f.jpg,False,False,False,False,True,0,none
8840bb118.jpg,False,False,False,False,True,0,none
8847458a0.jpg,False,False,True,False,False,1,3
8848794d4.jpg,False,False,False,False,True,0,none
884bf0558.jpg,False,False,False,False,True,0,none
8856f6411.jpg,False,False,False,False,True,0,none
885ca98f3.jpg,False,False,False,False,True,0,none
885e9371e.jpg,False,False,False,False,True,0,none
88646d398.jpg,False,False,True,False,False,1,3
8866a93f6.jpg,False,False,False,True,False,1,4
88683b031.jpg,False,False,False,False,True,0,none
886eebf8c.jpg,False,False,True,False,False,1,3
8872fe6db.jpg,False,False,True,False,False,1,3
887e72cb4.jpg,False,False,True,False,False,1,3
888263bf8.jpg,False,False,False,False,True,0,none
8886a8a54.jpg,False,False,True,False,False,1,3
888e8c4b4.jpg,False,False,False,False,True,0,none
889454305.jpg,False,False,True,False,False,1,3
88957ccdd.jpg,False,False,False,False,True,0,none
8898932bd.jpg,False,False,True,True,False,2,3+4
889c66e18.jpg,False,False,False,True,False,1,4
88ab9068d.jpg,False,False,False,False,True,0,none
88af2f89b.jpg,False,False,False,False,True,0,none
88b4105df.jpg,False,False,False,False,True,0,none
88b8b20dd.jpg,False,False,False,False,True,0,none
88d3a711a.jpg,False,False,False,False,True,0,none
88d46c359.jpg,False,False,False,False,True,0,none
88d4948ed.jpg,False,False,False,False,True,0,none
88df5f0d8.jpg,False,False,True,False,False,1,3
88dfc4f14.jpg,False,False,False,False,True,0,none
88e1122cb.jpg,True,False,False,False,False,1,1
88e6e44c1.jpg,False,False,False,False,True,0,none
88f00028d.jpg,False,False,True,False,False,1,3
890787f71.jpg,False,False,False,False,True,0,none
89087f994.jpg,True,False,False,False,False,1,1
89158744a.jpg,False,False,True,True,False,2,3+4
891837278.jpg,False,False,True,False,False,1,3
892321605.jpg,False,False,True,False,False,1,3
892582cf9.jpg,True,False,False,False,False,1,1
89332ba01.jpg,False,False,True,False,False,1,3
8934fde20.jpg,False,False,False,False,True,0,none
8938b12eb.jpg,False,False,False,False,True,0,none
89472ccc3.jpg,False,False,False,False,True,0,none
8954af5c0.jpg,False,False,False,False,True,0,none
8957f8d0e.jpg,False,False,True,False,False,1,3
895c92dd5.jpg,False,False,True,False,False,1,3
89680e0f4.jpg,False,False,False,False,True,0,none
896d1ac05.jpg,True,False,False,False,False,1,1
896f524b3.jpg,False,False,True,False,False,1,3
896f852dd.jpg,False,False,True,False,False,1,3
89737dc96.jpg,False,False,True,False,False,1,3
8976f1c8b.jpg,False,False,False,False,True,0,none
8981bc1ff.jpg,False,False,False,False,True,0,none
8981c24c8.jpg,False,False,True,False,False,1,3
8984056a5.jpg,False,False,False,False,True,0,none
8991e4a44.jpg,False,False,True,False,False,1,3
89a27ad96.jpg,False,False,False,False,True,0,none
89a7db911.jpg,False,False,False,False,True,0,none
89b4f62f1.jpg,False,False,True,False,False,1,3
89c18c6b6.jpg,False,False,False,False,True,0,none
89c28225d.jpg,False,False,False,False,True,0,none
89c7d289e.jpg,False,False,False,False,True,0,none
89cc0aae0.jpg,False,False,False,False,True,0,none
89cc999f4.jpg,False,False,False,False,True,0,none
89ce91437.jpg,False,False,False,False,True,0,none
89d73890d.jpg,False,False,True,False,False,1,3
89dcbb574.jpg,False,False,True,False,False,1,3
89eec1aae.jpg,False,False,True,False,False,1,3
89ef83ab7.jpg,False,False,True,True,False,2,3+4
89f119c0a.jpg,True,False,False,False,False,1,1
89f3cc3f1.jpg,False,False,True,False,False,1,3
8a06952d6.jpg,False,False,False,False,True,0,none
8a09333c4.jpg,False,False,True,False,False,1,3
8a09e8354.jpg,False,False,False,False,True,0,none
8a17572d8.jpg,False,False,True,False,False,1,3
8a28acf4e.jpg,False,False,False,False,True,0,none
8a2a8a476.jpg,False,False,True,False,False,1,3
8a35c59f9.jpg,True,False,False,False,False,1,1
8a375b486.jpg,False,False,True,False,False,1,3
8a3adca3c.jpg,False,False,False,False,True,0,none
8a3c1e50c.jpg,False,False,False,True,False,1,4
8a3cb76e2.jpg,False,False,False,False,True,0,none
8a3ce8312.jpg,True,False,False,False,False,1,1
8a3de2473.jpg,False,False,True,False,False,1,3
8a485f766.jpg,False,False,True,False,False,1,3
8a49034a3.jpg,False,False,False,False,True,0,none
8a58a494a.jpg,False,False,False,False,True,0,none
8a642f9d3.jpg,True,False,True,False,False,2,1+3
8a66a89ef.jpg,False,False,False,False,True,0,none
8a68175fc.jpg,False,False,False,False,True,0,none
8a7121b61.jpg,False,False,True,False,False,1,3
8a75d73d9.jpg,False,False,True,False,False,1,3
8a7eddd78.jpg,False,False,True,False,False,1,3
8a7f75f86.jpg,False,False,True,False,False,1,3
8a87b9578.jpg,True,False,False,False,False,1,1
8a87c8067.jpg,False,False,True,False,False,1,3
8a886614f.jpg,False,False,False,False,True,0,none
8a88f573c.jpg,False,False,True,False,False,1,3
8a90952b4.jpg,False,False,True,False,False,1,3
8a993359d.jpg,False,False,True,False,False,1,3
8aa3af3da.jpg,False,False,True,False,False,1,3
8aa4712df.jpg,False,False,False,False,True,0,none
8aaaf636b.jpg,False,False,False,False,True,0,none
8aacab1a1.jpg,False,False,True,False,False,1,3
8aaebf6ec.jpg,False,False,True,False,False,1,3
8aaf23412.jpg,False,False,True,False,False,1,3
8aaf235ef.jpg,False,False,False,True,False,1,4
8ab0bf58c.jpg,False,False,False,False,True,0,none
8ab72fe26.jpg,False,False,True,False,False,1,3
8ab80ae38.jpg,False,False,False,False,True,0,none
8ab887d08.jpg,False,False,False,False,True,0,none
8abd1fbf5.jpg,False,False,True,False,False,1,3
8abee6870.jpg,False,False,False,False,True,0,none
8ac4ba80d.jpg,False,False,False,True,False,1,4
8ac717af9.jpg,False,False,True,False,False,1,3
8acb40548.jpg,False,False,False,False,True,0,none
8acdec0d2.jpg,False,False,False,False,True,0,none
8ad6069fe.jpg,False,False,True,False,False,1,3
8ad6b411a.jpg,False,False,False,False,True,0,none
8ade0ca6d.jpg,False,False,False,False,True,0,none
8adfbc19f.jpg,False,False,False,False,True,0,none
8ae110bc5.jpg,False,False,True,False,False,1,3
8ae3d3ad2.jpg,False,False,True,True,False,2,3+4
8ae5a614a.jpg,False,False,False,False,True,0,none
8aefde0ce.jpg,False,False,False,False,True,0,none
8af6db1f9.jpg,False,False,False,False,True,0,none
8afa2aa27.jpg,False,False,True,False,False,1,3
8afa9dfaf.jpg,False,False,False,False,True,0,none
8afe5eb8e.jpg,False,False,False,False,True,0,none
8b0496df3.jpg,False,False,False,False,True,0,none
8b0831055.jpg,False,False,False,False,True,0,none
8b0964301.jpg,False,False,True,False,False,1,3
8b0b1eb8e.jpg,False,False,False,False,True,0,none
8b119716b.jpg,False,False,False,False,True,0,none
8b1fd00ed.jpg,False,False,False,False,True,0,none
8b299d9aa.jpg,False,False,False,False,True,0,none
8b31c67c8.jpg,False,False,True,False,False,1,3
8b4657500.jpg,False,False,True,False,False,1,3
8b4863f6a.jpg,False,False,False,False,True,0,none
8b495e389.jpg,False,False,True,False,False,1,3
8b4a58055.jpg,False,False,False,False,True,0,none
8b4af5900.jpg,False,False,True,False,False,1,3
8b4b4d618.jpg,False,False,True,False,False,1,3
8b4bb1228.jpg,False,False,False,True,False,1,4
8b4c9a3d0.jpg,False,False,False,False,True,0,none
8b4e90080.jpg,False,False,True,False,False,1,3
8b502495c.jpg,False,False,False,False,True,0,none
8b591e353.jpg,False,False,False,False,True,0,none
8b6372c98.jpg,False,False,False,False,True,0,none
8b6c404ac.jpg,False,True,False,False,False,1,2
8b6cfcf35.jpg,False,False,True,False,False,1,3
8b87f24ec.jpg,False,False,False,False,True,0,none
8b9050902.jpg,False,False,False,False,True,0,none
8b9649f99.jpg,False,False,False,False,True,0,none
8b9681587.jpg,False,False,True,False,False,1,3
8b9c035ec.jpg,False,True,False,False,False,1,2
8b9fdd8b6.jpg,False,False,False,False,True,0,none
8ba67e197.jpg,False,False,False,False,True,0,none
8bab4626b.jpg,False,False,True,False,False,1,3
8baffdc70.jpg,False,False,True,False,False,1,3
8bb1de14e.jpg,False,False,False,False,True,0,none
8bb208f36.jpg,True,False,False,False,False,1,1
8bb5ada5c.jpg,True,False,False,False,False,1,1
8bb64b5b3.jpg,False,False,True,False,False,1,3
8bb714882.jpg,False,False,False,False,True,0,none
8bba1760b.jpg,False,False,False,False,True,0,none
8bc5aeca3.jpg,False,False,True,True,False,2,3+4
8bcb8ebc4.jpg,False,False,False,False,True,0,none
8bcf692a1.jpg,False,False,False,False,True,0,none
8bd35f020.jpg,False,False,True,False,False,1,3
8bdd32ed8.jpg,False,False,False,False,True,0,none
8bdf6cee5.jpg,False,False,True,False,False,1,3
8be1d2178.jpg,False,False,True,False,False,1,3
8be674249.jpg,False,False,False,False,True,0,none
8becd4279.jpg,False,False,False,False,True,0,none
8beef62a7.jpg,False,False,True,False,False,1,3
8bf2250f0.jpg,False,False,False,False,True,0,none
8bf6656ef.jpg,False,False,False,False,True,0,none
8bf89777a.jpg,False,False,False,False,True,0,none
8bf8b9c33.jpg,False,False,False,False,True,0,none
8bf955276.jpg,False,False,False,False,True,0,none
8bfc35309.jpg,False,False,False,False,True,0,none
8c0e1c58d.jpg,False,False,False,False,True,0,none
8c1825273.jpg,False,False,False,False,True,0,none
8c1fe4329.jpg,True,False,False,False,False,1,1
8c26ebe1f.jpg,False,False,False,False,True,0,none
8c2a5c8f7.jpg,False,False,True,False,False,1,3
8c2be5c87.jpg,False,False,True,False,False,1,3
8c312c656.jpg,False,False,False,False,True,0,none
8c3539cdd.jpg,True,False,False,False,False,1,1
8c45db9c2.jpg,False,False,False,False,True,0,none
8c504c51c.jpg,False,False,True,False,False,1,3
8c6138a1d.jpg,False,False,False,False,True,0,none
8c64a3681.jpg,False,False,True,False,False,1,3
8c65e7d1a.jpg,False,False,False,False,True,0,none
8c6c0ef90.jpg,False,False,False,False,True,0,none
8c732ade1.jpg,False,False,True,False,False,1,3
8c75dcd4a.jpg,True,False,False,False,False,1,1
8c7e2be20.jpg,False,False,False,False,True,0,none
8c7f9bc51.jpg,False,False,False,False,True,0,none
8c80c8059.jpg,False,False,False,False,True,0,none
8c81bbce4.jpg,False,False,True,False,False,1,3
8c85e9faa.jpg,False,False,True,False,False,1,3
8c8914931.jpg,False,False,True,False,False,1,3
8c8e79fa0.jpg,True,False,False,False,False,1,1
8c9286f4e.jpg,False,False,True,True,False,2,3+4
8ca764a09.jpg,False,False,False,False,True,0,none
8cb91efdd.jpg,False,False,True,False,False,1,3
8cb9d43f0.jpg,False,False,False,True,False,1,4
8cc1c837b.jpg,False,False,True,False,False,1,3
8cc65d1f7.jpg,False,True,False,False,False,1,2
8ccb9bbc9.jpg,True,False,False,False,False,1,1
8ccbb95e1.jpg,False,False,False,False,True,0,none
8ccc33783.jpg,False,False,False,False,True,0,none
8cceaf17c.jpg,False,False,False,False,True,0,none
8cd4a4a89.jpg,False,False,False,False,True,0,none
8cd6472c3.jpg,False,False,True,False,False,1,3
8cd9ca854.jpg,True,False,False,False,False,1,1
8ce8ed455.jpg,False,False,True,False,False,1,3
8ce96e6e8.jpg,False,False,False,False,True,0,none
8ceba5ea5.jpg,False,False,True,False,False,1,3
8cec737ef.jpg,False,False,False,False,True,0,none
8cf99bbea.jpg,False,False,False,False,True,0,none
8cfdc1069.jpg,False,False,True,False,False,1,3
8d02760e9.jpg,False,False,False,False,True,0,none
8d0addbbc.jpg,False,False,True,False,False,1,3
8d0ec9630.jpg,False,False,False,True,False,1,4
8d1cd3b88.jpg,True,False,False,False,False,1,1
8d23e30d7.jpg,False,False,True,False,False,1,3
8d25eb2c7.jpg,False,False,True,False,False,1,3
8d26ca58c.jpg,False,False,True,False,False,1,3
8d2e8b456.jpg,False,False,True,True,False,2,3+4
8d36899b1.jpg,False,False,True,False,False,1,3
8d3f582fb.jpg,False,False,False,False,True,0,none
8d4206f2a.jpg,False,False,True,False,False,1,3
8d4d94e38.jpg,False,False,False,False,True,0,none
8d4e680c6.jpg,False,False,True,False,False,1,3
8d52d3c30.jpg,False,False,True,False,False,1,3
8d5ca7f3a.jpg,False,False,False,False,True,0,none
8d5dde91c.jpg,True,False,False,False,False,1,1
8d5f90317.jpg,False,False,True,False,False,1,3
8d5fd264c.jpg,False,False,True,False,False,1,3
8d67593de.jpg,False,False,True,False,False,1,3
8d6802553.jpg,False,False,False,False,True,0,none
8d74ea350.jpg,False,False,True,False,False,1,3
8d7f2d82b.jpg,False,False,False,False,True,0,none
8d800b61c.jpg,False,False,False,False,True,0,none
8d83b39c0.jpg,False,False,True,False,False,1,3
8d84eea51.jpg,False,False,True,False,False,1,3
8d86c3edb.jpg,False,False,False,False,True,0,none
8d8785ce2.jpg,False,False,False,False,True,0,none
8d909a69d.jpg,False,False,True,False,False,1,3
8d938b3e7.jpg,False,False,True,False,False,1,3
8d96c4c5c.jpg,False,False,False,False,True,0,none
8d9727c50.jpg,False,False,False,False,True,0,none
8d9b43515.jpg,False,False,False,True,False,1,4
8d9b704ff.jpg,False,False,True,False,False,1,3
8d9ec6e09.jpg,False,False,False,False,True,0,none
8da886dcf.jpg,True,False,False,False,False,1,1
8dbca8b82.jpg,False,False,True,False,False,1,3
8dbe6a9d8.jpg,False,False,True,False,False,1,3
8dc0f0966.jpg,False,False,True,False,False,1,3
8dca0f3f7.jpg,False,False,False,False,True,0,none
8dce4f71f.jpg,False,False,True,False,False,1,3
8dd5b0f4d.jpg,False,False,False,False,True,0,none
8ddf889d8.jpg,False,False,True,False,False,1,3
8de366fb3.jpg,False,False,True,False,False,1,3
8de7a3873.jpg,False,False,False,True,False,1,4
8dead438d.jpg,False,False,False,False,True,0,none
8df12e874.jpg,False,False,True,False,False,1,3
8df207326.jpg,False,False,True,False,False,1,3
8dfcc174b.jpg,False,False,True,False,False,1,3
8dfe396ef.jpg,False,False,True,False,False,1,3
8e01fb963.jpg,False,False,True,False,False,1,3
8e0334d54.jpg,False,False,False,False,True,0,none
8e08d9cd6.jpg,True,False,False,False,False,1,1
8e11e6dff.jpg,False,False,True,False,False,1,3
8e1fb6f5a.jpg,False,False,True,False,False,1,3
8e25d0757.jpg,False,False,True,False,False,1,3
8e2d247c4.jpg,False,False,True,False,False,1,3
8e30601c8.jpg,False,False,False,False,True,0,none
8e340f137.jpg,True,False,False,False,False,1,1
8e36f751c.jpg,False,False,False,False,True,0,none
8e431ebe0.jpg,False,False,True,False,False,1,3
8e49af649.jpg,False,False,True,False,False,1,3
8e50a63bb.jpg,False,False,False,False,True,0,none
8e53eee1d.jpg,True,False,False,False,False,1,1
8e56a6400.jpg,False,False,False,False,True,0,none
8e5a5ca0f.jpg,False,False,True,False,False,1,3
8e5f4851e.jpg,False,False,True,False,False,1,3
8e6d94a54.jpg,False,False,False,False,True,0,none
8e6f1eb4f.jpg,False,False,True,False,False,1,3
8e7477968.jpg,False,False,True,False,False,1,3
8e75db0a0.jpg,False,False,False,False,True,0,none
8e761fd28.jpg,False,False,False,False,True,0,none
8e7672872.jpg,False,False,False,False,True,0,none
8e8404fe0.jpg,False,False,True,False,False,1,3
8e85eb81f.jpg,False,False,False,True,False,1,4
8e8a018f0.jpg,False,False,False,False,True,0,none
8e9103c91.jpg,False,False,True,False,False,1,3
8e91750fb.jpg,False,False,False,False,True,0,none
8e933231b.jpg,True,False,False,False,False,1,1
8ea10e67e.jpg,False,False,True,True,False,2,3+4
8eb1062a2.jpg,False,False,False,False,True,0,none
8eb422b05.jpg,True,False,False,False,False,1,1
8eb427a2d.jpg,False,False,True,False,False,1,3
8eb8f9b28.jpg,False,False,False,False,True,0,none
8ebc9cadc.jpg,False,False,True,False,False,1,3
8ebd4074a.jpg,False,False,True,False,False,1,3
8ec0d428d.jpg,False,False,True,False,False,1,3
8ec1b9582.jpg,False,False,False,False,True,0,none
8ec6ccc3c.jpg,False,False,True,False,False,1,3
8ece18d8a.jpg,False,False,False,False,True,0,none
8ed26ee46.jpg,False,False,False,False,True,0,none
8ed31effd.jpg,True,False,False,False,False,1,1
8ed3c433b.jpg,False,False,True,False,False,1,3
8ed6b8054.jpg,False,True,False,False,False,1,2
8ed87432c.jpg,False,False,True,False,False,1,3
8edd818de.jpg,False,False,True,False,False,1,3
8eddcadff.jpg,False,False,True,True,False,2,3+4
8edf2ed7d.jpg,False,False,False,False,True,0,none
8ee3a6508.jpg,False,False,False,False,True,0,none
8ee659e65.jpg,False,False,False,True,False,1,4
8ee7a7a6a.jpg,False,False,True,False,False,1,3
8eec15551.jpg,False,False,False,False,True,0,none
8ef5515f7.jpg,False,False,False,False,True,0,none
8ef6dc341.jpg,False,False,True,False,False,1,3
8f050a70e.jpg,False,False,False,False,True,0,none
8f0795458.jpg,False,False,True,False,False,1,3
8f080792b.jpg,False,False,False,False,True,0,none
8f0a7e8af.jpg,True,False,True,False,False,2,1+3
8f0dcad21.jpg,False,False,True,False,False,1,3
8f0e1809d.jpg,True,False,False,False,False,1,1
8f295e1a6.jpg,False,False,False,False,True,0,none
8f2f64ae9.jpg,False,False,False,False,True,0,none
8f3044c4f.jpg,False,False,True,False,False,1,3
8f31ce4d8.jpg,False,False,True,False,False,1,3
8f38c1314.jpg,False,False,False,True,False,1,4
8f42319aa.jpg,False,False,True,False,False,1,3
8f499b94d.jpg,False,False,False,False,True,0,none
8f4a566fb.jpg,True,False,False,False,False,1,1
8f567296c.jpg,False,False,True,False,False,1,3
8f5e37d0a.jpg,False,False,True,False,False,1,3
8f61a514d.jpg,False,False,False,False,True,0,none
8f64891a6.jpg,False,False,False,True,False,1,4
8f6b07e84.jpg,False,False,True,False,False,1,3
8f6f43755.jpg,False,False,False,False,True,0,none
8f7032bd2.jpg,False,False,True,False,False,1,3
8f7426e6d.jpg,False,False,True,False,False,1,3
8f76dd4ec.jpg,False,False,True,False,False,1,3
8f7a6532b.jpg,True,False,False,False,False,1,1
8f8104c9c.jpg,False,False,False,True,False,1,4
8f81e6d35.jpg,False,True,True,False,False,2,2+3
8f82d86db.jpg,True,False,True,False,False,2,1+3
8f85d6fd4.jpg,True,False,False,False,False,1,1
8f8a23f39.jpg,True,False,False,False,False,1,1
8f9b92f31.jpg,False,False,True,False,False,1,3
8f9ba20e2.jpg,False,False,False,False,True,0,none
8f9ef2cb7.jpg,False,False,True,False,False,1,3
8fa16431c.jpg,False,False,False,False,True,0,none
8faba402b.jpg,False,False,True,False,False,1,3
8fb078599.jpg,False,False,False,False,True,0,none
8fb33a3d1.jpg,False,False,False,False,True,0,none
8fb4575f3.jpg,False,False,True,False,False,1,3
8fbc61bda.jpg,True,False,False,False,False,1,1
8fbd70ddf.jpg,False,False,True,False,False,1,3
8fc48f131.jpg,False,False,True,False,False,1,3
8fc4cc556.jpg,False,False,True,False,False,1,3
8fd5f880e.jpg,False,False,False,False,True,0,none
8fd88a0c1.jpg,True,False,False,False,False,1,1
8fddb859f.jpg,False,False,True,False,False,1,3
8fe172794.jpg,False,False,False,True,False,1,4
8fecff476.jpg,False,False,False,False,True,0,none
8fef72c9f.jpg,False,False,True,False,False,1,3
8ff213785.jpg,False,False,False,False,True,0,none
8ff35e571.jpg,False,False,True,False,False,1,3
90004577c.jpg,False,False,False,False,True,0,none
90010b3b7.jpg,False,False,False,False,True,0,none
90047b73a.jpg,False,False,False,False,True,0,none
90054535f.jpg,False,False,False,False,True,0,none
9017797fd.jpg,False,False,False,False,True,0,none
9019c0e1e.jpg,False,False,True,False,False,1,3
901b85944.jpg,False,False,False,False,True,0,none
901e8ea73.jpg,False,False,False,False,True,0,none
90246e919.jpg,False,False,False,True,False,1,4
9027291e8.jpg,False,False,True,False,False,1,3
9028ff68e.jpg,False,False,True,False,False,1,3
902ba9941.jpg,False,False,True,False,False,1,3
903123a44.jpg,False,False,False,False,True,0,none
90360df70.jpg,False,False,False,False,True,0,none
903a4f9e6.jpg,False,False,False,False,True,0,none
903ba6c8b.jpg,False,False,False,False,True,0,none
903d4e8ce.jpg,False,False,False,False,True,0,none
904584541.jpg,False,False,False,True,False,1,4
904677cea.jpg,False,False,True,True,False,2,3+4
9046fb20f.jpg,False,False,False,False,True,0,none
90524c39b.jpg,False,False,False,False,True,0,none
905328741.jpg,False,False,True,False,False,1,3
905404a9e.jpg,False,False,True,False,False,1,3
905964016.jpg,False,False,True,False,False,1,3
9078fb095.jpg,False,False,True,False,False,1,3
9082e5906.jpg,False,False,False,False,True,0,none
9082ff635.jpg,False,False,False,False,True,0,none
9085aef37.jpg,False,True,False,False,False,1,2
9087518f1.jpg,False,False,False,True,False,1,4
908bebc17.jpg,False,False,False,False,True,0,none
909116a55.jpg,False,False,False,False,True,0,none
909f679d2.jpg,False,False,False,False,True,0,none
90a774e11.jpg,False,False,False,False,True,0,none
90ad47559.jpg,False,False,False,False,True,0,none
90b0043d9.jpg,False,False,False,False,True,0,none
90b268acf.jpg,False,False,False,False,True,0,none
90b45e095.jpg,False,False,False,False,True,0,none
90b461f2a.jpg,False,False,True,False,False,1,3
90b51d4f7.jpg,False,False,True,False,False,1,3
90b5b429a.jpg,True,False,False,False,False,1,1
90b8b3e82.jpg,False,False,False,False,True,0,none
90cd42d5b.jpg,False,False,True,False,False,1,3
90cea0761.jpg,False,False,False,False,True,0,none
90daee822.jpg,False,False,True,False,False,1,3
90dbb625a.jpg,False,False,False,False,True,0,none
90ed657c6.jpg,False,False,False,False,True,0,none
90efd69df.jpg,False,False,False,False,True,0,none
90f4dd6e5.jpg,False,True,False,False,False,1,2
90fbefd8c.jpg,False,False,True,False,False,1,3
910127691.jpg,False,False,True,False,False,1,3
910540b7d.jpg,False,False,True,False,False,1,3
910ad3edf.jpg,False,False,False,True,False,1,4
911b6d7d7.jpg,False,False,False,False,True,0,none
911d78b0a.jpg,False,False,True,False,False,1,3
911deff94.jpg,False,False,False,False,True,0,none
9121da7fe.jpg,False,False,True,False,False,1,3
91222b4c9.jpg,False,False,True,False,False,1,3
912f9cca9.jpg,False,False,False,False,True,0,none
913120490.jpg,False,False,False,False,True,0,none
913e2221d.jpg,True,False,False,False,False,1,1
91420d21b.jpg,False,False,False,False,True,0,none
9147356db.jpg,True,False,False,False,False,1,1
91478a2fb.jpg,False,False,True,False,False,1,3
914b6941d.jpg,False,False,True,False,False,1,3
914cd79a8.jpg,False,False,False,False,True,0,none
914cf1f65.jpg,False,False,False,False,True,0,none
9150a0950.jpg,False,False,True,False,False,1,3
91583d282.jpg,False,False,True,False,False,1,3
915b0078c.jpg,False,False,True,False,False,1,3
91622e727.jpg,False,False,False,False,True,0,none
9163ec76b.jpg,False,False,True,False,False,1,3
91649dea7.jpg,False,False,True,False,False,1,3
9165be267.jpg,False,False,False,False,True,0,none
91696aaca.jpg,True,False,True,False,False,2,1+3
9169b4f3a.jpg,False,False,True,False,False,1,3
916d55994.jpg,False,False,False,False,True,0,none
9170e3614.jpg,False,False,True,False,False,1,3
9172281a1.jpg,False,False,False,False,True,0,none
917607322.jpg,False,False,True,False,False,1,3
917cdbff6.jpg,False,False,False,True,False,1,4
918217c7c.jpg,False,False,False,False,True,0,none
918a753e9.jpg,False,False,False,False,True,0,none
918c32419.jpg,False,False,True,False,False,1,3
918ed7e9f.jpg,False,False,False,False,True,0,none
91a713a73.jpg,False,False,True,False,False,1,3
91a819cc5.jpg,False,False,False,False,True,0,none
91acd9d7a.jpg,False,False,False,False,True,0,none
91b250f41.jpg,True,False,False,False,False,1,1
91b490cf4.jpg,False,False,False,False,True,0,none
91b768bcb.jpg,False,False,True,False,False,1,3
91c27607f.jpg,False,False,False,False,True,0,none
91c93baf0.jpg,False,False,False,False,True,0,none
91d6bb625.jpg,False,False,False,False,True,0,none
91d9d473a.jpg,False,False,False,False,True,0,none
91dcc7d1c.jpg,False,False,False,False,True,0,none
91e4352d4.jpg,False,False,True,False,False,1,3
91e9eaf93.jpg,True,False,False,False,False,1,1
91f059953.jpg,False,False,True,False,False,1,3
91f2a3209.jpg,False,False,False,False,True,0,none
91fc61e33.jpg,False,False,True,False,False,1,3
9202ebeb6.jpg,True,False,False,False,False,1,1
92057aa8a.jpg,False,False,True,False,False,1,3
9205c7f19.jpg,False,False,False,False,True,0,none
92079664c.jpg,False,False,False,False,True,0,none
9207ba274.jpg,False,False,False,False,True,0,none
921096816.jpg,False,False,False,False,True,0,none
9211ac1a1.jpg,False,False,False,False,True,0,none
921340245.jpg,False,False,False,False,True,0,none
921dc8805.jpg,False,False,False,False,True,0,none
921de27f7.jpg,False,False,False,False,True,0,none
9225b7290.jpg,False,False,False,False,True,0,none
922939d64.jpg,False,False,True,False,False,1,3
9236b3124.jpg,False,False,False,True,False,1,4
9236f984c.jpg,True,False,False,False,False,1,1
924b2f84a.jpg,False,False,False,False,True,0,none
924bccdc1.jpg,False,False,False,False,True,0,none
924edab1b.jpg,False,False,False,False,True,0,none
9252073f0.jpg,False,False,True,False,False,1,3
9253b216e.jpg,False,False,True,False,False,1,3
925645342.jpg,False,False,False,False,True,0,none
92565d0e6.jpg,False,False,False,False,True,0,none
925f6be0d.jpg,False,False,True,False,False,1,3
9270f72ac.jpg,False,False,True,False,False,1,3
927100ebb.jpg,False,False,True,False,False,1,3
9271c7e3d.jpg,False,True,False,False,False,1,2
9278ab6ba.jpg,False,False,True,False,False,1,3
927ba7fc4.jpg,False,False,False,False,True,0,none
927be944d.jpg,True,False,False,False,False,1,1
927c96c9c.jpg,False,False,False,False,True,0,none
92932546c.jpg,False,False,True,True,False,2,3+4
9296c86e5.jpg,False,False,True,False,False,1,3
92a84eb98.jpg,False,False,False,False,True,0,none
92ca72504.jpg,False,False,True,False,False,1,3
92dce921f.jpg,False,False,False,False,True,0,none
92ded43da.jpg,False,False,True,False,False,1,3
92e4102b4.jpg,False,False,True,False,False,1,3
92e699da4.jpg,False,False,True,True,False,2,3+4
92ebbbaea.jpg,False,False,True,False,False,1,3
92f49dcb1.jpg,False,False,True,False,False,1,3
92fb94f69.jpg,False,False,True,False,False,1,3
930391b64.jpg,False,False,True,False,False,1,3
9307b3de8.jpg,False,False,True,False,False,1,3
930a3dc72.jpg,False,False,False,False,True,0,none
930fe8fc7.jpg,False,False,True,False,False,1,3
93126606c.jpg,False,False,False,True,False,1,4
9316fb21d.jpg,False,False,False,False,True,0,none
931c4b9aa.jpg,False,False,True,False,False,1,3
9323bd21d.jpg,False,False,True,False,False,1,3
932f3c03c.jpg,False,False,False,False,True,0,none
933533867.jpg,False,False,True,False,False,1,3
933675d91.jpg,False,True,False,False,False,1,2
933a9dc8b.jpg,True,False,False,False,False,1,1
933e1967c.jpg,False,False,True,False,False,1,3
933f29b10.jpg,False,False,False,False,True,0,none
9341d848d.jpg,False,False,True,False,False,1,3
934508437.jpg,False,False,False,False,True,0,none
9345f1250.jpg,False,False,True,False,False,1,3
9347e65bb.jpg,False,False,True,False,False,1,3
935654dc9.jpg,True,False,False,False,False,1,1
935e893bb.jpg,False,False,False,False,True,0,none
9364ef68b.jpg,False,False,False,False,True,0,none
936e1759a.jpg,False,False,True,False,False,1,3
93775b19c.jpg,False,False,True,False,False,1,3
9378a6f12.jpg,False,False,True,False,False,1,3
9384459df.jpg,True,False,False,False,False,1,1
93851869f.jpg,False,False,True,False,False,1,3
9385c4719.jpg,False,False,False,False,True,0,none
938963fe8.jpg,False,False,False,False,True,0,none
938a15be6.jpg,True,False,True,False,False,2,1+3
93a72a8b6.jpg,False,False,False,False,True,0,none
93a9c65bf.jpg,False,False,True,False,False,1,3
93ad48645.jpg,False,False,False,False,True,0,none
93b0d8e2f.jpg,True,False,False,False,False,1,1
93b2882fd.jpg,False,False,True,False,False,1,3
93b7b01f1.jpg,False,False,True,False,False,1,3
93c5acf9d.jpg,False,False,False,False,True,0,none
93c71782d.jpg,False,False,False,False,True,0,none
93de60f43.jpg,False,False,False,False,True,0,none
93e01b862.jpg,False,False,False,False,True,0,none
93e2b398b.jpg,True,False,False,False,False,1,1
93f27e439.jpg,False,False,True,False,False,1,3
93f37037d.jpg,False,False,True,False,False,1,3
93fb48b72.jpg,False,False,False,False,True,0,none
93febc91d.jpg,False,False,True,False,False,1,3
94006aec5.jpg,False,False,False,False,True,0,none
94050efd8.jpg,False,False,True,False,False,1,3
9406cb49a.jpg,False,False,True,False,False,1,3
9408e6bdb.jpg,False,False,False,False,True,0,none
940dd7878.jpg,False,False,False,False,True,0,none
940e8cd2f.jpg,False,False,True,True,False,2,3+4
9412c0cf6.jpg,False,False,True,False,False,1,3
9414a2469.jpg,False,False,False,False,True,0,none
9417bd5b3.jpg,False,False,False,False,True,0,none
941d45a28.jpg,False,False,False,False,True,0,none
941e9a9d6.jpg,True,False,False,False,False,1,1
9424f9664.jpg,False,False,True,False,False,1,3
9426ce32a.jpg,False,False,True,False,False,1,3
94305429d.jpg,False,False,True,False,False,1,3
94353a55a.jpg,False,False,False,False,True,0,none
943747042.jpg,False,False,False,False,True,0,none
9438d5eef.jpg,False,False,True,False,False,1,3
943c5abcd.jpg,False,False,True,False,False,1,3
9444656a8.jpg,False,False,False,False,True,0,none
944ef524a.jpg,False,False,True,False,False,1,3
945200e71.jpg,False,False,False,False,True,0,none
94548f7b7.jpg,False,False,False,False,True,0,none
94566c41f.jpg,False,False,False,False,True,0,none
945fbed15.jpg,False,False,False,False,True,0,none
946227d6c.jpg,False,False,True,False,False,1,3
94625a99c.jpg,True,False,False,False,False,1,1
946525536.jpg,False,True,False,False,False,1,2
94753d945.jpg,False,False,True,False,False,1,3
947e8cfc8.jpg,False,False,False,False,True,0,none
94836a116.jpg,False,False,False,False,True,0,none
9483f74ad.jpg,False,False,False,False,True,0,none
94882163b.jpg,False,False,True,False,False,1,3
948a17fdf.jpg,False,False,False,False,True,0,none
948f9558f.jpg,False,False,True,False,False,1,3
94947e1f9.jpg,False,False,False,True,False,1,4
9496c7b73.jpg,False,False,True,False,False,1,3
949a23e72.jpg,False,False,True,True,False,2,3+4
949f38147.jpg,False,False,False,False,True,0,none
94a109703.jpg,False,False,False,False,True,0,none
94a3786cb.jpg,False,False,False,False,True,0,none
94a5728a6.jpg,False,False,False,False,True,0,none
94a97adc8.jpg,False,False,True,False,False,1,3
94aad1346.jpg,False,False,True,False,False,1,3
94b398cb1.jpg,False,False,True,False,False,1,3
94b8f7a17.jpg,False,False,False,False,True,0,none
94bf15000.jpg,False,False,False,True,False,1,4
94c30075e.jpg,False,False,False,False,True,0,none
94c4ca4c1.jpg,False,False,True,False,False,1,3
94c746443.jpg,False,False,True,False,False,1,3
94c910b08.jpg,False,False,True,False,False,1,3
94caf2212.jpg,False,False,True,False,False,1,3
94d76b2cc.jpg,False,False,False,False,True,0,none
94da85f76.jpg,True,False,False,False,False,1,1
94dac8944.jpg,False,False,False,False,True,0,none
94dd36776.jpg,False,False,False,False,True,0,none
94e442ad4.jpg,False,False,False,False,True,0,none
94e721678.jpg,True,False,False,False,False,1,1
94f2c7910.jpg,False,False,True,False,False,1,3
94f5237ab.jpg,False,False,False,False,True,0,none
94f95f5ec.jpg,False,False,False,False,True,0,none
9515afade.jpg,False,False,False,True,False,1,4
9519a2ec8.jpg,False,False,False,False,True,0,none
951af566d.jpg,False,False,False,False,True,0,none
9528617c0.jpg,False,False,False,False,True,0,none
952ae1377.jpg,False,False,False,False,True,0,none
953052b34.jpg,False,False,False,False,True,0,none
9531c4b99.jpg,False,False,True,False,False,1,3
953b008d8.jpg,False,False,False,False,True,0,none
9546b5abe.jpg,False,False,True,False,False,1,3
954d4296b.jpg,True,False,False,False,False,1,1
954fe7dcf.jpg,False,False,False,False,True,0,none
9553974f4.jpg,False,False,True,False,False,1,3
9557969ee.jpg,False,False,True,False,False,1,3
955965785.jpg,False,False,False,False,True,0,none
955b5bbf3.jpg,False,False,True,False,False,1,3
955feead2.jpg,False,False,True,False,False,1,3
956750621.jpg,False,False,False,False,True,0,none
9570a27f4.jpg,False,False,True,False,False,1,3
9574104d6.jpg,False,False,True,False,False,1,3
9576b930b.jpg,False,False,False,False,True,0,none
957bc34be.jpg,False,False,False,False,True,0,none
9586cb6e3.jpg,True,False,False,False,False,1,1
9589d49ee.jpg,False,False,True,False,False,1,3
958de1e12.jpg,False,False,False,False,True,0,none
959218299.jpg,True,False,False,False,False,1,1
9599f1ea1.jpg,False,False,False,False,True,0,none
959c91306.jpg,False,False,False,False,True,0,none
95a319375.jpg,False,False,False,False,True,0,none
95a8e91c4.jpg,False,False,True,False,False,1,3
95aff808c.jpg,False,False,True,False,False,1,3
95b95a425.jpg,False,False,True,False,False,1,3
95c66fec8.jpg,False,False,False,False,True,0,none
95d7ea988.jpg,False,False,False,False,True,0,none
95d88196d.jpg,True,False,False,False,False,1,1
95df642ba.jpg,False,False,True,False,False,1,3
95e38ad8e.jpg,False,False,False,False,True,0,none
95eaae02e.jpg,False,False,True,False,False,1,3
95f725037.jpg,False,False,False,False,True,0,none
96102cead.jpg,False,False,False,False,True,0,none
9612cf3ee.jpg,False,False,True,False,False,1,3
9612e2ee3.jpg,False,False,True,False,False,1,3
961333d4e.jpg,False,False,True,False,False,1,3
961c00401.jpg,False,False,False,False,True,0,none
961c828de.jpg,False,False,True,False,False,1,3
961e93bde.jpg,False,False,True,False,False,1,3
9622959c1.jpg,False,False,True,False,False,1,3
96279bbc2.jpg,False,False,True,False,False,1,3
96299c17c.jpg,False,False,True,False,False,1,3
963b7a441.jpg,True,False,True,False,False,2,1+3
963e616e0.jpg,False,False,True,False,False,1,3
963f946a9.jpg,False,False,True,False,False,1,3
9644c103b.jpg,False,False,False,False,True,0,none
964a6b415.jpg,False,False,False,False,True,0,none
96588d8eb.jpg,False,False,False,False,True,0,none
9661e7677.jpg,False,False,True,False,False,1,3
9663d6a79.jpg,False,False,True,False,False,1,3
9664c1477.jpg,False,False,False,False,True,0,none
967802d76.jpg,False,False,True,False,False,1,3
968701cce.jpg,False,False,True,False,False,1,3
9699f82fe.jpg,False,False,False,True,False,1,4
96a0c2754.jpg,False,False,False,False,True,0,none
96a82938c.jpg,False,False,False,False,True,0,none
96ad2b246.jpg,False,False,True,False,False,1,3
96be45db1.jpg,False,False,False,False,True,0,none
96be77390.jpg,False,False,True,False,False,1,3
96c46e1c9.jpg,False,False,False,False,True,0,none
96c8dd5a2.jpg,False,False,True,False,False,1,3
96d2d702d.jpg,False,False,False,False,True,0,none
96d357cc4.jpg,False,False,False,False,True,0,none
96e0e97b8.jpg,False,False,False,False,True,0,none
96ef8f053.jpg,False,False,False,True,False,1,4
96f47ecaf.jpg,False,False,False,False,True,0,none
97047587f.jpg,False,False,False,True,False,1,4
9707626fa.jpg,False,False,False,False,True,0,none
970a0d447.jpg,False,False,False,False,True,0,none
970a14c31.jpg,False,False,False,False,True,0,none
970da5bb9.jpg,False,False,False,False,True,0,none
97192a78b.jpg,False,False,True,False,False,1,3
9719f1eba.jpg,False,False,False,False,True,0,none
9721122f9.jpg,False,False,False,False,True,0,none
9723d431a.jpg,False,False,False,False,True,0,none
9725a81d1.jpg,False,False,True,False,False,1,3
9728351cd.jpg,False,False,False,False,True,0,none
972837f87.jpg,False,False,False,False,True,0,none
972e36fa8.jpg,False,False,False,False,True,0,none
9730f8b7e.jpg,False,False,False,False,True,0,none
9737361a7.jpg,False,False,False,True,False,1,4
97412f06b.jpg,False,False,False,False,True,0,none
974171041.jpg,False,False,False,False,True,0,none
97419c683.jpg,False,False,True,False,False,1,3
9741c9475.jpg,False,False,False,True,False,1,4
974750ad1.jpg,False,False,True,False,False,1,3
974b07e79.jpg,False,False,True,False,False,1,3
974bd9df0.jpg,False,False,False,False,True,0,none
974f00b13.jpg,False,False,True,False,False,1,3
9753787e9.jpg,False,False,True,True,False,2,3+4
975b2e5fa.jpg,False,False,True,False,False,1,3
975e50a09.jpg,False,False,True,False,False,1,3
975f12b62.jpg,False,False,True,False,False,1,3
9766ccf1b.jpg,False,False,False,False,True,0,none
976a099e9.jpg,False,False,False,False,True,0,none
976a6c529.jpg,False,False,True,False,False,1,3
976b8a242.jpg,False,False,True,False,False,1,3
976eea5bf.jpg,False,False,False,False,True,0,none
9772f9a2c.jpg,False,False,True,False,False,1,3
977eee415.jpg,False,False,True,False,False,1,3
978198cd9.jpg,False,False,False,False,True,0,none
9781a26de.jpg,False,False,False,False,True,0,none
97892278c.jpg,False,False,True,False,False,1,3
9789423c2.jpg,False,False,True,False,False,1,3
978a4f978.jpg,False,False,False,False,True,0,none
978f530a9.jpg,False,False,False,False,True,0,none
97963658b.jpg,False,False,False,False,True,0,none
979af8d89.jpg,False,False,False,False,True,0,none
97a67b410.jpg,False,False,True,True,False,2,3+4
97a6a8f0b.jpg,False,False,True,False,False,1,3
97a933eaa.jpg,False,False,True,False,False,1,3
97afbb897.jpg,False,False,False,False,True,0,none
97b77f9e6.jpg,False,False,True,False,False,1,3
97bbf0668.jpg,False,False,True,False,False,1,3
97bf2a97c.jpg,True,False,False,False,False,1,1
97ca3e697.jpg,False,False,True,False,False,1,3
97d7de56a.jpg,False,False,False,False,True,0,none
97dbd1162.jpg,False,False,True,False,False,1,3
97df3409b.jpg,False,False,False,False,True,0,none
97e10407d.jpg,False,False,True,False,False,1,3
97e7fd732.jpg,False,False,True,False,False,1,3
97eb88e35.jpg,False,False,True,False,False,1,3
97eef7fca.jpg,False,False,False,False,True,0,none
97fe33051.jpg,False,False,False,False,True,0,none
98017b765.jpg,False,False,True,False,False,1,3
9804396ef.jpg,False,False,True,False,False,1,3
9805e5d5d.jpg,False,False,True,False,False,1,3
98111e480.jpg,False,False,False,False,True,0,none
9811d8099.jpg,False,False,False,False,True,0,none
981943659.jpg,False,False,False,False,True,0,none
981a45fda.jpg,False,False,False,False,True,0,none
981f9c663.jpg,False,False,True,False,False,1,3
982193e49.jpg,False,False,True,True,False,2,3+4
9822aabfc.jpg,False,False,True,False,False,1,3
9825b8905.jpg,False,False,False,False,True,0,none
982c2e937.jpg,False,False,True,False,False,1,3
982fa40b5.jpg,False,False,False,False,True,0,none
9830b6cd8.jpg,False,False,False,False,True,0,none
983a7f683.jpg,False,False,False,False,True,0,none
983b33406.jpg,False,False,False,False,True,0,none
9844183a4.jpg,True,False,False,False,False,1,1
9846785ee.jpg,False,False,True,False,False,1,3
9848d62a6.jpg,False,False,False,False,True,0,none
984c6e129.jpg,False,False,True,False,False,1,3
9853a668c.jpg,False,False,False,False,True,0,none
9856bebc1.jpg,False,False,False,False,True,0,none
9856e7969.jpg,False,False,False,False,True,0,none
985c8ac4f.jpg,False,False,False,False,True,0,none
985d33724.jpg,False,False,False,False,True,0,none
98605cc93.jpg,False,False,False,False,True,0,none
986d8cdc6.jpg,False,False,False,False,True,0,none
987b603f7.jpg,False,False,False,False,True,0,none
9883f9819.jpg,False,False,True,False,False,1,3
9884127c9.jpg,False,False,False,False,True,0,none
98876c103.jpg,False,False,False,False,True,0,none
988afc273.jpg,False,False,True,False,False,1,3
988cf521f.jpg,True,False,False,False,False,1,1
988f05868.jpg,False,False,False,False,True,0,none
98914c1c2.jpg,False,False,False,False,True,0,none
98937deb7.jpg,False,True,True,False,False,2,2+3
9899c9114.jpg,False,False,True,False,False,1,3
989eff877.jpg,False,False,False,False,True,0,none
98a013baf.jpg,False,False,True,True,False,2,3+4
98ac8a784.jpg,False,False,False,False,True,0,none
98b373b67.jpg,False,False,False,False,True,0,none
98bb49ca7.jpg,False,False,True,False,False,1,3
98bb73faf.jpg,True,False,False,False,False,1,1
98c0127d3.jpg,False,False,True,False,False,1,3
98c061bdd.jpg,False,False,False,False,True,0,none
98c634937.jpg,False,False,True,False,False,1,3
98c72ec09.jpg,False,False,False,False,True,0,none
98d2c50b7.jpg,False,False,True,False,False,1,3
98dd5b46e.jpg,False,False,False,False,True,0,none
98e2146e9.jpg,False,False,True,False,False,1,3
98e76e2a0.jpg,False,False,False,False,True,0,none
98ed0f752.jpg,False,False,True,False,False,1,3
98f108423.jpg,False,False,True,False,False,1,3
98f2b3f79.jpg,False,False,True,False,False,1,3
990195c76.jpg,False,False,True,False,False,1,3
990431713.jpg,False,False,True,False,False,1,3
990640fa8.jpg,False,False,False,False,True,0,none
990664b68.jpg,False,False,False,False,True,0,none
9906c980e.jpg,False,False,True,False,False,1,3
990d967ad.jpg,False,False,True,False,False,1,3
990ea8c3f.jpg,False,False,False,False,True,0,none
9916058df.jpg,False,False,False,False,True,0,none
991e0dfdf.jpg,False,False,True,False,False,1,3
99224c3d5.jpg,False,False,False,True,False,1,4
99288b018.jpg,False,False,False,False,True,0,none
9932d3827.jpg,False,False,False,False,True,0,none
9941cb9f1.jpg,False,False,True,False,False,1,3
994aa6f1d.jpg,False,False,True,False,False,1,3
9958480e2.jpg,False,False,True,False,False,1,3
995ef2622.jpg,False,False,True,False,False,1,3
9962aa302.jpg,False,False,False,False,True,0,none
9962acd22.jpg,False,False,True,False,False,1,3
9967214f3.jpg,False,False,False,False,True,0,none
99743b154.jpg,False,False,True,False,False,1,3
99852bd26.jpg,False,False,False,False,True,0,none
99855ae32.jpg,False,False,True,False,False,1,3
998a49fb9.jpg,False,False,False,False,True,0,none
998d686d8.jpg,False,False,False,False,True,0,none
99923d074.jpg,False,False,True,False,False,1,3
999263047.jpg,False,False,False,False,True,0,none
999497bb8.jpg,False,False,True,False,False,1,3
99972b00f.jpg,False,False,False,False,True,0,none
99984eccf.jpg,True,False,False,False,False,1,1
99a3eb6a2.jpg,False,False,False,False,True,0,none
99a9163bc.jpg,False,False,True,False,False,1,3
99a941366.jpg,False,False,False,False,True,0,none
99ab45301.jpg,False,False,False,False,True,0,none
99b7bd247.jpg,True,False,False,False,False,1,1
99bc6c5c2.jpg,False,False,True,False,False,1,3
99c626f1b.jpg,False,False,False,False,True,0,none
99cbebcec.jpg,False,False,False,False,True,0,none
99d0b3686.jpg,False,False,False,False,True,0,none
99d359803.jpg,False,False,True,True,False,2,3+4
99d47e124.jpg,False,False,True,False,False,1,3
99dcc6d72.jpg,False,False,True,False,False,1,3
99e38d1ee.jpg,False,False,False,False,True,0,none
99ead2c8b.jpg,False,False,False,False,True,0,none
99ec77394.jpg,False,False,False,False,True,0,none
99eee45f5.jpg,False,False,False,False,True,0,none
99f75320d.jpg,False,False,False,False,True,0,none
99f9d2375.jpg,False,False,False,False,True,0,none
99fd3c6f5.jpg,False,False,False,False,True,0,none
9a016fe15.jpg,False,False,False,False,True,0,none
9a064450d.jpg,False,False,True,False,False,1,3
9a08c2783.jpg,False,False,False,False,True,0,none
9a18e4457.jpg,False,False,True,False,False,1,3
9a1f7c238.jpg,False,False,True,False,False,1,3
9a2523ce9.jpg,False,False,False,False,True,0,none
9a3e774ff.jpg,False,False,True,False,False,1,3
9a5e9e77c.jpg,False,False,True,False,False,1,3
9a5f7a855.jpg,False,False,False,False,True,0,none
9a62177bb.jpg,False,False,False,False,True,0,none
9a67575cf.jpg,False,False,False,False,True,0,none
9a6ac5406.jpg,False,False,False,False,True,0,none
9a70057c0.jpg,False,False,True,False,False,1,3
9a72fd89e.jpg,False,False,False,False,True,0,none
9a75974ba.jpg,True,False,False,False,False,1,1
9a762b892.jpg,False,False,False,False,True,0,none
9a7b2f3af.jpg,False,False,True,False,False,1,3
9a7b427b4.jpg,False,False,False,False,True,0,none
9a81a8056.jpg,False,False,False,False,True,0,none
9a83c23d1.jpg,False,False,True,False,False,1,3
9a8475c90.jpg,False,False,False,False,True,0,none
9a8c769b4.jpg,False,False,True,False,False,1,3
9a8f98a4b.jpg,False,False,False,False,True,0,none
9aa301f3e.jpg,False,False,True,False,False,1,3
9aa437d47.jpg,True,False,False,False,False,1,1
9aa44fa54.jpg,False,False,False,False,True,0,none
9aa721852.jpg,False,False,True,True,False,2,3+4
9aad5d03d.jpg,False,False,False,False,True,0,none
9ab015391.jpg,False,False,False,False,True,0,none
9ab372c8c.jpg,True,False,False,False,False,1,1
9ab57a2fa.jpg,False,False,True,False,False,1,3
9aca6db08.jpg,False,False,False,True,False,1,4
9ad070cd0.jpg,False,False,False,False,True,0,none
9ad1ad629.jpg,False,False,True,False,False,1,3
9ad20b22f.jpg,False,False,False,False,True,0,none
9ad36a571.jpg,False,False,True,False,False,1,3
9ad4e14ae.jpg,False,False,True,False,False,1,3
9adebade1.jpg,False,False,False,False,True,0,none
9ae440fd0.jpg,False,False,True,False,False,1,3
9aec868be.jpg,False,False,False,False,True,0,none
9af9dc45b.jpg,False,False,True,False,False,1,3
9afe065eb.jpg,False,False,False,False,True,0,none
9b09b2a38.jpg,False,True,False,False,False,1,2
9b1abd245.jpg,False,False,True,True,False,2,3+4
9b2298962.jpg,False,False,False,False,True,0,none
9b2801e98.jpg,False,False,True,False,False,1,3
9b296e015.jpg,False,False,False,False,True,0,none
9b2ed195e.jpg,False,False,False,False,True,0,none
9b3ad1da3.jpg,False,False,False,False,True,0,none
9b3d6aa5f.jpg,False,False,True,False,False,1,3
9b3ef82c7.jpg,False,False,False,False,True,0,none
9b40d78e0.jpg,False,False,True,False,False,1,3
9b4b832e8.jpg,False,False,False,False,True,0,none
9b57cbc21.jpg,False,True,False,False,False,1,2
9b62dc81c.jpg,True,False,False,False,False,1,1
9b63ed48c.jpg,True,False,False,False,False,1,1
9b668835f.jpg,False,False,True,False,False,1,3
9b67d53e6.jpg,False,False,False,False,True,0,none
9b6a94186.jpg,False,False,False,False,True,0,none
9b6b87145.jpg,False,False,False,False,True,0,none
9b6c6fea2.jpg,False,False,False,False,True,0,none
9b72243dc.jpg,False,False,True,False,False,1,3
9b7974523.jpg,False,False,True,False,False,1,3
9b7aa28e9.jpg,False,False,False,False,True,0,none
9b7f10d4b.jpg,False,False,False,False,True,0,none
9b8365463.jpg,False,False,False,False,True,0,none
9ba68fdaa.jpg,False,False,True,False,False,1,3
9bac5408a.jpg,False,False,False,False,True,0,none
9bb56797d.jpg,False,False,False,False,True,0,none
9bba9fd75.jpg,False,False,True,False,False,1,3
9bbc60816.jpg,False,False,False,False,True,0,none
9bc5a31d9.jpg,False,False,False,False,True,0,none
9bc62ca61.jpg,False,False,True,False,False,1,3
9bc663aae.jpg,False,False,False,False,True,0,none
9bd5122c0.jpg,False,False,True,False,False,1,3
9bd8189cb.jpg,False,False,False,False,True,0,none
9be9c98eb.jpg,False,True,False,False,False,1,2
9beece43e.jpg,True,False,False,False,False,1,1
9bf40dacc.jpg,False,False,True,False,False,1,3
9bf6b84b3.jpg,False,False,False,False,True,0,none
9bf80f2fd.jpg,False,False,False,False,True,0,none
9bf863558.jpg,True,False,False,False,False,1,1
9bf97c980.jpg,False,False,True,False,False,1,3
9bf9dcf53.jpg,False,False,False,False,True,0,none
9bfa8c569.jpg,False,False,False,False,True,0,none
9bfcca020.jpg,False,False,True,False,False,1,3
9c005a770.jpg,False,False,True,False,False,1,3
9c01e6441.jpg,False,False,False,False,True,0,none
9c024e0ba.jpg,False,False,True,False,False,1,3
9c05fdb53.jpg,False,False,False,False,True,0,none
9c078fc6b.jpg,False,False,False,False,True,0,none
9c14e3f70.jpg,False,False,True,False,False,1,3
9c19a106d.jpg,False,False,True,False,False,1,3
9c1b65eb2.jpg,False,False,True,False,False,1,3
9c1c0d47b.jpg,False,False,True,False,False,1,3
9c1c7f69c.jpg,False,False,True,False,False,1,3
9c27c1365.jpg,True,False,False,False,False,1,1
9c2ccacde.jpg,False,False,False,False,True,0,none
9c2dc4bfc.jpg,False,False,False,True,False,1,4
9c33cdef5.jpg,False,False,True,False,False,1,3
9c3705f4e.jpg,False,False,False,False,True,0,none
9c3c1d8a6.jpg,False,False,False,False,True,0,none
9c41af5a0.jpg,False,False,True,False,False,1,3
9c42e727c.jpg,False,False,False,True,False,1,4
9c45e55ca.jpg,False,False,False,False,True,0,none
9c47d5ca7.jpg,False,False,False,False,True,0,none
9c4c38dab.jpg,False,False,True,False,False,1,3
9c4e61003.jpg,True,False,False,False,False,1,1
9c4ed4726.jpg,True,False,False,False,False,1,1
9c522d453.jpg,False,False,True,False,False,1,3
9c5884cdd.jpg,False,False,False,False,True,0,none
9c5e87950.jpg,False,False,False,False,True,0,none
9c624a8d9.jpg,False,False,False,False,True,0,none
9c707885a.jpg,False,False,False,False,True,0,none
9c70940aa.jpg,False,False,False,False,True,0,none
9c765c32d.jpg,False,False,False,False,True,0,none
9c7a6cf21.jpg,False,False,True,False,False,1,3
9c7d10c89.jpg,False,False,True,False,False,1,3
9c81f6e2e.jpg,False,False,False,False,True,0,none
9c840a05c.jpg,False,False,False,False,True,0,none
9c850bf6c.jpg,False,False,True,False,False,1,3
9c936d05f.jpg,False,False,True,False,False,1,3
9c98c13cc.jpg,False,False,False,False,True,0,none
9c9ea5f57.jpg,False,False,True,False,False,1,3
9ca4a3d92.jpg,False,False,True,False,False,1,3
9cbbc9472.jpg,False,False,False,False,True,0,none
9cc9355cd.jpg,False,False,False,False,True,0,none
9cccdc9c0.jpg,False,False,True,False,False,1,3
9ccddca1a.jpg,False,False,False,False,True,0,none
9cd1d622e.jpg,True,False,True,False,False,2,1+3
9ce34209d.jpg,False,False,False,False,True,0,none
9ce68c10a.jpg,True,False,True,False,False,2,1+3
9ce68f8a1.jpg,False,False,False,False,True,0,none
9ce9f9c78.jpg,False,False,False,False,True,0,none
9cee4ab2e.jpg,True,False,False,False,False,1,1
9cf46dde4.jpg,False,False,False,False,True,0,none
9cf6c69a5.jpg,False,False,False,False,True,0,none
9cfa7be25.jpg,False,False,True,False,False,1,3
9cfa9539e.jpg,False,False,True,False,False,1,3
9d0b3a0f7.jpg,False,False,True,False,False,1,3
9d0c9812c.jpg,False,False,False,False,True,0,none
9d1e2defb.jpg,False,False,True,False,False,1,3
9d1e8be32.jpg,False,False,False,False,True,0,none
9d22ddbf2.jpg,False,False,True,False,False,1,3
9d24b2e5b.jpg,False,False,False,False,True,0,none
9d299f398.jpg,False,False,False,False,True,0,none
9d2a467b0.jpg,False,False,False,True,False,1,4
9d34d1ed3.jpg,False,False,True,False,False,1,3
9d3b4a019.jpg,False,False,False,True,False,1,4
9d3bed2a3.jpg,False,False,False,False,True,0,none
9d3f69524.jpg,False,False,True,False,False,1,3
9d415d2b1.jpg,False,False,True,False,False,1,3
9d4b9f63c.jpg,False,False,False,True,False,1,4
9d4d73931.jpg,False,False,False,False,True,0,none
9d57d9095.jpg,True,False,True,False,False,2,1+3
9d64b3372.jpg,False,False,True,False,False,1,3
9d685a825.jpg,False,False,True,False,False,1,3
9d73bc0ef.jpg,False,False,True,False,False,1,3
9d7410696.jpg,False,False,False,False,True,0,none
9d742f4b4.jpg,False,False,False,False,True,0,none
9d76f9e55.jpg,False,False,False,False,True,0,none
9d77811eb.jpg,False,False,True,False,False,1,3
9d7ed0880.jpg,False,False,True,False,False,1,3
9d8369659.jpg,False,False,True,False,False,1,3
9d9020e1d.jpg,False,False,True,False,False,1,3
9d9e8722f.jpg,False,False,False,False,True,0,none
9da113655.jpg,False,False,False,False,True,0,none
9db16f031.jpg,True,False,False,False,False,1,1
9db1d6f4c.jpg,False,False,True,False,False,1,3
9db392648.jpg,False,False,True,False,False,1,3
9db428c2d.jpg,False,False,False,False,True,0,none
9db7b8d33.jpg,False,False,False,False,True,0,none
9db7cdc58.jpg,False,False,True,False,False,1,3
9dbb7b85c.jpg,False,False,True,False,False,1,3
9dc65bc1e.jpg,False,True,False,False,False,1,2
9ddbb8f42.jpg,False,False,True,False,False,1,3
9ddc8a514.jpg,False,False,True,False,False,1,3
9df65465f.jpg,False,False,False,False,True,0,none
9dfb319cc.jpg,False,False,True,False,False,1,3
9dfd2503e.jpg,False,False,False,False,True,0,none
9e009a678.jpg,False,False,True,False,False,1,3
9e09a89da.jpg,False,False,False,False,True,0,none
9e130c0b6.jpg,False,False,True,False,False,1,3
9e1406b36.jpg,False,False,True,False,False,1,3
9e1d4b339.jpg,False,False,False,True,False,1,4
9e1f9aaaf.jpg,False,False,True,False,False,1,3
9e2325f2a.jpg,False,False,True,False,False,1,3
9e26c5b98.jpg,False,False,False,False,True,0,none
9e2d7ad80.jpg,False,False,True,False,False,1,3
9e2ecb1bc.jpg,False,False,False,False,True,0,none
9e33829a0.jpg,False,False,False,False,True,0,none
9e355ac77.jpg,False,False,False,False,True,0,none
9e37ef709.jpg,False,False,True,False,False,1,3
9e3840cd6.jpg,False,False,False,False,True,0,none
9e39834da.jpg,False,False,True,False,False,1,3
9e3aec0e0.jpg,False,False,False,False,True,0,none
9e4147d6b.jpg,False,False,True,False,False,1,3
9e450923e.jpg,False,False,False,True,False,1,4
9e467cb05.jpg,False,False,True,False,False,1,3
9e5b91357.jpg,False,False,False,False,True,0,none
9e61ce866.jpg,False,False,False,False,True,0,none
9e64fcd30.jpg,False,False,False,False,True,0,none
9e676691b.jpg,False,False,False,False,True,0,none
9e6f20517.jpg,False,False,False,False,True,0,none
9e76cabaa.jpg,False,False,False,False,True,0,none
9e8d10d0a.jpg,False,False,False,False,True,0,none
9e908d39e.jpg,False,False,False,False,True,0,none
9e94842da.jpg,False,False,False,False,True,0,none
9e9c6cd05.jpg,False,False,False,False,True,0,none
9ea0fe458.jpg,False,False,False,False,True,0,none
9ea3ea37b.jpg,False,False,True,False,False,1,3
9ea9ca4c8.jpg,False,False,True,False,False,1,3
9eaaf83d7.jpg,False,False,True,False,False,1,3
9eace863c.jpg,False,False,True,False,False,1,3
9ead58088.jpg,False,False,True,False,False,1,3
9eb76f829.jpg,False,True,False,False,False,1,2
9eb8c84bd.jpg,False,False,False,False,True,0,none
9ebb54e56.jpg,False,False,True,False,False,1,3
9ec897b68.jpg,False,False,True,False,False,1,3
9ecb2f113.jpg,False,False,True,False,False,1,3
9ed47c324.jpg,False,False,True,False,False,1,3
9ed6f9c81.jpg,False,False,True,False,False,1,3
9ed73526a.jpg,False,False,False,False,True,0,none
9edb5294f.jpg,False,False,False,False,True,0,none
9edc849c6.jpg,False,False,True,False,False,1,3
9edf820d2.jpg,False,False,False,False,True,0,none
9eea99817.jpg,False,False,False,False,True,0,none
9eeadb0f5.jpg,False,False,True,False,False,1,3
9eeca6066.jpg,False,False,False,False,True,0,none
9eed09712.jpg,True,False,True,False,False,2,1+3
9eed4fc7c.jpg,False,False,True,False,False,1,3
9ef683a79.jpg,False,False,True,False,False,1,3
9ef6d3730.jpg,False,False,False,False,True,0,none
9ef832f8d.jpg,False,False,False,False,True,0,none
9efb4b561.jpg,False,False,False,False,True,0,none
9efbc9bb6.jpg,False,False,True,False,False,1,3
9efbf2ac6.jpg,False,False,True,False,False,1,3
9efc6682e.jpg,False,False,True,False,False,1,3
9efc711f5.jpg,False,False,False,False,True,0,none
9f054c54f.jpg,True,False,False,False,False,1,1
9f101a24e.jpg,False,False,True,False,False,1,3
9f15729ba.jpg,False,False,True,False,False,1,3
9f179959b.jpg,False,False,True,False,False,1,3
9f1a90c97.jpg,False,False,True,False,False,1,3
9f24a3e5c.jpg,False,False,False,False,True,0,none
9f282448c.jpg,False,False,False,False,True,0,none
9f2871e90.jpg,False,False,True,False,False,1,3
9f2b5e50a.jpg,False,False,True,False,False,1,3
9f2f9704e.jpg,True,False,True,False,False,2,1+3
9f34c4775.jpg,False,False,True,False,False,1,3
9f38e4503.jpg,False,False,False,False,True,0,none
9f43931af.jpg,False,False,True,False,False,1,3
9f6016bcc.jpg,False,False,True,False,False,1,3
9f7063103.jpg,False,False,True,False,False,1,3
9f88a11c0.jpg,False,False,False,False,True,0,none
9f8bca61c.jpg,False,False,False,False,True,0,none
9f8f010ab.jpg,False,False,False,False,True,0,none
9f96b3c41.jpg,False,False,False,False,True,0,none
9f9fd2ade.jpg,False,False,False,False,True,0,none
9fa18df3e.jpg,False,False,False,False,True,0,none
9fab4894b.jpg,False,False,True,False,False,1,3
9fac588ab.jpg,False,False,True,False,False,1,3
9faff1eb0.jpg,False,False,False,False,True,0,none
9fb53a74b.jpg,False,False,False,False,True,0,none
9fb6cec57.jpg,False,False,False,False,True,0,none
9fbd05c12.jpg,False,False,False,False,True,0,none
9fbfe9582.jpg,False,False,False,False,True,0,none
9fc472430.jpg,False,False,True,False,False,1,3
9fce63e11.jpg,False,False,True,False,False,1,3
9fcfa539e.jpg,False,False,False,False,True,0,none
9fda4f231.jpg,False,False,True,False,False,1,3
9fdb4a6aa.jpg,False,False,False,False,True,0,none
9fdcc3ff0.jpg,False,False,False,False,True,0,none
9fe98d5d2.jpg,False,False,False,False,True,0,none
9fea4f2ab.jpg,False,False,True,False,False,1,3
9fed72af4.jpg,False,False,True,False,False,1,3
9fee0c63a.jpg,False,False,False,False,True,0,none
9ff2aa5c5.jpg,False,False,True,False,False,1,3
9ffe5113f.jpg,False,False,False,False,True,0,none
a0058b3fe.jpg,False,False,True,False,False,1,3
a008ffb41.jpg,False,False,False,False,True,0,none
a00e32c0a.jpg,False,False,False,False,True,0,none
a013f42d6.jpg,False,False,False,False,True,0,none
a0155346d.jpg,False,False,True,False,False,1,3
a01bc9da8.jpg,False,False,True,False,False,1,3
a01c8ce20.jpg,False,False,True,False,False,1,3
a0256a733.jpg,False,False,True,False,False,1,3
a025c6ed2.jpg,False,False,True,False,False,1,3
a02de9f58.jpg,False,False,False,False,True,0,none
a02fe46b6.jpg,False,False,True,False,False,1,3
a0383c60d.jpg,False,False,False,False,True,0,none
a0444f94b.jpg,False,False,False,False,True,0,none
a045e21e6.jpg,False,False,True,False,False,1,3
a04b954ec.jpg,False,False,False,False,True,0,none
a050e9412.jpg,False,False,False,False,True,0,none
a053e52ca.jpg,False,False,True,False,False,1,3
a056c104a.jpg,False,False,True,False,False,1,3
a05708135.jpg,False,False,True,False,False,1,3
a0709a1e6.jpg,False,False,True,False,False,1,3
a080c7611.jpg,False,False,False,False,True,0,none
a083a8cbc.jpg,True,False,False,False,False,1,1
a08573f08.jpg,False,False,True,False,False,1,3
a08ace855.jpg,False,False,False,False,True,0,none
a08e02e56.jpg,False,False,True,False,False,1,3
a0906d0b3.jpg,False,False,False,True,False,1,4
a09117fd7.jpg,False,False,False,False,True,0,none
a095f571c.jpg,False,False,False,False,True,0,none
a09855d99.jpg,False,False,False,False,True,0,none
a09a889b2.jpg,False,False,True,False,False,1,3
a09e5bfb0.jpg,False,False,False,True,False,1,4
a0a34a07c.jpg,False,False,True,False,False,1,3
a0a58dd59.jpg,False,False,False,True,False,1,4
a0ae0cbcf.jpg,True,False,True,False,False,2,1+3
a0b425852.jpg,False,False,False,False,True,0,none
a0b60506e.jpg,False,False,False,False,True,0,none
a0b862abb.jpg,False,False,False,False,True,0,none
a0baccc57.jpg,False,False,False,False,True,0,none
a0bfe723c.jpg,False,False,False,False,True,0,none
a0c31208b.jpg,False,False,False,False,True,0,none
a0c3dc23f.jpg,False,False,False,False,True,0,none
a0c4d93c1.jpg,False,False,True,True,False,2,3+4
a0c650375.jpg,False,False,True,False,False,1,3
a0c6fd992.jpg,False,False,True,False,False,1,3
a0ce98154.jpg,True,False,True,False,False,2,1+3
a0d0e8d7a.jpg,False,False,False,False,True,0,none
a0d19387f.jpg,True,False,False,False,False,1,1
a0d7cf4d8.jpg,False,False,False,False,True,0,none
a0de93374.jpg,True,False,False,False,False,1,1
a0e01eb84.jpg,False,False,True,False,False,1,3
a0e033c85.jpg,False,False,False,False,True,0,none
a0ee1d0ac.jpg,False,False,True,False,False,1,3
a0ee68275.jpg,False,False,False,False,True,0,none
a0ee7a955.jpg,False,False,True,False,False,1,3
a0f71aeed.jpg,False,False,False,False,True,0,none
a0fcb1803.jpg,False,False,True,False,False,1,3
a10226cb3.jpg,False,False,False,False,True,0,none
a10a35f4f.jpg,False,False,True,False,False,1,3
a10c18895.jpg,False,False,True,False,False,1,3
a10c2a8dd.jpg,False,False,False,False,True,0,none
a10fb7849.jpg,True,False,False,False,False,1,1
a115aabc4.jpg,False,True,True,False,False,2,2+3
a129732b2.jpg,False,False,True,False,False,1,3
a130c38e0.jpg,False,False,False,False,True,0,none
a13437817.jpg,False,False,True,False,False,1,3
a135808ff.jpg,False,False,True,False,False,1,3
a13c52c08.jpg,True,False,False,False,False,1,1
a1456c075.jpg,False,False,False,False,True,0,none
a14c30405.jpg,False,False,False,False,True,0,none
a14d16eed.jpg,False,False,False,False,True,0,none
a14e96726.jpg,False,False,True,False,False,1,3
a14eeb75d.jpg,False,False,True,False,False,1,3
a1503af41.jpg,False,False,False,False,True,0,none
a152690b6.jpg,True,False,True,False,False,2,1+3
a1547cdfd.jpg,False,False,False,False,True,0,none
a154fdcfd.jpg,False,False,False,True,False,1,4
a15500c55.jpg,False,False,False,True,False,1,4
a1570342b.jpg,False,False,False,False,True,0,none
a16672b15.jpg,True,False,False,False,False,1,1
a16e807b5.jpg,False,False,False,False,True,0,none
a1708dc79.jpg,False,False,False,False,True,0,none
a17a84d8f.jpg,False,False,True,False,False,1,3
a17aa65b7.jpg,False,False,False,False,True,0,none
a17bb5212.jpg,False,False,False,False,True,0,none
a17df17bd.jpg,False,False,False,False,True,0,none
a182761fa.jpg,False,False,False,False,True,0,none
a187d1897.jpg,False,False,True,False,False,1,3
a189ded53.jpg,True,False,False,False,False,1,1
a18bdb241.jpg,False,False,True,False,False,1,3
a1982cad5.jpg,False,False,True,False,False,1,3
a1a0111dd.jpg,False,False,False,False,True,0,none
a1b3fa11b.jpg,True,False,False,False,False,1,1
a1b56b236.jpg,False,False,False,False,True,0,none
a1bede9b1.jpg,False,False,True,False,False,1,3
a1c385029.jpg,False,False,True,False,False,1,3
a1c4d9bfa.jpg,False,False,False,False,True,0,none
a1d0b7617.jpg,False,False,True,False,False,1,3
a1d39efe0.jpg,False,False,False,False,True,0,none
a1d4c698a.jpg,False,False,False,False,True,0,none
a1d5d669f.jpg,False,False,True,False,False,1,3
a1dba4777.jpg,False,False,True,False,False,1,3
a1eb6b356.jpg,False,False,False,False,True,0,none
a1ecc1ddb.jpg,False,False,False,False,True,0,none
a1eedc997.jpg,False,False,False,False,True,0,none
a1f41023e.jpg,False,False,True,False,False,1,3
a1f5481df.jpg,False,False,True,False,False,1,3
a2098618c.jpg,False,False,True,False,False,1,3
a20f83481.jpg,False,False,False,False,True,0,none
a21bfa25a.jpg,False,False,True,False,False,1,3
a21d00db9.jpg,False,False,True,False,False,1,3
a21d2da50.jpg,False,False,False,False,True,0,none
a21fa9b86.jpg,False,False,True,False,False,1,3
a223350f7.jpg,False,False,False,True,False,1,4
a22639daa.jpg,True,False,False,False,False,1,1
a22a5c323.jpg,False,False,False,False,True,0,none
a22a90fc0.jpg,False,False,False,False,True,0,none
a231b46ec.jpg,False,False,True,False,False,1,3
a2337ccb3.jpg,False,False,False,True,False,1,4
a2370a6d5.jpg,False,False,False,False,True,0,none
a2377d13f.jpg,False,False,False,False,True,0,none
a239718e1.jpg,False,False,True,False,False,1,3
a240cf0d3.jpg,False,False,False,False,True,0,none
a2444ac38.jpg,False,False,True,False,False,1,3
a2554a434.jpg,False,False,False,False,True,0,none
a259c1a4d.jpg,False,False,False,False,True,0,none
a2628aa4b.jpg,False,False,False,False,True,0,none
a26432b80.jpg,False,False,False,False,True,0,none
a272e2e20.jpg,False,False,False,False,True,0,none
a273bdec1.jpg,False,False,False,False,True,0,none
a27bd6af7.jpg,False,False,True,False,False,1,3
a27d1d567.jpg,False,False,False,False,True,0,none
a2889c2fa.jpg,True,True,False,False,False,2,1+2
a28a7b7be.jpg,True,False,True,False,False,2,1+3
a298592e9.jpg,False,False,False,False,True,0,none
a29c6239f.jpg,False,False,True,True,False,2,3+4
a2a4076c9.jpg,False,False,False,False,True,0,none
a2a8ba02d.jpg,False,False,False,False,True,0,none
a2ae3e0d5.jpg,False,False,False,False,True,0,none
a2b2c9e3e.jpg,False,False,True,False,False,1,3
a2bdcd021.jpg,True,False,False,False,False,1,1
a2bde42d4.jpg,False,False,False,False,True,0,none
a2befa67f.jpg,False,False,False,False,True,0,none
a2c0731d2.jpg,False,False,True,False,False,1,3
a2cb5be8f.jpg,False,False,True,False,False,1,3
a2d35199d.jpg,False,False,False,False,True,0,none
a2d475315.jpg,False,False,True,False,False,1,3
a2e083f69.jpg,False,False,True,False,False,1,3
a2e328f50.jpg,False,False,True,False,False,1,3
a2e51f9a0.jpg,False,False,False,False,True,0,none
a2e96800f.jpg,False,False,False,True,False,1,4
a2fcb4144.jpg,False,False,False,False,True,0,none
a2ff5d12e.jpg,False,False,False,False,True,0,none
a2ffeeef4.jpg,False,False,False,False,True,0,none
a30d21396.jpg,False,False,False,False,True,0,none
a30f25e82.jpg,False,False,False,False,True,0,none
a30fa9eb5.jpg,False,False,True,False,False,1,3
a30fe9da2.jpg,False,False,True,False,False,1,3
a3110d7db.jpg,False,False,False,False,True,0,none
a314405e3.jpg,False,False,False,False,True,0,none
a3148f47c.jpg,False,True,False,False,False,1,2
a316898ca.jpg,True,False,False,False,False,1,1
a31917703.jpg,False,False,False,False,True,0,none
a31bad68b.jpg,False,False,True,False,False,1,3
a3217ee57.jpg,False,False,True,False,False,1,3
a323256b5.jpg,False,False,False,False,True,0,none
a32f079ad.jpg,False,False,True,False,False,1,3
a3339fb1b.jpg,False,False,False,False,True,0,none
a335e099a.jpg,False,False,False,False,True,0,none
a335fc5cc.jpg,True,False,False,False,False,1,1
a33b2c662.jpg,False,False,True,True,False,2,3+4
a33d86440.jpg,True,False,False,False,False,1,1
a33ec265a.jpg,False,False,True,False,False,1,3
a3432d804.jpg,False,False,False,False,True,0,none
a345caa40.jpg,False,True,False,False,False,1,2
a34704ab8.jpg,False,False,False,False,True,0,none
a3513946d.jpg,False,False,False,False,True,0,none
a353cf4d5.jpg,False,False,False,False,True,0,none
a357efaad.jpg,False,False,False,False,True,0,none
a35c00e81.jpg,False,False,False,False,True,0,none
a35e7e370.jpg,False,False,True,False,False,1,3
a369c5c1f.jpg,False,False,True,False,False,1,3
a36c9a89e.jpg,False,False,False,False,True,0,none
a36d791ee.jpg,False,False,False,False,True,0,none
a36e53e97.jpg,False,False,False,False,True,0,none
a3714aefc.jpg,False,False,True,False,False,1,3
a37447f04.jpg,False,False,True,True,False,2,3+4
a37853f39.jpg,False,False,False,False,True,0,none
a37cc5202.jpg,False,False,False,False,True,0,none
a37e8f7f5.jpg,False,False,False,False,True,0,none
a38aa9808.jpg,False,False,False,False,True,0,none
a39b0ef7e.jpg,False,False,True,False,False,1,3
a3a0e9991.jpg,False,False,False,False,True,0,none
a3a47b0f8.jpg,False,False,False,False,True,0,none
a3a66a86a.jpg,False,False,True,False,False,1,3
a3a790c8f.jpg,False,False,False,False,True,0,none
a3c3733cd.jpg,False,False,True,False,False,1,3
a3c477831.jpg,False,False,False,True,False,1,4
a3c50494f.jpg,False,False,False,False,True,0,none
a3c64cf6e.jpg,False,False,False,False,True,0,none
a3d5e7319.jpg,False,False,True,False,False,1,3
a3e0c4e52.jpg,False,False,False,False,True,0,none
a3e2c4510.jpg,False,False,True,False,False,1,3
a3e9d328c.jpg,False,False,False,False,True,0,none
a3eab84cd.jpg,False,False,False,False,True,0,none
a3eac30dc.jpg,False,False,True,False,False,1,3
a3f913d5c.jpg,False,False,False,False,True,0,none
a3fa62a41.jpg,False,False,False,False,True,0,none
a3fc0bdd6.jpg,False,False,False,False,True,0,none
a3fe8d17b.jpg,False,False,False,False,True,0,none
a3fee6deb.jpg,False,False,False,False,True,0,none
a4082ae09.jpg,False,False,False,False,True,0,none
a41ba727f.jpg,False,True,False,False,False,1,2
a41d19162.jpg,False,False,False,False,True,0,none
a41e950ce.jpg,True,False,False,False,False,1,1
a41f575ff.jpg,False,False,True,False,False,1,3
a426cd7bf.jpg,False,False,False,False,True,0,none
a42786f51.jpg,False,False,False,False,True,0,none
a42ac9f92.jpg,False,False,False,False,True,0,none
a42c54240.jpg,False,False,False,False,True,0,none
a42dee222.jpg,False,False,False,True,False,1,4
a430d56ba.jpg,False,False,True,False,False,1,3
a4334d7da.jpg,False,False,True,True,False,2,3+4
a434d334f.jpg,False,False,True,False,False,1,3
a44dd8116.jpg,False,True,False,False,False,1,2
a44f7491d.jpg,False,False,False,False,True,0,none
a467f34e0.jpg,False,False,False,False,True,0,none
a470f2761.jpg,True,False,False,False,False,1,1
a471d7877.jpg,False,False,True,False,False,1,3
a481be5cc.jpg,False,False,False,False,True,0,none
a4844715b.jpg,True,False,False,False,False,1,1
a485b97e7.jpg,False,False,True,False,False,1,3
a485d538c.jpg,False,False,True,False,False,1,3
a48712720.jpg,False,False,False,False,True,0,none
a4906327e.jpg,False,False,True,False,False,1,3
a493cde22.jpg,False,False,True,False,False,1,3
a494826be.jpg,False,False,False,False,True,0,none
a49b73fd3.jpg,False,False,False,False,True,0,none
a49cff42b.jpg,False,False,True,False,False,1,3
a49d608f5.jpg,False,False,False,False,True,0,none
a49edb718.jpg,False,False,True,False,False,1,3
a4a007ea2.jpg,False,False,False,False,True,0,none
a4a328b6f.jpg,False,False,False,False,True,0,none
a4a648cf6.jpg,False,False,False,True,False,1,4
a4aa453df.jpg,False,False,False,False,True,0,none
a4b1020cc.jpg,False,False,False,False,True,0,none
a4c928e9d.jpg,False,False,False,False,True,0,none
a4c93ac65.jpg,False,False,True,False,False,1,3
a4c99b1bd.jpg,False,False,False,False,True,0,none
a4cef60d1.jpg,False,False,True,False,False,1,3
a4d22b821.jpg,False,False,False,True,False,1,4
a4d3149e0.jpg,True,False,False,False,False,1,1
a4d75754c.jpg,False,False,False,False,True,0,none
a4d9a97f6.jpg,False,False,True,True,False,2,3+4
a4dc8cd6c.jpg,False,False,False,False,True,0,none
a4dd4085e.jpg,False,False,False,False,True,0,none
a4dff615e.jpg,False,False,True,False,False,1,3
a4e819837.jpg,False,False,False,False,True,0,none
a4e947fb4.jpg,False,False,True,False,False,1,3
a4e9ea485.jpg,False,False,False,False,True,0,none
a4f1180ba.jpg,False,False,True,False,False,1,3
a4f276f9a.jpg,False,False,False,False,True,0,none
a4f349030.jpg,False,False,True,False,False,1,3
a4fa37d47.jpg,False,False,False,False,True,0,none
a5006914c.jpg,False,False,True,False,False,1,3
a506b44b3.jpg,True,False,False,False,False,1,1
a508a338a.jpg,False,False,False,False,True,0,none
a508dd004.jpg,False,False,True,True,False,2,3+4
a5092043e.jpg,False,False,True,False,False,1,3
a50c4eeba.jpg,False,False,False,False,True,0,none
a50f29d7f.jpg,False,False,False,False,True,0,none
a51bf62f7.jpg,False,False,True,False,False,1,3
a51dab2d5.jpg,False,False,False,False,True,0,none
a52aa70f7.jpg,False,False,False,False,True,0,none
a52f36666.jpg,False,False,True,False,False,1,3
a53891ed0.jpg,True,False,False,False,False,1,1
a54129141.jpg,False,False,False,False,True,0,none
a541e2eb6.jpg,False,False,True,False,False,1,3
a5428ec61.jpg,False,False,False,False,True,0,none
a559091c5.jpg,True,False,False,False,False,1,1
a56476e8b.jpg,False,False,False,False,True,0,none
a5655b60f.jpg,False,False,True,False,False,1,3
a567b95ad.jpg,False,False,True,False,False,1,3
a56c153e4.jpg,False,False,False,False,True,0,none
a56c8f958.jpg,True,False,True,False,False,2,1+3
a56d4b7be.jpg,True,False,False,False,False,1,1
a56df9123.jpg,False,True,False,False,False,1,2
a57369d47.jpg,False,False,True,False,False,1,3
a57c6a52f.jpg,False,False,False,False,True,0,none
a58bc739c.jpg,False,False,False,False,True,0,none
a59a92ca2.jpg,False,False,False,False,True,0,none
a59ed020a.jpg,False,False,False,False,True,0,none
a5a04bc33.jpg,False,False,False,False,True,0,none
a5a0e4b19.jpg,False,False,True,False,False,1,3
a5a30d7e6.jpg,False,False,False,False,True,0,none
a5a87540b.jpg,False,False,False,False,True,0,none
a5aa4829b.jpg,False,False,True,False,False,1,3
a5ab1671d.jpg,False,False,False,False,True,0,none
a5ac1a50b.jpg,False,False,True,False,False,1,3
a5b108eba.jpg,False,False,False,False,True,0,none
a5b23c751.jpg,False,False,True,False,False,1,3
a5b484508.jpg,False,False,True,False,False,1,3
a5b53e614.jpg,False,False,True,False,False,1,3
a5b7b7fcc.jpg,False,False,True,False,False,1,3
a5bcebcac.jpg,False,False,False,False,True,0,none
a5c3d1132.jpg,False,False,True,False,False,1,3
a5c7ae660.jpg,False,False,True,False,False,1,3
a5cb0256f.jpg,False,False,False,True,False,1,4
a5d571de0.jpg,False,False,True,False,False,1,3
a5d62699f.jpg,False,False,False,False,True,0,none
a5d8010d4.jpg,False,False,True,False,False,1,3
a5da48f64.jpg,False,False,False,False,True,0,none
a5e0a4b23.jpg,False,False,False,False,True,0,none
a5e7b9502.jpg,False,False,True,False,False,1,3
a5e9195b6.jpg,False,False,True,False,False,1,3
a5eb02ff0.jpg,False,False,True,False,False,1,3
a5ed4358c.jpg,False,False,True,False,False,1,3
a5f3540e9.jpg,False,False,False,False,True,0,none
a5f450999.jpg,False,False,False,False,True,0,none
a5f52444d.jpg,False,False,False,False,True,0,none
a5f996baa.jpg,False,False,True,False,False,1,3
a5fb2758e.jpg,False,False,True,False,False,1,3
a605eae5c.jpg,False,False,False,False,True,0,none
a61636c13.jpg,False,False,True,False,False,1,3
a61727238.jpg,False,False,False,False,True,0,none
a6195e2d6.jpg,False,False,False,True,False,1,4
a61996577.jpg,False,False,True,False,False,1,3
a61ce7b8a.jpg,False,False,True,True,False,2,3+4
a62465bd7.jpg,False,False,True,False,False,1,3
a629cce39.jpg,False,False,True,False,False,1,3
a62c06b43.jpg,False,False,False,False,True,0,none
a634d3a24.jpg,False,False,True,False,False,1,3
a63669b29.jpg,True,False,False,False,False,1,1
a63f10d77.jpg,False,False,False,False,True,0,none
a64a77431.jpg,False,False,False,False,True,0,none
a6521a8d9.jpg,False,False,False,False,True,0,none
a65a8503a.jpg,False,False,True,False,False,1,3
a65d823b7.jpg,False,False,True,False,False,1,3
a660f51c6.jpg,False,False,False,False,True,0,none
a662c0df3.jpg,False,False,False,False,True,0,none
a664d8138.jpg,False,False,True,False,False,1,3
a67df9196.jpg,True,False,False,False,False,1,1
a687ef75e.jpg,False,False,False,False,True,0,none
a68906588.jpg,False,False,True,False,False,1,3
a689f4047.jpg,True,False,False,False,False,1,1
a68a791fb.jpg,False,False,False,False,True,0,none
a68dcc7d2.jpg,False,False,True,False,False,1,3
a697f938a.jpg,False,False,True,False,False,1,3
a6980dd61.jpg,False,False,True,False,False,1,3
a6984e46c.jpg,False,False,False,False,True,0,none
a69fb48e2.jpg,False,False,True,False,False,1,3
a6a6f59c7.jpg,False,False,True,False,False,1,3
a6a8cf809.jpg,False,False,False,False,True,0,none
a6aceec2e.jpg,False,False,True,True,False,2,3+4
a6af7373c.jpg,False,False,True,False,False,1,3
a6b00abd7.jpg,False,False,True,False,False,1,3
a6b3d554a.jpg,False,False,True,False,False,1,3
a6b4602b6.jpg,False,False,False,False,True,0,none
a6b56df05.jpg,False,False,True,False,False,1,3
a6ba6acf0.jpg,False,False,True,False,False,1,3
a6c28501b.jpg,False,False,True,False,False,1,3
a6c3abdb9.jpg,False,True,False,False,False,1,2
a6c7b60b3.jpg,False,False,True,False,False,1,3
a6de0caa4.jpg,False,False,False,False,True,0,none
a6eaf9ea7.jpg,False,False,False,False,True,0,none
a6ecee828.jpg,False,False,True,False,False,1,3
a6f761c3f.jpg,False,False,False,False,True,0,none
a6fcd0f71.jpg,False,False,True,False,False,1,3
a70390e7a.jpg,False,False,False,False,True,0,none
a705b49f9.jpg,False,False,False,False,True,0,none
a705ed228.jpg,False,False,False,False,True,0,none
a70b5d0c5.jpg,True,False,True,False,False,2,1+3
a71670d83.jpg,False,False,True,False,False,1,3
a71e53574.jpg,False,False,True,False,False,1,3
a71e7121c.jpg,True,False,False,False,False,1,1
a725b623a.jpg,False,False,True,False,False,1,3
a72c797c1.jpg,False,False,False,False,True,0,none
a72d931f0.jpg,True,False,False,False,False,1,1
a72dbed7c.jpg,False,False,False,False,True,0,none
a72f6f83d.jpg,False,False,False,False,True,0,none
a732b1b72.jpg,True,False,False,False,False,1,1
a733a2220.jpg,False,False,False,False,True,0,none
a73464691.jpg,False,False,False,False,True,0,none
a7391743c.jpg,True,False,False,False,False,1,1
a73c4e62c.jpg,False,False,False,False,True,0,none
a73cf6a39.jpg,False,False,False,False,True,0,none
a74cb0466.jpg,False,False,False,False,True,0,none
a7509c7cd.jpg,False,False,False,False,True,0,none
a750dc23a.jpg,False,False,False,True,False,1,4
a753532d6.jpg,False,False,True,True,False,2,3+4
a7545c9c0.jpg,False,False,False,False,True,0,none
a75bb4c01.jpg,False,True,False,False,False,1,2
a75ec2a42.jpg,False,False,True,False,False,1,3
a763e8b83.jpg,False,False,False,True,False,1,4
a7655a8d3.jpg,False,False,True,False,False,1,3
a76b26d44.jpg,False,False,True,False,False,1,3
a76baea54.jpg,False,False,False,False,True,0,none
a76c5d9d6.jpg,False,False,False,False,True,0,none
a76da9e56.jpg,False,False,False,False,True,0,none
a77935a71.jpg,False,False,False,False,True,0,none
a77af14dd.jpg,True,False,False,False,False,1,1
a77b147af.jpg,True,False,False,False,False,1,1
a78f72e04.jpg,False,False,True,False,False,1,3
a7942bafe.jpg,False,False,True,False,False,1,3
a79e9a769.jpg,False,False,True,False,False,1,3
a7a723242.jpg,False,False,False,False,True,0,none
a7a9a1648.jpg,False,False,False,False,True,0,none
a7b1e00e6.jpg,False,False,False,False,True,0,none
a7b2ab721.jpg,False,False,False,False,True,0,none
a7b7d8e30.jpg,False,False,False,False,True,0,none
a7b8b9357.jpg,False,False,False,False,True,0,none
a7bedd82e.jpg,False,False,False,False,True,0,none
a7c57d74f.jpg,False,False,True,False,False,1,3
a7d470272.jpg,False,False,True,False,False,1,3
a7d5ae972.jpg,False,False,True,False,False,1,3
a7e675896.jpg,True,False,False,False,False,1,1
a7e79695b.jpg,False,False,True,False,False,1,3
a7f29f0b3.jpg,False,False,False,False,True,0,none
a7f3a0644.jpg,False,False,False,False,True,0,none
a800aee21.jpg,True,False,False,False,False,1,1
a803d991e.jpg,False,False,False,False,True,0,none
a8146bce3.jpg,False,False,True,False,False,1,3
a81499b19.jpg,False,False,True,False,False,1,3
a814d8aba.jpg,False,False,False,False,True,0,none
a817da1df.jpg,False,False,False,False,True,0,none
a8188747f.jpg,False,False,True,False,False,1,3
a81d409c6.jpg,False,False,True,False,False,1,3
a8241cf3d.jpg,False,False,True,False,False,1,3
a826d9481.jpg,False,False,True,False,False,1,3
a82acacf2.jpg,False,False,False,False,True,0,none
a82b34c33.jpg,False,False,True,False,False,1,3
a8312b3b0.jpg,True,False,False,False,False,1,1
a831d2806.jpg,False,False,True,False,False,1,3
a832e130a.jpg,False,False,False,False,True,0,none
a83442a46.jpg,False,False,False,False,True,0,none
a835a0e50.jpg,False,False,True,False,False,1,3
a838b8e5c.jpg,False,False,False,False,True,0,none
a85276d6e.jpg,False,False,True,False,False,1,3
a85db4eac.jpg,False,False,False,False,True,0,none
a86b9299f.jpg,False,False,False,False,True,0,none
a86d2a653.jpg,False,False,False,False,True,0,none
a87090528.jpg,False,False,False,False,True,0,none
a8767436f.jpg,False,False,True,False,False,1,3
a886bfcfc.jpg,True,False,False,False,False,1,1
a88757126.jpg,False,False,True,False,False,1,3
a88a7e4c8.jpg,False,False,False,False,True,0,none
a88dc13d6.jpg,False,False,True,False,False,1,3
a890f04af.jpg,False,False,False,False,True,0,none
a899c0b38.jpg,False,False,False,False,True,0,none
a89b353af.jpg,False,False,False,False,True,0,none
a8a543129.jpg,False,False,False,False,True,0,none
a8a6276cc.jpg,False,False,False,False,True,0,none
a8a69d47e.jpg,False,False,False,False,True,0,none
a8a7216e4.jpg,False,False,False,False,True,0,none
a8a982a07.jpg,False,False,False,False,True,0,none
a8b171a05.jpg,False,False,False,False,True,0,none
a8b769ee0.jpg,False,False,False,False,True,0,none
a8b77ce4d.jpg,True,False,False,False,False,1,1
a8b83f498.jpg,False,False,False,False,True,0,none
a8ba23b0a.jpg,False,True,True,False,False,2,2+3
a8bc0275d.jpg,False,False,True,False,False,1,3
a8c20e35b.jpg,False,False,False,False,True,0,none
a8c34c3ee.jpg,False,False,False,False,True,0,none
a8ca5b17d.jpg,False,False,False,False,True,0,none
a8cbcb924.jpg,False,False,False,False,True,0,none
a8cd71412.jpg,False,True,False,False,False,1,2
a8d60ce91.jpg,False,False,False,False,True,0,none
a8de477f0.jpg,False,False,True,False,False,1,3
a8eaf15a1.jpg,False,False,True,False,False,1,3
a8eed9902.jpg,False,False,False,False,True,0,none
a8f977b31.jpg,False,False,True,False,False,1,3
a8f9c8c03.jpg,False,False,False,False,True,0,none
a8fc850dc.jpg,False,False,False,False,True,0,none
a8fcfff62.jpg,False,False,True,False,False,1,3
a90767710.jpg,False,False,True,False,False,1,3
a909833f5.jpg,False,False,True,False,False,1,3
a9107b3b6.jpg,False,False,True,False,False,1,3
a9108753d.jpg,False,False,True,False,False,1,3
a912cf0b9.jpg,False,False,True,False,False,1,3
a91b97969.jpg,True,False,False,False,False,1,1
a922818e9.jpg,False,False,True,False,False,1,3
a922edcb6.jpg,False,False,True,False,False,1,3
a933c0101.jpg,False,False,False,False,True,0,none
a9378655a.jpg,True,False,False,False,False,1,1
a93b52e93.jpg,False,False,True,False,False,1,3
a9414f90f.jpg,False,False,True,False,False,1,3
a94abfda7.jpg,False,False,True,False,False,1,3
a9531d54c.jpg,False,False,False,False,True,0,none
a96489280.jpg,False,False,False,False,True,0,none
a96ddfce2.jpg,False,False,False,False,True,0,none
a97abc0aa.jpg,False,False,True,False,False,1,3
a97d3a84e.jpg,False,False,False,True,False,1,4
a9840c747.jpg,True,False,False,False,False,1,1
a985a9c7c.jpg,True,False,False,False,False,1,1
a98f00f6b.jpg,False,False,True,False,False,1,3
a9914e83b.jpg,False,False,True,True,False,2,3+4
a9945ecd5.jpg,False,False,True,False,False,1,3
a997f247d.jpg,True,False,False,False,False,1,1
a99fdaaab.jpg,False,False,False,False,True,0,none
a9a045b71.jpg,False,False,True,False,False,1,3
a9a0a7c73.jpg,False,False,False,False,True,0,none
a9a5ac063.jpg,False,False,False,True,False,1,4
a9a69d683.jpg,False,False,False,False,True,0,none
a9af4d1c1.jpg,False,False,False,False,True,0,none
a9b1abf48.jpg,False,False,True,False,False,1,3
a9b30f4b1.jpg,False,False,False,False,True,0,none
a9b327adb.jpg,False,False,True,False,False,1,3
a9b4c5d52.jpg,False,False,True,False,False,1,3
a9b58a3b9.jpg,False,False,False,False,True,0,none
a9b87142c.jpg,False,False,False,False,True,0,none
a9bc755fe.jpg,False,False,False,False,True,0,none
a9c5e9f1e.jpg,False,False,True,False,False,1,3
a9cb86e69.jpg,True,False,False,False,False,1,1
a9cee6edb.jpg,False,False,True,False,False,1,3
a9d3b0f3e.jpg,False,False,True,False,False,1,3
a9d54a2fe.jpg,False,False,False,False,True,0,none
a9d679c95.jpg,False,False,False,False,True,0,none
a9dcd6f0b.jpg,False,False,False,False,True,0,none
a9ddaaca6.jpg,False,False,False,False,True,0,none
a9e1fc1bc.jpg,False,False,True,False,False,1,3
a9e2530ed.jpg,False,False,True,False,False,1,3
a9e5fc9ff.jpg,False,False,False,False,True,0,none
a9e7b571e.jpg,False,False,False,True,False,1,4
a9ebd5d01.jpg,False,False,False,False,True,0,none
a9ee60102.jpg,False,False,False,False,True,0,none
a9eed3b01.jpg,False,False,True,False,False,1,3
a9f5f9806.jpg,False,False,True,False,False,1,3
a9f605949.jpg,False,False,True,False,False,1,3
aa029b4a0.jpg,False,False,True,False,False,1,3
aa0ab8bf3.jpg,False,False,False,False,True,0,none
aa14f39fd.jpg,True,False,False,False,False,1,1
aa1645714.jpg,False,False,True,False,False,1,3
aa1c7c9cd.jpg,False,False,False,False,True,0,none
aa1eff0d1.jpg,False,False,False,False,True,0,none
aa218783a.jpg,False,False,True,False,False,1,3
aa29aae31.jpg,False,False,False,False,True,0,none
aa2db8e29.jpg,False,False,True,False,False,1,3
aa3632918.jpg,False,False,False,False,True,0,none
aa394081e.jpg,False,False,True,False,False,1,3
aa3fee531.jpg,False,False,False,False,True,0,none
aa49482e5.jpg,False,False,False,True,False,1,4
aa4b29d91.jpg,False,False,True,False,False,1,3
aa53582ee.jpg,True,False,False,False,False,1,1
aa61a5c9f.jpg,False,False,True,False,False,1,3
aa626ae0c.jpg,False,False,True,False,False,1,3
aa6a2b3e5.jpg,False,False,False,False,True,0,none
aa6bd6ba3.jpg,False,False,True,False,False,1,3
aa710b314.jpg,False,False,False,False,True,0,none
aa741b586.jpg,False,False,True,False,False,1,3
aa7a0bcf3.jpg,False,False,True,False,False,1,3
aa88568ad.jpg,False,False,True,False,False,1,3
aa8b6ebcf.jpg,False,False,True,False,False,1,3
aa92ea82d.jpg,False,False,False,False,True,0,none
aa96b12e7.jpg,False,False,False,False,True,0,none
aa9762436.jpg,False,False,False,False,True,0,none
aa9a7363b.jpg,False,False,True,False,False,1,3
aaa145a7e.jpg,False,False,False,False,True,0,none
aab6434b3.jpg,False,False,False,True,False,1,4
aabd69a55.jpg,False,False,False,False,True,0,none
aac54b46c.jpg,True,False,False,False,False,1,1
aac764a88.jpg,False,False,True,False,False,1,3
aaca761e4.jpg,False,False,False,False,True,0,none
aacd660b3.jpg,False,False,False,False,True,0,none
aad06b99e.jpg,False,False,True,False,False,1,3
aad145da9.jpg,False,False,False,False,True,0,none
aad347618.jpg,False,False,True,False,False,1,3
aae6bc5be.jpg,False,False,True,False,False,1,3
aae7792ca.jpg,False,False,False,False,True,0,none
aae9a3452.jpg,False,False,False,False,True,0,none
aaeff73c9.jpg,False,False,False,False,True,0,none
aaf12ddee.jpg,False,False,True,False,False,1,3
aaf73e8e9.jpg,False,False,False,False,True,0,none
ab0010546.jpg,False,False,True,False,False,1,3
ab081e95e.jpg,False,False,False,False,True,0,none
ab1293c8f.jpg,False,False,True,False,False,1,3
ab13a6f37.jpg,False,False,False,False,True,0,none
ab13f368e.jpg,False,False,True,False,False,1,3
ab16f0e09.jpg,True,False,False,False,False,1,1
ab1865ed6.jpg,False,False,False,False,True,0,none
ab1dda536.jpg,False,False,True,False,False,1,3
ab2300506.jpg,False,False,True,False,False,1,3
ab2541958.jpg,False,False,True,False,False,1,3
ab2b3d3d9.jpg,False,False,True,False,False,1,3
ab3065e7f.jpg,False,False,False,False,True,0,none
ab312df89.jpg,False,False,True,False,False,1,3
ab3fed191.jpg,False,False,True,False,False,1,3
ab4fab99e.jpg,False,False,False,True,False,1,4
ab5717ad2.jpg,True,False,False,False,False,1,1
ab573218d.jpg,False,False,False,False,True,0,none
ab6019ac1.jpg,False,False,False,False,True,0,none
ab6530468.jpg,False,False,True,False,False,1,3
ab6afa374.jpg,False,False,True,False,False,1,3
ab6f35523.jpg,False,False,False,False,True,0,none
ab70f8ba6.jpg,False,False,True,False,False,1,3
ab710a287.jpg,True,False,False,False,False,1,1
ab88df761.jpg,False,False,False,False,True,0,none
ab93fca16.jpg,False,False,False,False,True,0,none
ab94695e2.jpg,False,False,False,False,True,0,none
ab9ac2006.jpg,False,False,False,False,True,0,none
aba32046d.jpg,False,False,False,False,True,0,none
aba64bfab.jpg,False,False,False,False,True,0,none
abab01f92.jpg,True,False,True,False,False,2,1+3
abac4e544.jpg,False,False,False,False,True,0,none
abb5daaa0.jpg,False,False,True,False,False,1,3
abc73ae71.jpg,False,False,True,False,False,1,3
abcbb4a74.jpg,False,False,False,False,True,0,none
abdbfd065.jpg,False,False,False,False,True,0,none
abdf26bbd.jpg,False,False,False,False,True,0,none
abe217835.jpg,False,False,True,False,False,1,3
abe8e7faf.jpg,False,False,True,False,False,1,3
abedd15e2.jpg,False,False,True,False,False,1,3
ac029e83f.jpg,False,False,False,False,True,0,none
ac03345dc.jpg,False,False,True,False,False,1,3
ac03c1990.jpg,False,False,False,False,True,0,none
ac0590cf3.jpg,False,False,False,False,True,0,none
ac0682b30.jpg,False,False,True,False,False,1,3
ac068dbec.jpg,False,False,False,False,True,0,none
ac077ad0e.jpg,False,False,False,False,True,0,none
ac095f7d7.jpg,False,False,False,False,True,0,none
ac0bec1fa.jpg,False,False,True,False,False,1,3
ac12eb284.jpg,False,False,False,False,True,0,none
ac15719f1.jpg,False,False,True,False,False,1,3
ac172af5a.jpg,False,False,True,False,False,1,3
ac1a64a23.jpg,False,False,False,False,True,0,none
ac26ccc50.jpg,False,False,False,False,True,0,none
ac2b13f3f.jpg,False,False,False,False,True,0,none
ac2b7af8c.jpg,False,False,False,False,True,0,none
ac2f58068.jpg,False,False,False,False,True,0,none
ac30b2306.jpg,False,False,False,False,True,0,none
ac31ed0c3.jpg,False,False,False,False,True,0,none
ac3895afd.jpg,False,False,False,False,True,0,none
ac39eca81.jpg,True,False,False,False,False,1,1
ac42f4ac8.jpg,False,False,False,False,True,0,none
ac461b596.jpg,False,False,True,False,False,1,3
ac47aefbc.jpg,False,False,False,True,False,1,4
ac48ab24b.jpg,True,False,False,False,False,1,1
ac4ba5c1a.jpg,False,False,True,False,False,1,3
ac504079d.jpg,False,False,True,False,False,1,3
ac550233a.jpg,True,False,False,False,False,1,1
ac59becc1.jpg,False,False,True,False,False,1,3
ac5de187a.jpg,False,False,True,False,False,1,3
ac6367260.jpg,False,True,False,True,False,2,2+4
ac681cbde.jpg,False,False,True,False,False,1,3
ac68f9acc.jpg,False,False,True,False,False,1,3
ac6b3e4bc.jpg,False,False,False,False,True,0,none
ac6d3cefd.jpg,False,False,False,False,True,0,none
ac7848f35.jpg,False,False,True,False,False,1,3
ac786cb58.jpg,False,False,True,False,False,1,3
ac7b3fdd1.jpg,True,False,False,False,False,1,1
ac7e898e6.jpg,False,False,True,False,False,1,3
ac85ff364.jpg,False,False,False,False,True,0,none
ac8edd837.jpg,False,False,True,False,False,1,3
ac912ddc4.jpg,False,False,True,False,False,1,3
ac9246bd5.jpg,False,False,False,False,True,0,none
ac97767a7.jpg,False,False,True,False,False,1,3
ac98d5840.jpg,False,False,True,False,False,1,3
ac9947293.jpg,False,False,False,False,True,0,none
ac9c592aa.jpg,False,False,True,False,False,1,3
ac9cc4f1b.jpg,False,False,False,False,True,0,none
aca37fa5f.jpg,False,False,False,False,True,0,none
aca765aec.jpg,False,False,True,False,False,1,3
acb2ad63d.jpg,False,False,True,False,False,1,3
acbe1e2c1.jpg,False,False,True,True,False,2,3+4
acc4098ce.jpg,True,False,False,False,False,1,1
acc420cb3.jpg,False,False,True,False,False,1,3
accb65244.jpg,False,False,False,False,True,0,none
accc38459.jpg,False,False,True,False,False,1,3
acce2ad4e.jpg,False,False,False,False,True,0,none
acd295ec3.jpg,False,False,True,False,False,1,3
acd30588b.jpg,False,False,True,False,False,1,3
acd30bd6a.jpg,False,True,False,False,False,1,2
acd54b2af.jpg,False,False,False,False,True,0,none
ace59105f.jpg,False,False,True,False,False,1,3
ace8c1151.jpg,False,False,True,False,False,1,3
acf1b04a4.jpg,False,False,False,False,True,0,none
acfbc40a2.jpg,False,False,False,False,True,0,none
acfdc8ec2.jpg,False,False,True,False,False,1,3
ad000a894.jpg,False,False,False,False,True,0,none
ad0e7ff59.jpg,False,False,False,False,True,0,none
ad1fe21eb.jpg,False,False,False,False,True,0,none
ad26af6e4.jpg,False,False,False,True,False,1,4
ad2e93a85.jpg,False,False,True,False,False,1,3
ad3630cdc.jpg,False,False,True,False,False,1,3
ad43f6c96.jpg,False,False,False,False,True,0,none
ad50e3e3a.jpg,False,False,False,False,True,0,none
ad56c5372.jpg,False,False,False,False,True,0,none
ad5a2ea44.jpg,False,False,True,False,False,1,3
ad64c0940.jpg,True,False,False,False,False,1,1
ad6506c7b.jpg,False,False,True,False,False,1,3
ad6900e74.jpg,False,False,False,False,True,0,none
ad6aed3f4.jpg,False,False,True,False,False,1,3
ad6fb4fab.jpg,False,False,True,False,False,1,3
ad76bc064.jpg,False,False,True,False,False,1,3
ad7ee3637.jpg,False,False,False,False,True,0,none
ad8744ba7.jpg,False,False,True,False,False,1,3
ad8d59858.jpg,False,False,True,False,False,1,3
ad8ffec02.jpg,False,False,True,True,False,2,3+4
ad9688790.jpg,False,False,False,False,True,0,none
ad991d6dd.jpg,False,False,False,False,True,0,none
ad9ad21f4.jpg,False,False,False,True,False,1,4
ada3dacbe.jpg,False,False,True,False,False,1,3
ada4050a4.jpg,False,False,False,False,True,0,none
ada45f479.jpg,False,False,False,False,True,0,none
ada6c433b.jpg,False,False,False,False,True,0,none
ada844648.jpg,False,False,True,True,False,2,3+4
adaa22413.jpg,False,False,False,False,True,0,none
adaa47142.jpg,False,False,True,False,False,1,3
adae21280.jpg,False,False,False,False,True,0,none
adb7a2b1a.jpg,False,False,False,False,True,0,none
adbe07a60.jpg,False,False,True,False,False,1,3
adc257b59.jpg,True,False,True,False,False,2,1+3
adcc1cac6.jpg,False,False,False,False,True,0,none
add5c87e5.jpg,False,False,True,False,False,1,3
add8603ba.jpg,False,False,False,False,True,0,none
add980018.jpg,False,False,True,False,False,1,3
addd390e9.jpg,False,False,True,False,False,1,3
adeb12de3.jpg,False,False,False,False,True,0,none
adf017a56.jpg,False,False,False,False,True,0,none
adf5fdfe2.jpg,False,False,False,True,False,1,4
adf68e54a.jpg,False,False,True,False,False,1,3
adf93f9bf.jpg,False,False,True,False,False,1,3
adfc5f0e0.jpg,False,False,True,False,False,1,3
adff445fd.jpg,False,False,True,False,False,1,3
ae00d2b3d.jpg,False,False,False,False,True,0,none
ae09481ab.jpg,False,False,False,False,True,0,none
ae29b9e4d.jpg,False,False,False,False,True,0,none
ae2c96c4e.jpg,False,False,True,False,False,1,3
ae2fd4efe.jpg,False,False,False,False,True,0,none
ae3047bf7.jpg,False,False,True,False,False,1,3
ae35b6067.jpg,False,False,True,False,False,1,3
ae3ad362b.jpg,False,False,True,False,False,1,3
ae3f34ab1.jpg,False,False,False,False,True,0,none
ae41ecb3f.jpg,False,False,True,False,False,1,3
ae4555b5b.jpg,False,False,False,True,False,1,4
ae4753c89.jpg,False,False,True,False,False,1,3
ae4e898e8.jpg,False,False,True,False,False,1,3
ae51109d0.jpg,False,False,False,False,True,0,none
ae562552d.jpg,False,False,False,False,True,0,none
ae5a0fa7c.jpg,False,False,False,True,False,1,4
ae5cdf4ea.jpg,False,False,False,False,True,0,none
ae65ed912.jpg,False,False,False,False,True,0,none
ae677bed4.jpg,False,False,False,False,True,0,none
ae691a007.jpg,False,False,False,False,True,0,none
ae6b5adc2.jpg,False,False,True,False,False,1,3
ae6d0bf01.jpg,False,False,True,False,False,1,3
ae765c316.jpg,False,False,False,False,True,0,none
ae79304b2.jpg,False,False,True,False,False,1,3
ae7a2de0d.jpg,False,False,True,False,False,1,3
ae86464c0.jpg,False,False,False,False,True,0,none
ae8e00590.jpg,False,False,False,False,True,0,none
ae8f540a2.jpg,False,False,False,False,True,0,none
ae93df7d1.jpg,False,False,True,False,False,1,3
ae9976755.jpg,False,False,True,False,False,1,3
ae9a53e90.jpg,False,False,True,False,False,1,3
ae9a759a1.jpg,False,False,False,False,True,0,none
ae9c7966a.jpg,False,False,True,False,False,1,3
aea1eb689.jpg,False,False,True,False,False,1,3
aea51e93f.jpg,False,False,True,False,False,1,3
aea7d7051.jpg,False,False,False,False,True,0,none
aeaa1deef.jpg,True,False,False,False,False,1,1
aeadf8fde.jpg,False,False,True,False,False,1,3
aeb34560d.jpg,False,False,True,False,False,1,3
aeb94b95f.jpg,False,True,False,False,False,1,2
aebbc40a6.jpg,False,False,True,False,False,1,3
aec250881.jpg,False,True,False,False,False,1,2
aec52b718.jpg,False,False,False,False,True,0,none
aec9cbfb0.jpg,False,False,False,False,True,0,none
aecfe5ad8.jpg,False,False,False,False,True,0,none
aed6cfc89.jpg,False,False,False,False,True,0,none
aeda5b216.jpg,False,False,False,True,False,1,4
aee116071.jpg,False,False,True,False,False,1,3
aee20074e.jpg,False,False,False,True,False,1,4
aee406fff.jpg,False,False,False,False,True,0,none
aef3c904b.jpg,False,False,False,False,True,0,none
aef90b7ea.jpg,False,False,False,False,True,0,none
aefa93267.jpg,False,False,True,False,False,1,3
aefd662e5.jpg,False,False,True,False,False,1,3
aeff95093.jpg,False,False,False,False,True,0,none
af0534891.jpg,False,False,False,False,True,0,none
af094b41c.jpg,False,False,True,False,False,1,3
af09a0336.jpg,False,False,False,True,False,1,4
af0aad614.jpg,False,False,True,False,False,1,3
af0dd8534.jpg,False,False,False,False,True,0,none
af17634f8.jpg,False,False,False,False,True,0,none
af1c8d7bb.jpg,False,False,False,False,True,0,none
af1cd15ef.jpg,False,False,False,False,True,0,none
af1debfe3.jpg,False,False,True,False,False,1,3
af21f49bb.jpg,False,False,False,False,True,0,none
af27e8276.jpg,False,False,False,False,True,0,none
af2b3ae32.jpg,False,False,False,False,True,0,none
af2cfbb4a.jpg,False,False,False,True,False,1,4
af328f32c.jpg,False,False,False,False,True,0,none
af33842ad.jpg,False,False,True,False,False,1,3
af3414f93.jpg,False,False,False,False,True,0,none
af3692d16.jpg,False,False,False,False,True,0,none
af36d22ab.jpg,False,False,False,False,True,0,none
af3bec1f0.jpg,False,False,False,False,True,0,none
af426e1d3.jpg,False,False,True,False,False,1,3
af4cdefaa.jpg,False,False,True,False,False,1,3
af4d2ee24.jpg,False,False,True,False,False,1,3
af4e9bbc9.jpg,False,False,False,False,True,0,none
af5c06a20.jpg,True,False,False,False,False,1,1
af61c6bf8.jpg,True,False,False,False,False,1,1
af6441bac.jpg,False,False,True,False,False,1,3
af67d55bd.jpg,False,False,True,False,False,1,3
af730b980.jpg,False,False,False,False,True,0,none
af7a5f3e7.jpg,False,False,False,False,True,0,none
af7c08f36.jpg,True,False,True,False,False,2,1+3
af7ca17d0.jpg,False,False,True,False,False,1,3
af7db8470.jpg,False,False,True,False,False,1,3
af807ce02.jpg,False,False,True,False,False,1,3
af8103af3.jpg,False,False,True,False,False,1,3
af828b126.jpg,False,False,True,False,False,1,3
af940d1ae.jpg,False,False,False,False,True,0,none
af9b9176f.jpg,False,False,False,False,True,0,none
afa1ffcb4.jpg,False,False,False,False,True,0,none
afb3e0467.jpg,False,False,True,False,False,1,3
afb67e4d9.jpg,False,False,True,False,False,1,3
afb854388.jpg,False,False,True,False,False,1,3
afbab41f0.jpg,False,False,True,False,False,1,3
afc26c2a0.jpg,False,False,True,False,False,1,3
afc4ca4f0.jpg,False,False,True,False,False,1,3
afcd4d5ee.jpg,False,False,False,False,True,0,none
afcf048de.jpg,False,False,False,False,True,0,none
afd067550.jpg,False,False,False,False,True,0,none
afd3f856d.jpg,False,False,True,False,False,1,3
afdb25da1.jpg,False,False,False,False,True,0,none
afdf9c916.jpg,False,False,False,False,True,0,none
afef30338.jpg,False,False,False,False,True,0,none
aff01777f.jpg,True,False,False,False,False,1,1
aff2b8b8a.jpg,False,False,True,False,False,1,3
aff405a28.jpg,False,False,True,False,False,1,3
afffc67b7.jpg,False,False,False,False,True,0,none
b001f0e9b.jpg,False,False,True,False,False,1,3
b0038b54c.jpg,True,True,False,False,False,2,1+2
b00741c0a.jpg,False,False,True,True,False,2,3+4
b008ebddf.jpg,False,False,False,False,True,0,none
b00fa58e7.jpg,False,False,False,False,True,0,none
b0161473e.jpg,False,False,False,False,True,0,none
b023d90ff.jpg,False,False,True,False,False,1,3
b0254cb54.jpg,False,False,True,False,False,1,3
b0271d280.jpg,False,True,False,False,False,1,2
b02923eea.jpg,False,False,False,False,True,0,none
b030ec597.jpg,False,False,True,False,False,1,3
b0348d794.jpg,False,False,True,False,False,1,3
b03643b7c.jpg,False,False,False,False,True,0,none
b03bdbc0c.jpg,False,False,False,False,True,0,none
b044d761a.jpg,False,False,False,False,True,0,none
b045a0df2.jpg,False,False,False,True,False,1,4
b046e320f.jpg,False,False,False,False,True,0,none
b04b907b2.jpg,False,False,True,False,False,1,3
b04e7875c.jpg,False,False,True,False,False,1,3
b04ebe834.jpg,False,False,False,False,True,0,none
b050e9005.jpg,False,False,False,False,True,0,none
b05365219.jpg,False,False,True,False,False,1,3
b05584f2f.jpg,False,False,False,False,True,0,none
b059badb4.jpg,False,False,False,False,True,0,none
b0636a5e2.jpg,False,False,True,False,False,1,3
b06523fa7.jpg,False,False,False,False,True,0,none
b07380a2e.jpg,True,False,False,False,False,1,1
b080280d8.jpg,False,False,True,True,False,2,3+4
b08435f96.jpg,False,False,True,False,False,1,3
b08712015.jpg,True,False,False,False,False,1,1
b08d40600.jpg,True,False,False,False,False,1,1
b08d86101.jpg,False,False,False,False,True,0,none
b08f17760.jpg,False,False,False,False,True,0,none
b090ddc4b.jpg,False,False,False,False,True,0,none
b091930af.jpg,False,False,True,False,False,1,3
b0a1cec01.jpg,False,False,True,False,False,1,3
b0b0ca485.jpg,False,False,False,False,True,0,none
b0b384043.jpg,False,False,False,False,True,0,none
b0bd510db.jpg,False,False,False,True,False,1,4
b0d290bbf.jpg,False,False,False,False,True,0,none
b0d896790.jpg,False,False,False,False,True,0,none
b0daf9907.jpg,False,False,False,False,True,0,none
b0e0b8842.jpg,False,False,True,False,False,1,3
b0f641041.jpg,False,False,False,False,True,0,none
b0f9fff35.jpg,False,False,True,False,False,1,3
b0fe014ca.jpg,False,False,False,False,True,0,none
b1019292f.jpg,False,False,False,False,True,0,none
b107bf5bd.jpg,False,False,True,False,False,1,3
b1096a78f.jpg,False,False,False,False,True,0,none
b10c5bf03.jpg,False,False,False,False,True,0,none
b10ca1dc4.jpg,False,False,True,False,False,1,3
b110ca8c2.jpg,False,False,True,False,False,1,3
b119d8dd6.jpg,False,False,False,False,True,0,none
b1276a404.jpg,False,False,False,False,True,0,none
b12e436c3.jpg,False,False,True,False,False,1,3
b12fc900b.jpg,True,False,True,False,False,2,1+3
b1331b5aa.jpg,False,False,False,False,True,0,none
b138e942e.jpg,False,False,False,True,False,1,4
b14355f10.jpg,False,False,True,False,False,1,3
b147f0f0f.jpg,False,False,True,False,False,1,3
b14b855e6.jpg,False,False,False,False,True,0,none
b15e6ca53.jpg,False,False,True,False,False,1,3
b1623b91f.jpg,False,False,False,True,False,1,4
b162a9cb2.jpg,False,False,True,False,False,1,3
b1639af61.jpg,False,False,False,True,False,1,4
b1639e054.jpg,False,False,False,False,True,0,none
b16ab3735.jpg,False,False,False,False,True,0,none
b17038bf6.jpg,False,False,False,False,True,0,none
b17a3ba1b.jpg,False,False,False,False,True,0,none
b17fcb164.jpg,False,False,True,False,False,1,3
b18964e8a.jpg,False,False,False,False,True,0,none
b18d448a7.jpg,False,False,False,False,True,0,none
b18e713ce.jpg,False,False,False,False,True,0,none
b1933b386.jpg,False,False,True,False,False,1,3
b19603805.jpg,False,False,False,True,False,1,4
b197ca6e6.jpg,False,False,False,False,True,0,none
b19fbab56.jpg,True,False,False,False,False,1,1
b1ad33d48.jpg,False,False,False,False,True,0,none
b1adeb194.jpg,False,False,False,False,True,0,none
b1b3ec5fd.jpg,False,False,True,True,False,2,3+4
b1b670f2f.jpg,False,False,False,False,True,0,none
b1b94f0fc.jpg,True,True,False,False,False,2,1+2
b1b95cd4d.jpg,False,False,True,False,False,1,3
b1ba20011.jpg,False,False,False,False,True,0,none
b1ba60ced.jpg,False,False,False,False,True,0,none
b1bbea81b.jpg,False,False,True,False,False,1,3
b1c4d3872.jpg,False,False,True,False,False,1,3
b1c6e8959.jpg,False,False,False,False,True,0,none
b1c892c12.jpg,False,False,True,False,False,1,3
b1cf6d807.jpg,False,False,True,False,False,1,3
b1d3de6f1.jpg,False,False,False,False,True,0,none
b1d3f12b6.jpg,False,False,True,True,False,2,3+4
b1d574c91.jpg,False,False,False,True,False,1,4
b1d63b897.jpg,False,False,False,False,True,0,none
b1e3c11ad.jpg,False,False,False,True,False,1,4
b1e5931af.jpg,False,False,True,False,False,1,3
b1e74e71d.jpg,False,False,False,True,False,1,4
b1e9c469c.jpg,False,False,True,False,False,1,3
b1f5ce725.jpg,False,False,False,True,False,1,4
b1f771047.jpg,False,False,False,False,True,0,none
b1fd37779.jpg,False,False,True,False,False,1,3
b20fb15ff.jpg,False,False,False,True,False,1,4
b20fcab43.jpg,False,False,True,False,False,1,3
b2148a422.jpg,False,False,True,True,False,2,3+4
b217432b9.jpg,False,False,False,False,True,0,none
b21f4da7f.jpg,False,False,True,False,False,1,3
b227847a3.jpg,False,False,False,False,True,0,none
b228e91a7.jpg,False,False,True,False,False,1,3
b229bd6b5.jpg,False,False,True,False,False,1,3
b22b846c8.jpg,False,False,False,True,False,1,4
b23512d3b.jpg,False,False,True,False,False,1,3
b23e854e8.jpg,False,False,True,False,False,1,3
b23f90fb7.jpg,False,False,False,False,True,0,none
b2461e55e.jpg,False,False,True,False,False,1,3
b2488a745.jpg,False,False,False,True,False,1,4
b24896622.jpg,False,False,False,False,True,0,none
b248be5ad.jpg,False,False,False,False,True,0,none
b24d691a6.jpg,False,False,True,True,False,2,3+4
b2564fb98.jpg,False,False,True,False,False,1,3
b2571d121.jpg,False,False,False,False,True,0,none
b25c40d67.jpg,False,False,False,False,True,0,none
b266f6742.jpg,False,False,False,False,True,0,none
b26acc3a8.jpg,False,False,False,True,False,1,4
b27127d1d.jpg,False,False,True,True,False,2,3+4
b28263013.jpg,False,False,False,False,True,0,none
b2854eaff.jpg,False,False,True,False,False,1,3
b2866fa08.jpg,False,False,False,False,True,0,none
b28c3ee61.jpg,False,False,False,False,True,0,none
b28f091b9.jpg,False,False,False,False,True,0,none
b2985ca11.jpg,False,False,False,False,True,0,none
b29f4c4ed.jpg,False,False,True,False,False,1,3
b2ad335bf.jpg,False,False,True,False,False,1,3
b2b1349c7.jpg,False,False,False,False,True,0,none
b2ba56cd7.jpg,False,False,True,False,False,1,3
b2bc836da.jpg,False,False,False,False,True,0,none
b2c9fde17.jpg,False,False,True,False,False,1,3
b2cbd553f.jpg,False,False,True,False,False,1,3
b2cdd1c41.jpg,False,False,False,False,True,0,none
b2d4a1767.jpg,False,False,True,False,False,1,3
b2e59bdaa.jpg,False,False,True,False,False,1,3
b2ec9ed47.jpg,True,False,False,False,False,1,1
b2ef42176.jpg,False,False,False,False,True,0,none
b2f297777.jpg,False,False,True,False,False,1,3
b2fcc9bd6.jpg,False,False,False,False,True,0,none
b303bf6e5.jpg,False,False,True,False,False,1,3
b309c82de.jpg,False,False,False,False,True,0,none
b30a3e3b6.jpg,False,False,False,False,True,0,none
b30d2f225.jpg,False,False,False,False,True,0,none
b312bf98c.jpg,False,False,False,False,True,0,none
b3139b9a1.jpg,False,False,True,False,False,1,3
b3192c13d.jpg,False,False,False,False,True,0,none
b31b54a50.jpg,False,False,False,False,True,0,none
b31d1c693.jpg,False,False,True,False,False,1,3
b32156d1f.jpg,False,False,True,False,False,1,3
b3262467d.jpg,False,False,False,False,True,0,none
b329f8b82.jpg,False,False,False,False,True,0,none
b32dee6ba.jpg,False,False,False,False,True,0,none
b32e4eb4b.jpg,False,False,False,False,True,0,none
b32f9fddd.jpg,False,False,True,True,False,2,3+4
b33a903ac.jpg,False,False,False,False,True,0,none
b33edc431.jpg,False,False,False,False,True,0,none
b34091037.jpg,False,True,False,False,False,1,2
b34272d97.jpg,False,False,True,False,False,1,3
b34e9a47e.jpg,False,False,True,False,False,1,3
b34f3d4dc.jpg,False,False,True,False,False,1,3
b350d0598.jpg,False,False,False,False,True,0,none
b35a08d7a.jpg,False,False,True,False,False,1,3
b35a7ff2e.jpg,False,False,True,False,False,1,3
b35ab5606.jpg,False,False,True,False,False,1,3
b35d94e9c.jpg,False,False,False,False,True,0,none
b36dbc327.jpg,False,False,False,False,True,0,none
b378e4122.jpg,False,False,True,False,False,1,3
b379c8f14.jpg,False,False,True,False,False,1,3
b37a57736.jpg,False,False,True,False,False,1,3
b38f593fd.jpg,False,False,False,True,False,1,4
b3920826e.jpg,False,False,True,False,False,1,3
b3a70cefc.jpg,False,False,False,False,True,0,none
b3a8bd174.jpg,False,True,False,False,False,1,2
b3aa31a86.jpg,False,False,True,False,False,1,3
b3ac3189c.jpg,False,False,True,False,False,1,3
b3ae9675d.jpg,False,False,False,False,True,0,none
b3af1181e.jpg,False,False,False,False,True,0,none
b3b1e1046.jpg,True,False,False,False,False,1,1
b3b742102.jpg,False,False,True,False,False,1,3
b3b8f0c9e.jpg,False,False,True,False,False,1,3
b3bbd7121.jpg,False,False,True,False,False,1,3
b3bdf31d8.jpg,False,False,False,False,True,0,none
b3bf49ca1.jpg,False,False,True,False,False,1,3
b3cbe980b.jpg,False,False,False,False,True,0,none
b3ce6af86.jpg,False,False,False,False,True,0,none
b3cea5fb4.jpg,False,False,True,False,False,1,3
b3d4ba1e2.jpg,False,False,True,False,False,1,3
b3d4c7809.jpg,True,False,False,False,False,1,1
b3d88bde6.jpg,False,False,True,False,False,1,3
b3e51537d.jpg,False,False,True,False,False,1,3
b3eb9c9cb.jpg,False,False,True,False,False,1,3
b3f6a891f.jpg,False,False,False,False,True,0,none
b3f7ae992.jpg,False,False,True,False,False,1,3
b3f98347f.jpg,False,False,False,False,True,0,none
b3ff13646.jpg,False,False,True,False,False,1,3
b3ff830e0.jpg,False,False,True,False,False,1,3
b405cede8.jpg,False,False,False,False,True,0,none
b40abdab2.jpg,False,False,True,False,False,1,3
b40e4ebd6.jpg,False,False,False,False,True,0,none
b4124fe84.jpg,False,False,True,False,False,1,3
b41340f03.jpg,False,False,False,False,True,0,none
b41747a10.jpg,False,False,True,False,False,1,3
b418b6f8f.jpg,False,False,False,False,True,0,none
b41ab39a5.jpg,False,False,True,False,False,1,3
b41f45416.jpg,False,False,False,False,True,0,none
b41f8d117.jpg,False,False,False,False,True,0,none
b43445f69.jpg,False,False,False,False,True,0,none
b43730232.jpg,False,False,False,False,True,0,none
b43e2c4d6.jpg,False,False,False,False,True,0,none
b43ea2c01.jpg,True,False,False,False,False,1,1
b442ff31d.jpg,False,False,True,False,False,1,3
b4482a765.jpg,False,False,False,False,True,0,none
b448498eb.jpg,False,True,False,False,False,1,2
b44895d41.jpg,False,False,False,False,True,0,none
b44b62755.jpg,False,False,False,False,True,0,none
b44cfa5ba.jpg,False,False,True,False,False,1,3
b44f92bd6.jpg,False,False,True,False,False,1,3
b44fc6ba9.jpg,False,False,True,False,False,1,3
b4562e772.jpg,False,False,False,False,True,0,none
b45c67a1f.jpg,True,False,False,False,False,1,1
b46a434a1.jpg,False,False,False,False,True,0,none
b46c4d64b.jpg,False,False,False,False,True,0,none
b46dafae2.jpg,False,False,True,False,False,1,3
b46ecc387.jpg,False,False,True,False,False,1,3
b474eba9f.jpg,False,False,False,False,True,0,none
b4805acf7.jpg,False,False,False,False,True,0,none
b482a5d55.jpg,False,False,False,False,True,0,none
b483a0a1a.jpg,False,False,True,False,False,1,3
b48564b41.jpg,False,False,False,False,True,0,none
b4862994a.jpg,False,False,False,False,True,0,none
b491fc95d.jpg,False,False,False,False,True,0,none
b494c20d6.jpg,False,False,False,False,True,0,none
b496d0a29.jpg,False,False,True,False,False,1,3
b49abc34a.jpg,False,False,False,False,True,0,none
b49b2a0ee.jpg,False,False,False,False,True,0,none
b4a2c233f.jpg,False,False,False,False,True,0,none
b4aa8dbf0.jpg,False,False,True,False,False,1,3
b4ad3aac5.jpg,False,False,False,False,True,0,none
b4af2291e.jpg,False,False,False,False,True,0,none
b4af4e1ff.jpg,False,False,False,False,True,0,none
b4b21055e.jpg,False,False,False,False,True,0,none
b4b5c6a86.jpg,True,False,False,False,False,1,1
b4b6a1104.jpg,False,False,False,False,True,0,none
b4c2a01b6.jpg,False,False,False,False,True,0,none
b4c7a5a60.jpg,False,False,False,False,True,0,none
b4c840216.jpg,False,False,False,False,True,0,none
b4cc410e5.jpg,False,False,False,False,True,0,none
b4cc6a4ed.jpg,False,False,True,False,False,1,3
b4d0843ed.jpg,False,False,False,False,True,0,none
b4d309794.jpg,False,False,True,False,False,1,3
b4d920147.jpg,False,False,True,False,False,1,3
b4efa00f7.jpg,False,False,True,False,False,1,3
b4efad45e.jpg,False,False,True,False,False,1,3
b4f5b36a3.jpg,False,False,False,False,True,0,none
b4fb938fd.jpg,False,False,True,False,False,1,3
b504ef19c.jpg,False,False,False,False,True,0,none
b509edc06.jpg,False,False,False,False,True,0,none
b50c7a02c.jpg,False,False,False,False,True,0,none
b51ceed06.jpg,False,False,False,False,True,0,none
b51e25392.jpg,False,False,True,False,False,1,3
b52933f82.jpg,False,False,True,False,False,1,3
b52d1fcd8.jpg,False,False,False,False,True,0,none
b5330d91e.jpg,False,False,False,False,True,0,none
b5352d213.jpg,False,False,True,False,False,1,3
b537ab3ce.jpg,False,False,True,False,False,1,3
b54038841.jpg,False,False,True,False,False,1,3
b54ede08d.jpg,False,False,False,False,True,0,none
b556cffd3.jpg,False,False,False,False,True,0,none
b559544b5.jpg,False,False,False,False,True,0,none
b55ffe803.jpg,False,False,True,False,False,1,3
b56726dee.jpg,False,False,False,False,True,0,none
b568146ec.jpg,False,False,True,False,False,1,3
b5696c8f3.jpg,False,False,True,False,False,1,3
b56b55a7e.jpg,False,False,False,False,True,0,none
b56de2940.jpg,False,False,True,False,False,1,3
b56eaf11d.jpg,False,False,False,False,True,0,none
b5730acdd.jpg,False,False,True,False,False,1,3
b57c00a3f.jpg,False,False,True,False,False,1,3
b57d15322.jpg,True,False,False,False,False,1,1
b5804f43f.jpg,False,False,True,False,False,1,3
b58132808.jpg,False,False,True,False,False,1,3
b5867dc30.jpg,False,False,True,False,False,1,3
b5931c369.jpg,False,False,False,False,True,0,none
b5940545e.jpg,False,False,False,False,True,0,none
b595566b3.jpg,True,True,False,False,False,2,1+2
b5967f1ce.jpg,False,False,False,True,False,1,4
b5ab2fdda.jpg,False,False,False,False,True,0,none
b5ab7a42f.jpg,False,False,True,False,False,1,3
b5ad8fb0f.jpg,False,False,False,False,True,0,none
b5b48f9f3.jpg,False,False,True,False,False,1,3
b5b5e513b.jpg,False,False,True,False,False,1,3
b5b6de778.jpg,True,False,False,False,False,1,1
b5b99c878.jpg,False,False,True,True,False,2,3+4
b5cba8cac.jpg,False,False,True,False,False,1,3
b5cda37bc.jpg,False,False,True,False,False,1,3
b5cdb72ff.jpg,False,False,True,False,False,1,3
b5d029fdf.jpg,False,False,False,False,True,0,none
b5d9dfe6d.jpg,False,False,True,False,False,1,3
b5df32617.jpg,False,False,False,False,True,0,none
b5e275395.jpg,False,False,False,False,True,0,none
b5e9007e5.jpg,False,False,False,False,True,0,none
b5ea96cf7.jpg,False,False,False,False,True,0,none
b5f23c960.jpg,False,False,False,False,True,0,none
b5f7a1627.jpg,False,False,False,False,True,0,none
b6098bce0.jpg,False,False,False,False,True,0,none
b612e5812.jpg,False,False,False,True,False,1,4
b613acfb7.jpg,False,False,True,False,False,1,3
b619085bc.jpg,False,False,False,False,True,0,none
b62d34440.jpg,False,False,True,False,False,1,3
b63488e9d.jpg,False,False,True,False,False,1,3
b641f8ae5.jpg,False,False,True,False,False,1,3
b646b6038.jpg,False,False,False,True,False,1,4
b64b9969e.jpg,False,False,True,True,False,2,3+4
b64e18b92.jpg,True,False,True,False,False,2,1+3
b64f0985f.jpg,False,False,True,False,False,1,3
b657c7ed4.jpg,True,False,False,False,False,1,1
b658e6c9f.jpg,False,False,True,False,False,1,3
b662b5b00.jpg,False,False,False,False,True,0,none
b664c557f.jpg,False,False,False,False,True,0,none
b6656880b.jpg,False,False,True,False,False,1,3
b66721b1f.jpg,False,False,True,False,False,1,3
b66e31dfb.jpg,True,False,False,False,False,1,1
b66e36656.jpg,False,False,True,False,False,1,3
b67f8ad07.jpg,False,False,False,False,True,0,none
b67f8e63f.jpg,False,False,False,False,True,0,none
b682bfafd.jpg,False,False,False,True,False,1,4
b687a4580.jpg,False,False,False,False,True,0,none
b688d23eb.jpg,False,False,False,False,True,0,none
b68a9259a.jpg,False,False,True,True,False,2,3+4
b68ac5910.jpg,False,False,False,True,False,1,4
b68b3a262.jpg,False,False,True,False,False,1,3
b68b9258c.jpg,False,False,True,False,False,1,3
b68c2531c.jpg,False,False,True,False,False,1,3
b68c95b87.jpg,False,False,True,False,False,1,3
b695035c7.jpg,False,False,False,False,True,0,none
b69920a15.jpg,False,False,True,False,False,1,3
b69aaf096.jpg,False,False,True,False,False,1,3
b69d1ed6a.jpg,False,False,True,False,False,1,3
b69d73277.jpg,False,False,False,False,True,0,none
b69f4f03c.jpg,False,False,False,False,True,0,none
b6a257b28.jpg,False,True,False,False,False,1,2
b6a5c7a5b.jpg,False,False,False,True,False,1,4
b6a5f38fa.jpg,False,False,False,False,True,0,none
b6b66ca8c.jpg,False,False,True,False,False,1,3
b6c0a38e9.jpg,False,False,True,False,False,1,3
b6c567b64.jpg,False,False,True,False,False,1,3
b6c7c2cb9.jpg,False,False,False,False,True,0,none
b6d3f2485.jpg,False,False,False,False,True,0,none
b6d6d52ac.jpg,False,False,True,False,False,1,3
b6d964955.jpg,False,False,True,False,False,1,3
b6db869b7.jpg,False,False,False,False,True,0,none
b6e3b8a8c.jpg,False,False,False,False,True,0,none
b6f5f2414.jpg,False,False,True,False,False,1,3
b6f61c6b0.jpg,False,False,False,True,False,1,4
b6fc52f4e.jpg,False,False,True,False,False,1,3
b6fdc1d5e.jpg,False,False,True,False,False,1,3
b707e8c7b.jpg,False,False,False,False,True,0,none
b708523c7.jpg,False,False,False,False,True,0,none
b70e904f7.jpg,False,False,True,False,False,1,3
b712be0ba.jpg,False,False,False,False,True,0,none
b7155ddaf.jpg,False,False,False,False,True,0,none
b719010ac.jpg,False,False,True,False,False,1,3
b71af94cb.jpg,False,False,False,False,True,0,none
b71ee7bd0.jpg,False,False,False,True,False,1,4
b722f7475.jpg,False,False,False,False,True,0,none
b724e0d0e.jpg,False,False,False,False,True,0,none
b72d341bf.jpg,False,False,True,False,False,1,3
b731b33db.jpg,False,False,False,False,True,0,none
b732ea1f3.jpg,False,False,True,False,False,1,3
b733d1672.jpg,False,False,True,True,False,2,3+4
b754c1efe.jpg,True,False,False,False,False,1,1
b7688a29f.jpg,False,False,False,False,True,0,none
b76bbb3cf.jpg,True,False,False,False,False,1,1
b77466d80.jpg,False,False,False,False,True,0,none
b778a2a3e.jpg,False,False,False,False,True,0,none
b782bd738.jpg,False,False,False,False,True,0,none
b78629be2.jpg,False,False,True,False,False,1,3
b7871011a.jpg,True,False,False,False,False,1,1
b78ea8d16.jpg,False,False,False,False,True,0,none
b7982b7d8.jpg,False,False,True,False,False,1,3
b799d56cd.jpg,False,False,True,False,False,1,3
b79a0d30f.jpg,False,False,True,True,False,2,3+4
b79c520bb.jpg,False,False,False,False,True,0,none
b7a1d89ae.jpg,False,False,True,False,False,1,3
b7a2b2275.jpg,False,False,True,False,False,1,3
b7b29537e.jpg,False,False,False,True,False,1,4
b7b6fd4ed.jpg,False,False,True,False,False,1,3
b7be0627c.jpg,False,False,False,False,True,0,none
b7cd8e6f3.jpg,False,False,False,False,True,0,none
b7d19b506.jpg,True,False,False,False,False,1,1
b7dab02ec.jpg,False,False,True,False,False,1,3
b7dd1204a.jpg,False,False,False,False,True,0,none
b7df222b1.jpg,False,False,True,False,False,1,3
b7e06286b.jpg,False,False,False,False,True,0,none
b7e50e93e.jpg,False,False,False,False,True,0,none
b7e90de47.jpg,False,False,True,False,False,1,3
b7ec604f7.jpg,False,False,True,False,False,1,3
b7f1c1eea.jpg,False,False,False,False,True,0,none
b7f1eee15.jpg,False,False,False,False,True,0,none
b7f84836b.jpg,False,False,True,False,False,1,3
b7fd1f63b.jpg,True,False,False,False,False,1,1
b8031073a.jpg,False,False,False,False,True,0,none
b833028fe.jpg,False,False,False,False,True,0,none
b83d7659f.jpg,False,False,False,False,True,0,none
b845c99d9.jpg,False,False,True,False,False,1,3
b845ef149.jpg,False,False,True,False,False,1,3
b852c3232.jpg,False,False,False,False,True,0,none
b8576af47.jpg,False,False,True,False,False,1,3
b859b9175.jpg,False,False,False,False,True,0,none
b862a5d9f.jpg,False,False,False,False,True,0,none
b8642bd0a.jpg,False,False,True,False,False,1,3
b868c43ca.jpg,False,False,True,False,False,1,3
b86c963d6.jpg,False,False,True,True,False,2,3+4
b87571cc4.jpg,False,False,True,False,False,1,3
b87a1d850.jpg,False,False,True,False,False,1,3
b87c9b9b4.jpg,False,False,False,False,True,0,none
b881357b7.jpg,False,False,True,False,False,1,3
b8934c87d.jpg,False,False,False,False,True,0,none
b89490249.jpg,False,False,True,False,False,1,3
b895d1213.jpg,False,False,True,False,False,1,3
b89d58ef2.jpg,False,False,True,True,False,2,3+4
b8a315e5d.jpg,False,False,False,False,True,0,none
b8a69919f.jpg,False,True,False,False,False,1,2
b8a7c74b3.jpg,False,False,True,False,False,1,3
b8a955c48.jpg,False,False,True,False,False,1,3
b8a9fb7d0.jpg,False,False,True,False,False,1,3
b8ae3032c.jpg,False,False,False,False,True,0,none
b8b03dcfe.jpg,False,False,True,False,False,1,3
b8b4d7133.jpg,False,False,False,True,False,1,4
b8b5ed4d0.jpg,False,False,True,True,False,2,3+4
b8ba151b1.jpg,False,False,True,False,False,1,3
b8be43898.jpg,False,False,True,False,False,1,3
b8c07feb2.jpg,False,False,False,False,True,0,none
b8cfc82f8.jpg,False,False,False,False,True,0,none
b8d2805f9.jpg,False,False,True,False,False,1,3
b8eadd5bf.jpg,False,False,True,False,False,1,3
b8ef73f38.jpg,False,False,False,False,True,0,none
b8f1c53e2.jpg,True,False,False,False,False,1,1
b8f684e65.jpg,False,False,True,False,False,1,3
b8fc355a4.jpg,False,False,False,False,True,0,none
b9071870c.jpg,False,False,False,False,True,0,none
b90e286a5.jpg,True,False,False,False,False,1,1
b90f74ebe.jpg,False,False,True,False,False,1,3
b913b77cc.jpg,False,False,True,False,False,1,3
b925ef3b7.jpg,True,False,False,False,False,1,1
b93118acc.jpg,False,False,True,False,False,1,3
b9320e568.jpg,False,False,False,False,True,0,none
b933f4591.jpg,False,False,True,False,False,1,3
b93a72d17.jpg,False,False,False,False,True,0,none
b93cc6719.jpg,False,False,True,False,False,1,3
b93f5fdc0.jpg,False,False,True,False,False,1,3
b941e37d2.jpg,False,False,False,True,False,1,4
b941eeaa7.jpg,False,False,True,False,False,1,3
b949db636.jpg,False,False,True,False,False,1,3
b94f92e51.jpg,False,False,True,True,False,2,3+4
b9517e2e2.jpg,False,False,True,False,False,1,3
b954698ba.jpg,False,False,False,True,False,1,4
b95bf9f14.jpg,False,False,False,False,True,0,none
b95e49245.jpg,False,False,True,False,False,1,3
b95e709e6.jpg,False,False,False,False,True,0,none
b963c168c.jpg,False,True,False,False,False,1,2
b9752d783.jpg,False,False,True,False,False,1,3
b97e53bb3.jpg,False,False,False,False,True,0,none
b9888ed87.jpg,True,False,False,False,False,1,1
b98aee209.jpg,False,True,False,False,False,1,2
b98f3f3b7.jpg,False,False,True,False,False,1,3
b99b4abea.jpg,False,False,True,True,False,2,3+4
b9aa11e17.jpg,True,False,False,False,False,1,1
b9acd9a0f.jpg,False,False,False,False,True,0,none
b9b07c892.jpg,False,False,False,True,False,1,4
b9b3aaaea.jpg,False,False,False,False,True,0,none
b9b3b12aa.jpg,False,True,False,False,False,1,2
b9b5cb6f5.jpg,True,False,False,False,False,1,1
b9bef4fe1.jpg,False,False,True,False,False,1,3
b9ca31b9c.jpg,False,False,False,False,True,0,none
b9ca7f9f9.jpg,False,False,False,False,True,0,none
b9d6356b4.jpg,False,False,False,False,True,0,none
b9d8a4502.jpg,False,False,False,False,True,0,none
b9dbbf8ac.jpg,False,False,True,False,False,1,3
b9def70a3.jpg,False,False,False,False,True,0,none
b9e47cf86.jpg,False,False,True,False,False,1,3
b9f4d70ec.jpg,False,False,False,False,True,0,none
b9f5fe198.jpg,False,False,False,True,False,1,4
b9f8d4019.jpg,False,False,False,False,True,0,none
b9f8dffba.jpg,False,False,True,False,False,1,3
b9fa8b135.jpg,True,False,False,False,False,1,1
b9fc6b359.jpg,False,False,False,True,False,1,4
ba027ff62.jpg,False,False,True,False,False,1,3
ba0c890a2.jpg,False,False,True,False,False,1,3
ba0e69f45.jpg,False,True,False,False,False,1,2
ba11c9dc3.jpg,False,False,True,False,False,1,3
ba12ba223.jpg,False,False,False,False,True,0,none
ba1500f6f.jpg,False,False,False,False,True,0,none
ba1848fc8.jpg,False,False,False,False,True,0,none
ba1b1787f.jpg,False,False,False,False,True,0,none
ba1ce59a8.jpg,False,False,True,False,False,1,3
ba1d5f5b5.jpg,False,False,False,False,True,0,none
ba26aaf35.jpg,False,False,False,False,True,0,none
ba3358802.jpg,False,False,False,False,True,0,none
ba369b556.jpg,False,False,False,False,True,0,none
ba3cdb064.jpg,False,False,True,False,False,1,3
ba3fd31de.jpg,False,False,True,False,False,1,3
ba4008245.jpg,False,False,True,False,False,1,3
ba4284649.jpg,False,False,False,True,False,1,4
ba47ceeec.jpg,False,False,False,False,True,0,none
ba4ac3636.jpg,False,False,True,True,False,2,3+4
ba54b162d.jpg,False,False,True,False,False,1,3
ba5b942fd.jpg,False,False,False,False,True,0,none
ba5e54030.jpg,False,False,False,False,True,0,none
ba61430df.jpg,False,False,False,False,True,0,none
ba6e09636.jpg,False,False,False,False,True,0,none
ba7ed19b3.jpg,False,False,True,False,False,1,3
ba8a923fa.jpg,False,False,False,False,True,0,none
ba9f5bb00.jpg,False,False,False,False,True,0,none
baa040ac6.jpg,False,False,False,False,True,0,none
baa5a076a.jpg,False,False,False,False,True,0,none
baa9d44b3.jpg,False,False,True,False,False,1,3
bab5271b6.jpg,True,False,True,False,False,2,1+3
baba8612a.jpg,False,False,True,False,False,1,3
babc63c5b.jpg,False,False,True,False,False,1,3
babc99f0c.jpg,True,False,True,False,False,2,1+3
babdf889d.jpg,False,False,False,False,True,0,none
bac478920.jpg,False,False,False,False,True,0,none
bac68f2c3.jpg,False,False,True,False,False,1,3
baca6503a.jpg,False,False,False,True,False,1,4
bacb738d3.jpg,False,False,True,False,False,1,3
bacfd8fc8.jpg,False,False,True,False,False,1,3
badc586ae.jpg,False,False,True,False,False,1,3
badc94207.jpg,False,False,True,False,False,1,3
badd96385.jpg,False,False,False,True,False,1,4
bae2c9821.jpg,False,False,True,False,False,1,3
bae408bf0.jpg,False,False,False,False,True,0,none
bae58dc36.jpg,False,False,True,False,False,1,3
bae6afeb1.jpg,False,False,False,False,True,0,none
baeee87bf.jpg,False,False,False,False,True,0,none
bb01e08e4.jpg,False,False,True,False,False,1,3
bb0b18744.jpg,False,False,True,False,False,1,3
bb0f9bfcf.jpg,False,False,False,False,True,0,none
bb177c530.jpg,False,False,False,False,True,0,none
bb1977eed.jpg,False,False,False,True,False,1,4
bb1c6efac.jpg,False,False,True,False,False,1,3
bb21cd153.jpg,False,False,False,False,True,0,none
bb24cde95.jpg,False,False,True,False,False,1,3
bb25018fc.jpg,False,False,False,False,True,0,none
bb2975da4.jpg,False,False,True,False,False,1,3
bb3421ee8.jpg,False,True,False,False,False,1,2
bb352d01e.jpg,True,False,False,False,False,1,1
bb371f33d.jpg,False,False,True,False,False,1,3
bb43fd55f.jpg,False,False,False,False,True,0,none
bb47cc54c.jpg,False,False,False,False,True,0,none
bb4e89121.jpg,False,False,True,False,False,1,3
bb52ff5d9.jpg,False,False,False,False,True,0,none
bb5b38c31.jpg,False,False,False,False,True,0,none
bb5d32d98.jpg,False,False,False,True,False,1,4
bb646995d.jpg,False,False,False,False,True,0,none
bb65f4269.jpg,False,False,False,True,False,1,4
bb6c5d50f.jpg,False,False,True,False,False,1,3
bb6f86b58.jpg,False,False,False,False,True,0,none
bb6fe9479.jpg,False,False,False,False,True,0,none
bb7552176.jpg,False,False,False,False,True,0,none
bb765d50c.jpg,True,False,True,False,False,2,1+3
bb78033f6.jpg,False,False,False,False,True,0,none
bb830bb4a.jpg,False,False,False,False,True,0,none
bb9bfedfd.jpg,False,False,False,True,False,1,4
bba274c50.jpg,False,False,True,False,False,1,3
bba583ae1.jpg,False,False,False,True,False,1,4
bbae1c48a.jpg,False,False,True,False,False,1,3
bbaeed54e.jpg,False,False,False,True,False,1,4
bbafbaab3.jpg,False,False,True,False,False,1,3
bbb96273d.jpg,False,False,True,False,False,1,3
bbbfc8375.jpg,False,False,False,False,True,0,none
bbc220ad9.jpg,False,False,True,False,False,1,3
bbc246c1b.jpg,False,True,False,False,False,1,2
bbc81b646.jpg,False,False,True,True,False,2,3+4
bbcf45362.jpg,False,False,True,False,False,1,3
bbd1b8f11.jpg,False,False,True,False,False,1,3
bbd271bd8.jpg,False,False,False,False,True,0,none
bbd3d337f.jpg,True,False,False,False,False,1,1
bbd5080f6.jpg,False,False,False,False,True,0,none
bbde78fe1.jpg,True,False,False,False,False,1,1
bbe1b1724.jpg,False,False,False,False,True,0,none
bbe2a369a.jpg,False,False,False,False,True,0,none
bbe88f4c8.jpg,False,False,False,False,True,0,none
bbea91022.jpg,False,False,True,False,False,1,3
bbebbd412.jpg,False,False,True,False,False,1,3
bbec1ee47.jpg,False,False,True,False,False,1,3
bbef58539.jpg,False,False,True,False,False,1,3
bbf5db291.jpg,False,False,False,False,True,0,none
bbf8b7ad8.jpg,False,False,True,False,False,1,3
bbfd791f8.jpg,False,False,False,False,True,0,none
bbfdbc490.jpg,False,False,True,False,False,1,3
bbff17cbf.jpg,False,False,True,False,False,1,3
bc0071fd2.jpg,False,False,True,True,False,2,3+4
bc0a90164.jpg,False,False,False,True,False,1,4
bc12102b8.jpg,False,False,False,False,True,0,none
bc136ed5c.jpg,False,False,True,False,False,1,3
bc138a5ee.jpg,False,False,False,False,True,0,none
bc2185ce3.jpg,False,False,False,False,True,0,none
bc21fab1b.jpg,False,False,False,False,True,0,none
bc23335bc.jpg,False,False,True,False,False,1,3
bc23b3e0f.jpg,False,False,False,False,True,0,none
bc2756713.jpg,False,False,True,False,False,1,3
bc29db83a.jpg,False,False,False,False,True,0,none
bc2a7a375.jpg,False,False,False,False,True,0,none
bc395145e.jpg,False,False,True,False,False,1,3
bc3c8163e.jpg,False,False,True,False,False,1,3
bc486ffb1.jpg,False,False,False,False,True,0,none
bc4dd700c.jpg,False,False,False,False,True,0,none
bc4f8527a.jpg,False,False,False,False,True,0,none
bc5caa66d.jpg,False,False,False,False,True,0,none
bc623fb4e.jpg,False,False,False,False,True,0,none
bc64a47ef.jpg,False,False,False,False,True,0,none
bc67d17de.jpg,False,False,True,False,False,1,3
bc68e0820.jpg,False,False,False,False,True,0,none
bc72a7548.jpg,False,False,True,False,False,1,3
bc73f75a5.jpg,True,False,False,False,False,1,1
bc746015b.jpg,False,False,False,False,True,0,none
bc751c15d.jpg,False,True,False,False,False,1,2
bc7ce8f4d.jpg,True,False,False,False,False,1,1
bc7f3ef1c.jpg,False,False,False,False,True,0,none
bc9e35c07.jpg,False,False,True,False,False,1,3
bc9e986b3.jpg,False,False,False,False,True,0,none
bca4ae758.jpg,True,False,False,False,False,1,1
bca9c5489.jpg,False,False,True,False,False,1,3
bcafc5791.jpg,False,False,False,False,True,0,none
bcb794eed.jpg,False,False,True,False,False,1,3
bcbdbf3ac.jpg,False,False,False,False,True,0,none
bcbf6b185.jpg,False,False,False,False,True,0,none
bcbf7a4ab.jpg,False,False,False,False,True,0,none
bcc4f678a.jpg,False,False,True,False,False,1,3
bcd819a3b.jpg,False,False,False,False,True,0,none
bcda255e8.jpg,False,False,False,False,True,0,none
bce091bac.jpg,False,False,False,True,False,1,4
bce9bf82d.jpg,False,False,True,False,False,1,3
bceeb4256.jpg,False,False,True,False,False,1,3
bcef3582e.jpg,False,False,True,False,False,1,3
bcf5dc58c.jpg,False,False,False,False,True,0,none
bd01b8daf.jpg,False,False,True,True,False,2,3+4
bd02a666e.jpg,False,False,False,False,True,0,none
bd09cf79b.jpg,False,False,False,False,True,0,none
bd0e26062.jpg,False,False,True,False,False,1,3
bd1d00d38.jpg,False,False,True,False,False,1,3
bd1e7ea2d.jpg,True,False,False,False,False,1,1
bd2366c49.jpg,False,False,False,False,True,0,none
bd23fafce.jpg,False,False,False,False,True,0,none
bd343c6f7.jpg,False,False,True,False,False,1,3
bd3e08bae.jpg,False,False,False,False,True,0,none
bd411a664.jpg,False,False,False,False,True,0,none
bd4957b80.jpg,False,False,False,True,False,1,4
bd51cf4b6.jpg,False,False,False,False,True,0,none
bd54aaaea.jpg,False,False,True,False,False,1,3
bd5aeaa60.jpg,False,False,False,False,True,0,none
bd5c85ced.jpg,False,False,False,False,True,0,none
bd5cc7d1b.jpg,False,False,False,False,True,0,none
bd5ef89dc.jpg,False,False,False,False,True,0,none
bd60e8f14.jpg,False,False,False,False,True,0,none
bd6298d4f.jpg,False,False,True,False,False,1,3
bd66a6e69.jpg,False,False,True,False,False,1,3
bd680c39b.jpg,False,False,False,False,True,0,none
bd697eec9.jpg,False,False,False,False,True,0,none
bd6a86721.jpg,False,False,False,False,True,0,none
bd70c4b99.jpg,False,False,True,False,False,1,3
bd77f2c37.jpg,False,False,True,False,False,1,3
bd794618f.jpg,False,False,True,False,False,1,3
bd8556ab8.jpg,True,False,False,False,False,1,1
bd8860de4.jpg,False,False,False,False,True,0,none
bd894f161.jpg,False,False,False,False,True,0,none
bd8e1d238.jpg,False,False,False,False,True,0,none
bd967bd29.jpg,False,False,True,True,False,2,3+4
bd99469d2.jpg,False,False,True,False,False,1,3
bd9e49b45.jpg,False,False,False,False,True,0,none
bda7b8a7e.jpg,False,False,False,False,True,0,none
bda954cd8.jpg,False,False,False,False,True,0,none
bdac05a8c.jpg,False,False,False,False,True,0,none
bdae09f43.jpg,False,False,False,False,True,0,none
bdae6df7b.jpg,False,False,False,False,True,0,none
bdafa8bf2.jpg,False,False,False,False,True,0,none
bdb24ff3b.jpg,False,False,True,False,False,1,3
bdb31300b.jpg,False,False,True,True,False,2,3+4
bdb473db4.jpg,False,False,False,False,True,0,none
bdbf5535f.jpg,False,False,True,False,False,1,3
bdc4fe767.jpg,False,False,True,False,False,1,3
bdc5e666b.jpg,False,False,False,False,True,0,none
bdc800e05.jpg,False,False,False,False,True,0,none
bdcc4b222.jpg,False,False,False,False,True,0,none
bdce84e23.jpg,False,False,True,False,False,1,3
bdd1c7fa8.jpg,False,False,True,False,False,1,3
bdd265724.jpg,False,False,True,False,False,1,3
bdd8d2739.jpg,False,False,False,False,True,0,none
bde16c127.jpg,False,False,False,False,True,0,none
bde2a33eb.jpg,False,False,False,True,False,1,4
bde6d9e50.jpg,False,False,True,False,False,1,3
bdee0e677.jpg,False,False,True,False,False,1,3
bdeee2086.jpg,False,False,True,False,False,1,3
bdf2e7b93.jpg,False,False,False,False,True,0,none
bdf3ca236.jpg,False,False,False,False,True,0,none
bdfa2974d.jpg,False,False,True,False,False,1,3
bdff0aefc.jpg,False,False,True,False,False,1,3
be04fa57f.jpg,True,False,False,False,False,1,1
be10893b2.jpg,False,False,False,False,True,0,none
be13b4853.jpg,False,False,True,False,False,1,3
be1e1cb10.jpg,True,False,False,False,False,1,1
be1e3408f.jpg,False,False,True,False,False,1,3
be2216e98.jpg,False,False,True,False,False,1,3
be2442d87.jpg,False,False,False,False,True,0,none
be3b49756.jpg,False,False,True,True,False,2,3+4
be3d5d136.jpg,False,False,False,False,True,0,none
be3f5118b.jpg,False,False,False,False,True,0,none
be4279ae1.jpg,False,False,True,False,False,1,3
be447691b.jpg,False,False,True,False,False,1,3
be4f811a7.jpg,False,False,False,False,True,0,none
be53ca411.jpg,False,False,False,False,True,0,none
be59e708c.jpg,False,False,False,False,True,0,none
be65d7bb7.jpg,False,False,True,False,False,1,3
be6a4a1d1.jpg,False,False,False,False,True,0,none
be6c49e45.jpg,False,False,True,False,False,1,3
be783de55.jpg,False,False,False,False,True,0,none
be8e28587.jpg,False,False,False,False,True,0,none
be9bac1d9.jpg,False,False,False,False,True,0,none
bea606041.jpg,True,False,False,False,False,1,1
bea7ff137.jpg,False,False,True,False,False,1,3
bea834c94.jpg,False,False,True,True,False,2,3+4
beb14dec4.jpg,False,False,False,False,True,0,none
bebb35a5e.jpg,False,False,True,True,False,2,3+4
bec23c703.jpg,False,False,False,False,True,0,none
bec57156d.jpg,False,False,False,False,True,0,none
bec64003f.jpg,False,False,True,False,False,1,3
becac1d9b.jpg,False,False,False,False,True,0,none
bedfbcf7b.jpg,False,False,True,False,False,1,3
bedff6112.jpg,False,False,False,False,True,0,none
bee1352f9.jpg,False,False,False,False,True,0,none
bee2f16b2.jpg,False,True,False,False,False,1,2
bef7c621e.jpg,False,False,False,False,True,0,none
bf02703ff.jpg,False,False,False,False,True,0,none
bf0c81db6.jpg,False,False,True,True,False,2,3+4
bf1005177.jpg,False,False,False,False,True,0,none
bf1683fdd.jpg,False,False,False,False,True,0,none
bf24a03ac.jpg,False,False,True,False,False,1,3
bf281e816.jpg,False,False,False,False,True,0,none
bf28ecdb5.jpg,False,False,False,False,True,0,none
bf295a8e9.jpg,False,False,True,False,False,1,3
bf3431728.jpg,False,False,True,False,False,1,3
bf3bea2f0.jpg,False,False,False,False,True,0,none
bf3d21ec7.jpg,False,False,True,False,False,1,3
bf3db21e9.jpg,False,False,True,False,False,1,3
bf49c40f4.jpg,False,False,True,False,False,1,3
bf541d182.jpg,False,False,False,False,True,0,none
bf5502c1c.jpg,False,False,True,False,False,1,3
bf5e1ed13.jpg,False,True,False,False,False,1,2
bf6be1910.jpg,False,False,True,False,False,1,3
bf740c1e2.jpg,False,False,True,False,False,1,3
bf828b30d.jpg,False,False,True,True,False,2,3+4
bf83e7037.jpg,False,False,True,False,False,1,3
bf96d0602.jpg,False,False,True,False,False,1,3
bf9b21859.jpg,False,False,True,False,False,1,3
bf9ec9501.jpg,False,False,False,False,True,0,none
bf9fbfaf7.jpg,False,False,False,False,True,0,none
bfa13f841.jpg,False,False,False,False,True,0,none
bfa17327e.jpg,False,False,True,False,False,1,3
bfa249587.jpg,False,False,True,False,False,1,3
bfaa6cae6.jpg,False,False,False,True,False,1,4
bfab9345f.jpg,False,False,True,False,False,1,3
bfaf69bd5.jpg,False,False,True,False,False,1,3
bfb064127.jpg,False,False,True,False,False,1,3
bfb1c6139.jpg,False,False,False,False,True,0,none
bfbdc381c.jpg,False,False,False,False,True,0,none
bfbf7dc87.jpg,False,False,False,False,True,0,none
bfc087920.jpg,False,False,False,False,True,0,none
bfc38d5ba.jpg,False,False,False,False,True,0,none
bfc738650.jpg,False,False,False,True,False,1,4
bfc7f2dfa.jpg,False,False,False,False,True,0,none
bfc82bcbd.jpg,False,False,True,False,False,1,3
bfcffb683.jpg,False,False,True,False,False,1,3
bfd00e92b.jpg,False,False,False,False,True,0,none
bfd24be30.jpg,True,False,True,False,False,2,1+3
bfd38637f.jpg,False,False,False,True,False,1,4
bfd56c3d2.jpg,False,False,True,False,False,1,3
bfd7696b4.jpg,False,False,False,False,True,0,none
bfd7ecfe9.jpg,False,False,True,False,False,1,3
bfd93cc8c.jpg,False,False,True,False,False,1,3
bfe025097.jpg,False,False,True,False,False,1,3
bfe1815d5.jpg,True,False,False,False,False,1,1
bfe627357.jpg,False,False,False,False,True,0,none
bfe812911.jpg,False,False,False,False,True,0,none
bff6601a3.jpg,False,False,False,False,True,0,none
bff6cdfad.jpg,False,True,True,False,False,2,2+3
bff7d63af.jpg,False,False,True,False,False,1,3
bffbff9ee.jpg,False,False,False,False,True,0,none
c0065dcab.jpg,False,False,True,False,False,1,3
c01fd972f.jpg,False,False,True,False,False,1,3
c0292e072.jpg,False,False,False,False,True,0,none
c030db0ad.jpg,False,False,False,False,True,0,none
c038c0588.jpg,False,False,True,False,False,1,3
c03aa5c4a.jpg,False,False,False,False,True,0,none
c03eafbd8.jpg,False,False,False,False,True,0,none
c048dbdc5.jpg,False,False,True,False,False,1,3
c04aa9618.jpg,False,False,False,False,True,0,none
c04ac576d.jpg,False,False,True,False,False,1,3
c04b0d160.jpg,False,False,True,False,False,1,3
c05799ac4.jpg,False,False,True,False,False,1,3
c057d7bc1.jpg,False,False,True,False,False,1,3
c0598f956.jpg,False,False,True,False,False,1,3
c05e59fa6.jpg,False,False,False,False,True,0,none
c05ffed36.jpg,False,False,False,False,True,0,none
c064a385e.jpg,False,False,False,False,True,0,none
c07ab074e.jpg,False,False,False,False,True,0,none
c07b4a53e.jpg,False,False,True,False,False,1,3
c081bd8c5.jpg,False,False,True,False,False,1,3
c084838d5.jpg,False,False,False,True,False,1,4
c08abccb0.jpg,False,False,False,False,True,0,none
c08bdfa3c.jpg,False,False,False,False,True,0,none
c097a0af1.jpg,False,False,True,False,False,1,3
c098f8eff.jpg,False,False,False,False,True,0,none
c0a428ebb.jpg,False,False,False,False,True,0,none
c0b79eb26.jpg,False,False,False,False,True,0,none
c0be19adf.jpg,False,False,True,False,False,1,3
c0cab7860.jpg,False,False,False,False,True,0,none
c0ceecd96.jpg,False,False,True,False,False,1,3
c0d04c74f.jpg,False,False,True,False,False,1,3
c0d23ec4a.jpg,False,False,False,False,True,0,none
c0dee2521.jpg,False,False,True,False,False,1,3
c0e34b64b.jpg,True,False,False,False,False,1,1
c0e730a68.jpg,False,False,True,False,False,1,3
c0eb3a086.jpg,False,True,False,False,False,1,2
c10467a1f.jpg,False,False,True,False,False,1,3
c1102118f.jpg,False,False,False,False,True,0,none
c12842f5e.jpg,False,False,True,False,False,1,3
c12bbdec9.jpg,False,False,True,False,False,1,3
c12c90238.jpg,False,False,False,False,True,0,none
c130e2db0.jpg,False,False,False,False,True,0,none
c131d5030.jpg,False,False,True,False,False,1,3
c135aedee.jpg,False,False,True,False,False,1,3
c13a6a141.jpg,False,False,False,False,True,0,none
c1422b149.jpg,False,False,True,False,False,1,3
c1482dc0c.jpg,False,False,False,False,True,0,none
c148b01b4.jpg,False,False,False,False,True,0,none
c14eabf41.jpg,True,False,False,False,False,1,1
c1583e292.jpg,False,False,True,False,False,1,3
c15b58daf.jpg,False,False,False,False,True,0,none
c15d5b333.jpg,True,False,False,False,False,1,1
c15deb6c0.jpg,False,False,True,False,False,1,3
c1601bb3b.jpg,False,False,False,False,True,0,none
c167117c8.jpg,False,False,True,False,False,1,3
c169ffecd.jpg,False,False,False,False,True,0,none
c16f9e03c.jpg,False,False,False,False,True,0,none
c17607edb.jpg,False,False,False,False,True,0,none
c177e4d14.jpg,False,False,False,False,True,0,none
c184f9f35.jpg,False,False,True,False,False,1,3
c18a0f128.jpg,False,False,False,False,True,0,none
c18e129a3.jpg,False,False,True,False,False,1,3
c191c77e1.jpg,False,False,False,False,True,0,none
c199d741a.jpg,False,True,False,False,False,1,2
c1a90e9c8.jpg,False,False,True,False,False,1,3
c1b035207.jpg,False,False,False,False,True,0,none
c1b52c5f9.jpg,False,False,False,False,True,0,none
c1c3651cc.jpg,False,False,True,False,False,1,3
c1c8a2312.jpg,False,False,False,False,True,0,none
c1ce86b24.jpg,False,False,False,False,True,0,none
c1e29d626.jpg,False,False,False,False,True,0,none
c1e621914.jpg,False,False,False,False,True,0,none
c1eb0477a.jpg,False,False,False,False,True,0,none
c1ee793b9.jpg,False,False,False,False,True,0,none
c1f0252de.jpg,False,False,True,False,False,1,3
c1f1011b0.jpg,False,False,False,True,False,1,4
c204673e4.jpg,False,False,True,False,False,1,3
c204bdd10.jpg,False,False,False,False,True,0,none
c20989bd4.jpg,False,False,True,False,False,1,3
c20b32738.jpg,False,False,True,False,False,1,3
c210d2e08.jpg,False,True,False,False,False,1,2
c2119dae2.jpg,False,False,False,False,True,0,none
c21755740.jpg,False,False,False,False,True,0,none
c21aeed3b.jpg,False,False,False,False,True,0,none
c21edfb97.jpg,True,False,False,False,False,1,1
c2234a956.jpg,False,False,False,False,True,0,none
c223d7b2e.jpg,False,False,True,False,False,1,3
c22accc84.jpg,True,False,False,False,False,1,1
c22c1ba7d.jpg,False,False,False,False,True,0,none
c22ead98c.jpg,False,False,True,False,False,1,3
c232eea0c.jpg,False,False,True,False,False,1,3
c23ac4775.jpg,False,False,False,False,True,0,none
c23ef14ee.jpg,False,False,True,False,False,1,3
c248ca201.jpg,False,False,True,False,False,1,3
c24caa9be.jpg,False,False,True,False,False,1,3
c24f45fd3.jpg,False,False,True,False,False,1,3
c2514d9c0.jpg,False,False,False,False,True,0,none
c2562fab2.jpg,False,False,False,False,True,0,none
c25e12747.jpg,False,False,True,False,False,1,3
c25e6b179.jpg,False,False,False,False,True,0,none
c262b89bb.jpg,False,False,False,False,True,0,none
c267ba17c.jpg,False,False,False,False,True,0,none
c26912861.jpg,False,False,True,False,False,1,3
c26f189f5.jpg,False,False,False,False,True,0,none
c26f7ab21.jpg,False,False,True,False,False,1,3
c27075976.jpg,False,False,False,True,False,1,4
c270e97fc.jpg,False,False,False,False,True,0,none
c2759d94e.jpg,True,False,False,False,False,1,1
c2760fc1a.jpg,False,False,True,True,False,2,3+4
c2798319f.jpg,False,False,False,False,True,0,none
c27abfe11.jpg,False,False,False,False,True,0,none
c27bf0c0e.jpg,False,False,False,False,True,0,none
c27ce861d.jpg,False,False,True,False,False,1,3
c27f43f5c.jpg,False,False,False,False,True,0,none
c27fcd22a.jpg,False,False,False,False,True,0,none
c293952c8.jpg,False,False,True,False,False,1,3
c2956fc84.jpg,False,False,False,False,True,0,none
c296dafca.jpg,False,False,False,False,True,0,none
c2a409a0b.jpg,False,False,True,False,False,1,3
c2a43c185.jpg,False,False,False,False,True,0,none
c2a4d7a03.jpg,False,False,False,False,True,0,none
c2acb1fd5.jpg,False,False,True,False,False,1,3
c2ad68694.jpg,False,False,True,False,False,1,3
c2afd0495.jpg,False,False,True,False,False,1,3
c2b446019.jpg,False,False,True,False,False,1,3
c2bc67c36.jpg,False,False,True,False,False,1,3
c2bce72b1.jpg,False,False,True,False,False,1,3
c2c5086dc.jpg,False,False,False,False,True,0,none
c2cff3176.jpg,False,False,False,False,True,0,none
c2d0a2e19.jpg,False,False,True,False,False,1,3
c2d1aece4.jpg,False,False,False,False,True,0,none
c2d2af726.jpg,False,False,False,False,True,0,none
c2d90ffc6.jpg,False,False,False,False,True,0,none
c2d93de82.jpg,False,False,False,False,True,0,none
c2eb19445.jpg,False,False,True,False,False,1,3
c2ee826a9.jpg,False,False,False,False,True,0,none
c303505d3.jpg,False,False,False,False,True,0,none
c30805f9e.jpg,False,False,True,False,False,1,3
c30ecf35c.jpg,False,False,False,False,True,0,none
c30efa47d.jpg,False,False,True,False,False,1,3
c314f43f3.jpg,False,False,True,True,False,2,3+4
c31982371.jpg,False,False,False,False,True,0,none
c319a0d11.jpg,False,False,True,True,False,2,3+4
c3206fb3c.jpg,False,False,True,True,False,2,3+4
c32d6a8c5.jpg,False,False,False,False,True,0,none
c32fb39d8.jpg,False,False,False,False,True,0,none
c330ba942.jpg,True,False,False,False,False,1,1
c33296732.jpg,False,False,True,False,False,1,3
c33c289a5.jpg,False,False,False,False,True,0,none
c33e20d0b.jpg,False,False,True,False,False,1,3
c3429572b.jpg,False,False,True,False,False,1,3
c34bf9bec.jpg,False,True,False,False,False,1,2
c34f14586.jpg,False,False,True,True,False,2,3+4
c34fc79b6.jpg,False,False,True,False,False,1,3
c3528b146.jpg,False,False,False,False,True,0,none
c357d41a1.jpg,False,False,True,False,False,1,3
c35fa49e2.jpg,True,True,False,False,False,2,1+2
c374f493e.jpg,False,False,False,False,True,0,none
c37633c03.jpg,False,False,True,False,False,1,3
c389100a5.jpg,True,False,True,False,False,2,1+3
c38ded308.jpg,False,False,False,False,True,0,none
c38e52b4a.jpg,False,False,True,False,False,1,3
c38f307dd.jpg,False,False,True,False,False,1,3
c39185609.jpg,False,False,False,False,True,0,none
c392baa9e.jpg,True,False,False,False,False,1,1
c3a1d6cd0.jpg,False,False,True,False,False,1,3
c3a2f51d0.jpg,False,False,True,False,False,1,3
c3a805375.jpg,False,False,False,False,True,0,none
c3a93c97a.jpg,False,False,True,False,False,1,3
c3bffce10.jpg,False,False,True,False,False,1,3
c3c091454.jpg,False,False,False,True,False,1,4
c3c2bebd8.jpg,False,False,False,False,True,0,none
c3c47c1c4.jpg,False,False,False,False,True,0,none
c3cae8972.jpg,False,False,True,False,False,1,3
c3cca00ed.jpg,False,False,False,False,True,0,none
c3d462329.jpg,False,False,False,False,True,0,none
c3d61db2f.jpg,False,False,False,False,True,0,none
c3d7412a0.jpg,False,False,True,False,False,1,3
c3dc05f58.jpg,False,False,True,False,False,1,3
c3e823e83.jpg,False,False,False,False,True,0,none
c3ee7a878.jpg,True,False,False,False,False,1,1
c3fc438be.jpg,False,False,False,False,True,0,none
c3ff1a7cd.jpg,False,False,True,False,False,1,3
c3ff6937c.jpg,True,False,False,False,False,1,1
c4042c9f4.jpg,False,False,False,False,True,0,none
c404df4f4.jpg,False,False,True,False,False,1,3
c40a05198.jpg,False,False,True,False,False,1,3
c414ca6fe.jpg,False,False,False,False,True,0,none
c41ca6add.jpg,False,False,False,False,True,0,none
c42076330.jpg,False,False,True,False,False,1,3
c4260033a.jpg,False,False,False,False,True,0,none
c42cd4f38.jpg,False,False,False,False,True,0,none
c42e40dd9.jpg,False,False,False,False,True,0,none
c4370b942.jpg,False,False,True,False,False,1,3
c4373a6ad.jpg,False,False,True,False,False,1,3
c43fb168b.jpg,False,False,False,False,True,0,none
c44015e28.jpg,False,False,True,False,False,1,3
c446fae7d.jpg,False,False,False,False,True,0,none
c44784905.jpg,False,False,True,True,False,2,3+4
c448a41ee.jpg,True,False,True,False,False,2,1+3
c44c93192.jpg,False,False,True,False,False,1,3
c4562eb61.jpg,False,False,False,False,True,0,none
c45c92aa2.jpg,False,False,True,False,False,1,3
c45da738a.jpg,False,False,True,False,False,1,3
c46065903.jpg,False,False,False,True,False,1,4
c4628d422.jpg,False,False,False,False,True,0,none
c46bd8459.jpg,False,False,True,False,False,1,3
c479762d3.jpg,False,False,False,False,True,0,none
c480b0e1a.jpg,False,False,False,False,True,0,none
c48774b2c.jpg,False,False,False,False,True,0,none
c487b1ce1.jpg,False,False,True,False,False,1,3
c495e234e.jpg,False,False,True,False,False,1,3
c49d3da1b.jpg,False,False,True,True,False,2,3+4
c4a074066.jpg,False,False,True,False,False,1,3
c4aa31fcb.jpg,False,False,False,False,True,0,none
c4aeca424.jpg,False,False,True,False,False,1,3
c4c004e9d.jpg,False,False,False,False,True,0,none
c4c5b8e2a.jpg,False,False,True,False,False,1,3
c4cde08c3.jpg,False,False,False,False,True,0,none
c4d0af8e1.jpg,False,False,True,False,False,1,3
c4d13072d.jpg,True,False,False,False,False,1,1
c4d5657bc.jpg,False,False,True,False,False,1,3
c4dc92ef9.jpg,False,False,True,True,False,2,3+4
c4dd4b18b.jpg,False,False,False,False,True,0,none
c4ec6b06f.jpg,False,False,False,False,True,0,none
c4ec74d18.jpg,False,False,False,False,True,0,none
c4f5ebbb2.jpg,False,False,False,True,False,1,4
c4fc6bbdc.jpg,False,False,False,False,True,0,none
c5054fd93.jpg,False,False,True,False,False,1,3
c5094dee9.jpg,False,False,False,False,True,0,none
c50fd5e7b.jpg,False,False,False,False,True,0,none
c51011137.jpg,False,False,True,False,False,1,3
c515ddabf.jpg,False,False,True,False,False,1,3
c51fb3d88.jpg,False,False,True,False,False,1,3
c521c444d.jpg,False,False,False,False,True,0,none
c528593e7.jpg,False,False,False,False,True,0,none
c53423923.jpg,False,False,True,False,False,1,3
c53577f91.jpg,False,False,False,False,True,0,none
c53999687.jpg,False,False,False,False,True,0,none
c539c7336.jpg,False,False,True,False,False,1,3
c5406794b.jpg,False,False,False,False,True,0,none
c543e902b.jpg,False,False,True,False,False,1,3
c5452c0c8.jpg,False,False,False,False,True,0,none
c54db71af.jpg,False,False,False,True,False,1,4
c54ee8ab4.jpg,False,False,False,False,True,0,none
c54f5ce35.jpg,False,False,False,False,True,0,none
c55802a79.jpg,False,False,True,False,False,1,3
c5615e977.jpg,False,False,True,False,False,1,3
c569ca145.jpg,False,False,False,False,True,0,none
c56a476af.jpg,False,False,False,False,True,0,none
c56baaa61.jpg,False,False,True,False,False,1,3
c56e3ffcb.jpg,False,False,True,False,False,1,3
c571c7c32.jpg,True,False,False,False,False,1,1
c57607580.jpg,False,False,True,False,False,1,3
c579d8413.jpg,False,False,True,False,False,1,3
c58d3772f.jpg,False,False,False,False,True,0,none
c594616c8.jpg,False,False,False,False,True,0,none
c59b8a59a.jpg,False,False,False,True,False,1,4
c59bddadd.jpg,False,False,False,False,True,0,none
c59c7f789.jpg,False,False,False,True,False,1,4
c5a2172a9.jpg,True,False,False,False,False,1,1
c5a41d53c.jpg,False,False,True,False,False,1,3
c5a43f4e1.jpg,False,False,True,False,False,1,3
c5a65a795.jpg,False,False,True,False,False,1,3
c5a76e581.jpg,False,False,False,False,True,0,none
c5af9872c.jpg,False,False,True,False,False,1,3
c5b08d4e3.jpg,False,False,True,True,False,2,3+4
c5b0cfd34.jpg,False,False,False,False,True,0,none
c5b83f5b3.jpg,False,False,False,False,True,0,none
c5b9dccf7.jpg,False,False,True,False,False,1,3
c5c88f5ee.jpg,False,False,False,False,True,0,none
c5cd270f2.jpg,False,False,False,True,False,1,4
c5cf9f24e.jpg,False,False,False,False,True,0,none
c5d7c08da.jpg,False,False,False,False,True,0,none
c5d85e8ec.jpg,False,False,False,False,True,0,none
c5da9e8c7.jpg,False,False,False,True,False,1,4
c5dbdf433.jpg,False,False,True,False,False,1,3
c5e2b8fff.jpg,False,False,True,False,False,1,3
c5e69fd8f.jpg,False,False,True,False,False,1,3
c5ee627e2.jpg,False,False,True,False,False,1,3
c5f863ce3.jpg,False,False,False,False,True,0,none
c5f88471b.jpg,True,False,False,False,False,1,1
c5fa2923b.jpg,False,False,True,False,False,1,3
c5fccc67c.jpg,False,False,False,False,True,0,none
c60002bcd.jpg,False,False,True,False,False,1,3
c609cbe50.jpg,False,False,False,False,True,0,none
c60f92f8b.jpg,False,False,True,False,False,1,3
c61d6422c.jpg,False,False,False,False,True,0,none
c61d682a4.jpg,False,False,False,False,True,0,none
c61f973ba.jpg,False,False,False,False,True,0,none
c62b766cc.jpg,False,False,False,False,True,0,none
c62ca3c1f.jpg,True,False,True,False,False,2,1+3
c62da61d8.jpg,False,False,True,False,False,1,3
c633454bd.jpg,False,False,False,False,True,0,none
c63388081.jpg,False,False,True,True,False,2,3+4
c635aeb23.jpg,False,False,False,True,False,1,4
c63e60886.jpg,True,False,True,False,False,2,1+3
c6458c18b.jpg,False,False,False,False,True,0,none
c645ee923.jpg,False,False,False,False,True,0,none
c646462b5.jpg,False,False,True,True,False,2,3+4
c6510fb5a.jpg,False,False,True,False,False,1,3
c65471f28.jpg,False,False,True,False,False,1,3
c6632541a.jpg,False,False,False,False,True,0,none
c66591b5f.jpg,False,False,False,False,True,0,none
c66ba3e27.jpg,False,False,True,False,False,1,3
c678f0502.jpg,False,False,False,False,True,0,none
c67e243c8.jpg,True,False,False,False,False,1,1
c683195bf.jpg,False,False,True,False,False,1,3
c6842bd61.jpg,False,False,True,False,False,1,3
c686055be.jpg,False,False,True,False,False,1,3
c695855a7.jpg,False,False,False,False,True,0,none
c6a29f8f0.jpg,False,False,True,False,False,1,3
c6a37a198.jpg,False,False,False,False,True,0,none
c6ad39495.jpg,False,False,False,False,True,0,none
c6af2acac.jpg,False,False,False,False,True,0,none
c6af59abe.jpg,False,False,False,False,True,0,none
c6afe1599.jpg,False,False,True,False,False,1,3
c6b37cf7a.jpg,False,False,False,False,True,0,none
c6b51947f.jpg,False,False,False,False,True,0,none
c6bbd2e4f.jpg,False,False,False,False,True,0,none
c6c2fb1c4.jpg,False,False,False,False,True,0,none
c6c4d6ba7.jpg,False,False,False,False,True,0,none
c6c8a3760.jpg,False,False,False,False,True,0,none
c6cac1cac.jpg,False,False,True,False,False,1,3
c6cb040ad.jpg,False,False,True,False,False,1,3
c6cbf9f18.jpg,False,False,False,False,True,0,none
c6d3371a8.jpg,True,False,False,False,False,1,1
c6d849ce2.jpg,False,False,False,False,True,0,none
c6d8f17d0.jpg,False,False,False,False,True,0,none
c6e9a9d66.jpg,False,False,True,False,False,1,3
c6ee10d49.jpg,False,False,False,False,True,0,none
c6ef2006c.jpg,False,False,False,False,True,0,none
c6f74537e.jpg,False,False,True,False,False,1,3
c6f7fe1d2.jpg,False,False,True,False,False,1,3
c6faa8c55.jpg,False,False,True,False,False,1,3
c704ec6ca.jpg,False,False,True,False,False,1,3
c70599c3a.jpg,False,False,False,False,True,0,none
c70702ea2.jpg,False,False,False,True,False,1,4
c709f2ca6.jpg,False,False,False,False,True,0,none
c70ef1294.jpg,False,False,False,False,True,0,none
c71558eac.jpg,True,False,False,False,False,1,1
c71975362.jpg,False,False,False,False,True,0,none
c71cc5004.jpg,False,False,False,False,True,0,none
c720250a2.jpg,False,True,False,False,False,1,2
c7370d3be.jpg,False,False,False,False,True,0,none
c7423a8c8.jpg,False,False,True,False,False,1,3
c746f473d.jpg,False,False,True,False,False,1,3
c74abe00a.jpg,False,False,True,False,False,1,3
c74b2baa5.jpg,False,False,False,False,True,0,none
c75d53df5.jpg,False,False,False,False,True,0,none
c75e6bd36.jpg,False,True,False,False,False,1,2
c7755caf9.jpg,False,False,True,False,False,1,3
c783a9679.jpg,False,False,False,False,True,0,none
c78564801.jpg,False,False,False,False,True,0,none
c78f55508.jpg,False,False,True,False,False,1,3
c79086497.jpg,False,False,True,False,False,1,3
c795455ba.jpg,False,False,True,False,False,1,3
c7a4a7472.jpg,False,False,False,True,False,1,4
c7a631017.jpg,False,False,False,False,True,0,none
c7a7f24d9.jpg,False,False,False,True,False,1,4
c7adf7112.jpg,False,False,True,False,False,1,3
c7aeb9c82.jpg,False,False,True,True,False,2,3+4
c7af743ef.jpg,False,False,True,False,False,1,3
c7b41dbf4.jpg,False,False,True,True,False,2,3+4
c7b4afcee.jpg,False,False,False,False,True,0,none
c7b88e40a.jpg,True,False,False,False,False,1,1
c7bda2e09.jpg,False,False,False,False,True,0,none
c7c7168ae.jpg,False,False,False,False,True,0,none
c7c8c2424.jpg,False,False,True,False,False,1,3
c7d002c29.jpg,False,False,True,False,False,1,3
c7dc8ae5d.jpg,False,False,False,False,True,0,none
c7dca83c0.jpg,False,False,False,False,True,0,none
c7eb26d69.jpg,False,False,False,False,True,0,none
c7edb8625.jpg,False,False,True,False,False,1,3
c7f5f72b0.jpg,False,False,False,False,True,0,none
c7f93d8bd.jpg,False,False,True,False,False,1,3
c7fb9db8c.jpg,True,False,False,False,False,1,1
c7fdcc166.jpg,False,False,False,False,True,0,none
c7fe435c0.jpg,False,True,False,False,False,1,2
c802d3e11.jpg,False,False,True,False,False,1,3
c804959b3.jpg,False,False,True,False,False,1,3
c80be4ee4.jpg,False,False,True,False,False,1,3
c80f387aa.jpg,False,False,True,False,False,1,3
c811d489f.jpg,False,False,True,False,False,1,3
c8157d623.jpg,False,False,False,False,True,0,none
c81628edc.jpg,False,False,False,False,True,0,none
c81c30ca0.jpg,False,False,True,False,False,1,3
c8216657a.jpg,False,False,True,False,False,1,3
c828ece4b.jpg,False,False,True,False,False,1,3
c8330f9d9.jpg,False,False,False,False,True,0,none
c83361e9d.jpg,False,True,False,False,False,1,2
c838e1ba6.jpg,False,False,False,False,True,0,none
c83a2e190.jpg,False,False,True,False,False,1,3
c83b606d1.jpg,True,False,False,False,False,1,1
c84c64ac0.jpg,False,False,True,False,False,1,3
c85251430.jpg,False,False,True,False,False,1,3
c85960383.jpg,False,False,True,False,False,1,3
c85cc3f7e.jpg,False,False,False,False,True,0,none
c85dc059a.jpg,False,False,False,False,True,0,none
c85ed5c64.jpg,False,False,True,False,False,1,3
c860271b4.jpg,False,False,False,False,True,0,none
c8642ccd0.jpg,False,False,False,False,True,0,none
c873d7724.jpg,False,False,True,False,False,1,3
c878411d7.jpg,False,False,True,False,False,1,3
c87ca8539.jpg,False,False,True,False,False,1,3
c88590b3f.jpg,False,False,False,True,False,1,4
c88792f29.jpg,False,False,False,False,True,0,none
c892b744f.jpg,False,False,False,False,True,0,none
c89490346.jpg,False,False,True,False,False,1,3
c89e96115.jpg,False,False,True,False,False,1,3
c8a11db96.jpg,False,False,False,False,True,0,none
c8a9ae149.jpg,False,False,True,False,False,1,3
c8b9415d1.jpg,False,False,True,False,False,1,3
c8b9b27b9.jpg,False,False,False,False,True,0,none
c8bb69681.jpg,False,False,False,False,True,0,none
c8c0e5b9d.jpg,False,False,True,False,False,1,3
c8cf3e9bf.jpg,False,False,False,False,True,0,none
c8de313f6.jpg,False,False,True,False,False,1,3
c8e26e892.jpg,False,False,True,False,False,1,3
c8e4b3a1e.jpg,False,False,True,False,False,1,3
c8e7c35ca.jpg,False,False,False,False,True,0,none
c8ed5e8ab.jpg,False,False,True,False,False,1,3
c8f2eeaeb.jpg,False,False,False,False,True,0,none
c8f6c1533.jpg,False,False,False,False,True,0,none
c9091a2ef.jpg,False,False,True,False,False,1,3
c9091ca20.jpg,False,False,True,False,False,1,3
c910e9cbf.jpg,False,False,False,False,True,0,none
c916658f1.jpg,False,False,True,False,False,1,3
c917a34f9.jpg,False,False,False,False,True,0,none
c91c7b0ad.jpg,False,False,False,False,True,0,none
c91f6f9ed.jpg,False,False,False,False,True,0,none
c9215fb7a.jpg,False,False,True,False,False,1,3
c92192495.jpg,False,False,False,False,True,0,none
c924ce298.jpg,False,False,False,True,False,1,4
c927281da.jpg,False,False,True,False,False,1,3
c92792c38.jpg,False,False,False,False,True,0,none
c92d43a0f.jpg,False,False,False,False,True,0,none
c92d8ef22.jpg,False,False,False,False,True,0,none
c92de07ea.jpg,False,False,False,False,True,0,none
c9358e43f.jpg,False,False,True,False,False,1,3
c93d081ca.jpg,False,False,False,False,True,0,none
c9415c620.jpg,False,False,True,False,False,1,3
c94629328.jpg,False,False,False,True,False,1,4
c94938299.jpg,False,False,False,False,True,0,none
c94bd179c.jpg,False,False,True,False,False,1,3
c94f78afa.jpg,False,False,True,False,False,1,3
c95db6975.jpg,False,False,True,False,False,1,3
c96f172ef.jpg,False,False,False,False,True,0,none
c970d2407.jpg,False,False,False,True,False,1,4
c971ea296.jpg,False,False,False,False,True,0,none
c98404d89.jpg,False,True,False,False,False,1,2
c98702129.jpg,False,False,True,True,False,2,3+4
c9875cb08.jpg,False,False,False,False,True,0,none
c987a8155.jpg,False,False,True,False,False,1,3
c9893033f.jpg,False,False,False,False,True,0,none
c98cafcf4.jpg,False,False,False,False,True,0,none
c98f15480.jpg,False,False,False,False,True,0,none
c992477d4.jpg,True,False,True,False,False,2,1+3
c9931e3fd.jpg,False,False,False,False,True,0,none
c99ef85c9.jpg,False,False,True,False,False,1,3
c99ffee7e.jpg,False,False,False,False,True,0,none
c9a28779c.jpg,False,False,False,False,True,0,none
c9a42a79e.jpg,False,False,True,False,False,1,3
c9a52fbb7.jpg,False,False,False,False,True,0,none
c9a8a25c4.jpg,False,False,False,False,True,0,none
c9ae4cb29.jpg,False,False,True,True,False,2,3+4
c9b12b9d3.jpg,False,False,False,False,True,0,none
c9c1384be.jpg,False,False,True,False,False,1,3
c9c186f0b.jpg,False,False,False,False,True,0,none
c9c5c1bdc.jpg,False,False,False,False,True,0,none
c9c7d9ddb.jpg,False,False,True,False,False,1,3
c9cd221c5.jpg,False,False,True,False,False,1,3
c9cf804c1.jpg,False,False,False,False,True,0,none
c9d24ef83.jpg,False,False,True,False,False,1,3
c9d2f6b05.jpg,False,False,True,False,False,1,3
c9e0634d0.jpg,False,False,False,True,False,1,4
c9f73af1b.jpg,False,False,True,False,False,1,3
c9fb9abd9.jpg,False,False,True,False,False,1,3
ca026733c.jpg,False,False,False,False,True,0,none
ca02e9e92.jpg,False,False,True,False,False,1,3
ca19b9c48.jpg,False,False,False,False,True,0,none
ca1abc5c8.jpg,False,False,False,False,True,0,none
ca1ba152c.jpg,False,False,False,False,True,0,none
ca2aeb52a.jpg,False,False,False,False,True,0,none
ca30909ec.jpg,False,False,False,False,True,0,none
ca32966ae.jpg,False,False,False,False,True,0,none
ca3372f43.jpg,False,False,False,False,True,0,none
ca3a80cea.jpg,False,False,False,False,True,0,none
ca3f209ad.jpg,False,False,True,False,False,1,3
ca4309568.jpg,False,False,True,False,False,1,3
ca492d6f1.jpg,False,False,True,False,False,1,3
ca520c90f.jpg,False,False,False,True,False,1,4
ca55df343.jpg,False,False,False,False,True,0,none
ca5709ed8.jpg,False,False,True,False,False,1,3
ca609ece8.jpg,False,False,True,False,False,1,3
ca65e7cbe.jpg,False,False,True,False,False,1,3
ca6b5420f.jpg,False,False,True,False,False,1,3
ca6b7eb23.jpg,False,False,False,False,True,0,none
ca82d646f.jpg,False,False,True,False,False,1,3
ca850ca04.jpg,False,False,True,False,False,1,3
ca8d0b4e0.jpg,False,False,False,False,True,0,none
ca98e7a24.jpg,False,False,False,False,True,0,none
ca9d7749b.jpg,False,False,True,False,False,1,3
caab1635c.jpg,False,False,True,False,False,1,3
caab76443.jpg,False,False,False,False,True,0,none
caad490a5.jpg,False,False,True,False,False,1,3
caaf0535e.jpg,False,False,False,False,True,0,none
cab4a0c41.jpg,False,False,False,False,True,0,none
cac001c04.jpg,False,False,True,False,False,1,3
cac09c825.jpg,False,False,True,False,False,1,3
cac7e2298.jpg,False,False,False,False,True,0,none
cacd251d2.jpg,False,False,True,False,False,1,3
cadf3a94f.jpg,False,False,True,False,False,1,3
cae8be92c.jpg,False,False,False,False,True,0,none
caead5f75.jpg,False,False,True,False,False,1,3
caf1289d0.jpg,False,False,True,False,False,1,3
caf2ca4e0.jpg,False,False,False,False,True,0,none
caf3be05f.jpg,False,False,False,False,True,0,none
caf49d870.jpg,True,True,False,False,False,2,1+2
caf83e426.jpg,False,False,True,False,False,1,3
cb094c2cb.jpg,False,False,True,False,False,1,3
cb0ac6c6f.jpg,False,False,True,True,False,2,3+4
cb18e0f90.jpg,False,False,False,False,True,0,none
cb1f7d883.jpg,False,False,False,False,True,0,none
cb2b5cbbe.jpg,False,False,False,False,True,0,none
cb2dee2dd.jpg,False,False,True,False,False,1,3
cb2f34991.jpg,False,False,False,False,True,0,none
cb3155db9.jpg,False,False,False,False,True,0,none
cb37fc190.jpg,False,False,True,False,False,1,3
cb383b2f7.jpg,True,False,False,False,False,1,1
cb3ba3c45.jpg,False,False,False,False,True,0,none
cb3e3974d.jpg,False,False,False,False,True,0,none
cb43d7be5.jpg,False,False,True,False,False,1,3
cb4d72e56.jpg,True,False,True,False,False,2,1+3
cb4f01ce6.jpg,False,False,False,False,True,0,none
cb53b96ce.jpg,False,False,False,True,False,1,4
cb635172a.jpg,False,False,False,False,True,0,none
cb6fa8f89.jpg,False,False,True,False,False,1,3
cb70a10d6.jpg,False,False,False,False,True,0,none
cb7a45fa6.jpg,False,False,True,False,False,1,3
cb7bc1d2b.jpg,False,False,False,False,True,0,none
cb7c34c05.jpg,True,False,False,False,False,1,1
cb933c3e8.jpg,False,False,True,True,False,2,3+4
cb93f342e.jpg,False,False,True,True,False,2,3+4
cb95ba6d9.jpg,False,False,True,False,False,1,3
cb9991b64.jpg,False,False,False,False,True,0,none
cb9c3d622.jpg,False,False,False,True,False,1,4
cb9e7a337.jpg,False,False,True,False,False,1,3
cb9f5e3fc.jpg,False,False,False,False,True,0,none
cb9fe5699.jpg,False,False,True,False,False,1,3
cba39a205.jpg,False,False,True,False,False,1,3
cba8dc603.jpg,False,False,False,False,True,0,none
cbb495392.jpg,False,False,False,False,True,0,none
cbb659739.jpg,True,False,False,False,False,1,1
cbba0f365.jpg,True,False,False,False,False,1,1
cbbe86379.jpg,True,False,False,False,False,1,1
cbc2172be.jpg,False,False,True,False,False,1,3
cbc2f9676.jpg,False,False,True,False,False,1,3
cbc433467.jpg,False,False,False,False,True,0,none
cbc860446.jpg,False,False,False,True,False,1,4
cbcd45716.jpg,False,False,True,False,False,1,3
cbd13f6da.jpg,False,False,False,False,True,0,none
cbd1444bd.jpg,False,False,False,False,True,0,none
cbd27127f.jpg,False,False,True,False,False,1,3
cbd4afcc0.jpg,False,False,True,False,False,1,3
cbd81d5c5.jpg,False,False,False,False,True,0,none
cbdb0828d.jpg,True,False,False,False,False,1,1
cbe07eb15.jpg,False,False,True,False,False,1,3
cbe5423d0.jpg,False,False,False,False,True,0,none
cbf28f40f.jpg,False,False,False,False,True,0,none
cbf837e30.jpg,False,False,False,False,True,0,none
cbfbf3686.jpg,False,False,False,False,True,0,none
cbfeaed02.jpg,False,False,False,True,False,1,4
cc00b69e7.jpg,False,False,False,False,True,0,none
cc0113d2c.jpg,False,False,False,False,True,0,none
cc02b6f5a.jpg,True,False,False,False,False,1,1
cc0723fde.jpg,False,False,False,False,True,0,none
cc0bf97cf.jpg,False,False,True,False,False,1,3
cc0df4327.jpg,False,False,False,False,True,0,none
cc0ef2b5b.jpg,False,False,False,False,True,0,none
cc12d964f.jpg,False,False,False,False,True,0,none
cc21f2f40.jpg,False,False,False,True,False,1,4
cc2a3d558.jpg,False,False,False,False,True,0,none
cc3a294d4.jpg,False,False,False,False,True,0,none
cc3b99f17.jpg,True,False,False,False,False,1,1
cc4f577af.jpg,False,False,False,False,True,0,none
cc5401a6a.jpg,False,False,False,True,False,1,4
cc59639b2.jpg,False,False,True,True,False,2,3+4
cc5bae861.jpg,True,False,False,False,False,1,1
cc5ef39e3.jpg,False,False,False,False,True,0,none
cc5f6debe.jpg,False,False,False,False,True,0,none
cc61104ff.jpg,False,False,True,False,False,1,3
cc69501eb.jpg,False,False,True,False,False,1,3
cc73c4765.jpg,False,False,True,False,False,1,3
cc7920c72.jpg,False,False,True,False,False,1,3
cc7c66720.jpg,False,False,False,True,False,1,4
cc82046b0.jpg,False,False,False,False,True,0,none
cc897a7fe.jpg,False,False,False,False,True,0,none
cc8f6ee56.jpg,False,False,True,False,False,1,3
cc9006402.jpg,False,False,True,False,False,1,3
cc93ff156.jpg,False,False,True,False,False,1,3
cc979e0ef.jpg,False,False,False,False,True,0,none
cc9c8cb56.jpg,False,False,False,False,True,0,none
cc9e159dd.jpg,False,False,True,False,False,1,3
ccb8bac74.jpg,False,False,False,False,True,0,none
ccbd751f2.jpg,False,False,True,False,False,1,3
ccbeeb18a.jpg,False,True,False,False,False,1,2
ccd0ad960.jpg,False,False,True,False,False,1,3
ccd5a9004.jpg,False,False,False,False,True,0,none
ccd8a89ee.jpg,False,False,False,False,True,0,none
ccd94dc85.jpg,False,False,True,False,False,1,3
cceb73e77.jpg,False,False,False,False,True,0,none
ccef0f068.jpg,False,False,False,False,True,0,none
ccf39a604.jpg,False,False,True,False,False,1,3
cd04164a0.jpg,True,False,False,False,False,1,1
cd042da54.jpg,False,False,False,False,True,0,none
cd0b64862.jpg,False,False,False,False,True,0,none
cd0c2417f.jpg,True,False,False,False,False,1,1
cd0dd4ec7.jpg,False,False,False,False,True,0,none
cd14c73db.jpg,True,False,True,False,False,2,1+3
cd170ba56.jpg,False,False,False,False,True,0,none
cd1f8d368.jpg,False,True,False,False,False,1,2
cd23a468a.jpg,False,False,True,False,False,1,3
cd23d4841.jpg,False,False,False,True,False,1,4
cd2ac68a2.jpg,False,False,False,False,True,0,none
cd2afa0c5.jpg,False,False,False,False,True,0,none
cd316b37e.jpg,False,False,True,False,False,1,3
cd38fd93a.jpg,False,False,False,False,True,0,none
cd3b9899c.jpg,True,False,False,False,False,1,1
cd3c9a39d.jpg,False,False,False,False,True,0,none
cd3cb2083.jpg,False,False,False,False,True,0,none
cd465dc7d.jpg,False,False,True,False,False,1,3
cd475d2a3.jpg,False,False,True,False,False,1,3
cd4a71d17.jpg,False,False,False,False,True,0,none
cd4bd2cca.jpg,False,False,True,False,False,1,3
cd4cd2c97.jpg,False,False,True,False,False,1,3
cd519713a.jpg,False,False,False,False,True,0,none
cd52bfb5a.jpg,False,False,True,False,False,1,3
cd59b3ff5.jpg,False,False,True,False,False,1,3
cd5b14850.jpg,True,True,False,False,False,2,1+2
cd634f053.jpg,False,False,True,False,False,1,3
cd6365314.jpg,False,False,True,False,False,1,3
cd64c39a7.jpg,True,False,False,False,False,1,1
cd662eda7.jpg,False,False,True,False,False,1,3
cd66a2861.jpg,False,False,False,False,True,0,none
cd7186a59.jpg,False,False,False,False,True,0,none
cd78d5408.jpg,False,False,False,False,True,0,none
cd79fb3f4.jpg,False,False,False,False,True,0,none
cd7cb28da.jpg,False,False,False,False,True,0,none
cd7d4933e.jpg,False,False,False,True,False,1,4
cd7d5af6d.jpg,False,False,True,False,False,1,3
cd7f7f904.jpg,False,False,False,False,True,0,none
cd835f121.jpg,False,False,True,False,False,1,3
cd8bf9803.jpg,False,False,False,False,True,0,none
cd8c479c1.jpg,False,False,True,False,False,1,3
cd90bf095.jpg,False,False,False,False,True,0,none
cd914e3f8.jpg,False,False,False,False,True,0,none
cd940e191.jpg,False,False,True,False,False,1,3
cda8f98cb.jpg,False,False,False,False,True,0,none
cda956cd7.jpg,False,False,False,False,True,0,none
cdac57fe4.jpg,False,False,False,False,True,0,none
cdaceb274.jpg,False,False,True,False,False,1,3
cdb3a875b.jpg,False,False,True,False,False,1,3
cdb3dd329.jpg,False,False,False,False,True,0,none
cdb6b6c23.jpg,False,False,True,True,False,2,3+4
cdbbb1967.jpg,False,False,True,False,False,1,3
cdbc4d8ec.jpg,False,False,True,False,False,1,3
cdbc80c3d.jpg,True,False,True,False,False,2,1+3
cdc029021.jpg,False,False,False,False,True,0,none
cdc267505.jpg,False,True,False,False,False,1,2
cdc2e0671.jpg,False,False,False,False,True,0,none
cdc4a0cf8.jpg,False,False,False,False,True,0,none
cdd3113af.jpg,False,False,True,False,False,1,3
cdd6cac95.jpg,False,False,True,False,False,1,3
cddba1672.jpg,False,False,False,False,True,0,none
cde989d95.jpg,False,False,False,False,True,0,none
cdef07364.jpg,True,False,False,False,False,1,1
cdf44eab9.jpg,False,False,False,False,True,0,none
cdf523bf0.jpg,False,False,True,False,False,1,3
cdf669a1f.jpg,False,False,False,True,False,1,4
cdfc07953.jpg,False,False,False,False,True,0,none
ce02060b9.jpg,False,False,False,True,False,1,4
ce02c322e.jpg,False,False,False,True,False,1,4
ce05c2c3f.jpg,False,False,True,False,False,1,3
ce067d78c.jpg,False,False,False,False,True,0,none
ce0697dee.jpg,False,False,False,False,True,0,none
ce06d92b1.jpg,False,False,False,False,True,0,none
ce0b7102f.jpg,True,False,False,False,False,1,1
ce11ffd78.jpg,False,False,True,False,False,1,3
ce13a3739.jpg,True,False,False,False,False,1,1
ce1988f13.jpg,False,False,False,False,True,0,none
ce22cd852.jpg,False,False,True,False,False,1,3
ce2da8536.jpg,False,False,True,False,False,1,3
ce32285f5.jpg,False,False,True,False,False,1,3
ce330fd8a.jpg,False,False,False,False,True,0,none
ce34adc8c.jpg,False,False,True,False,False,1,3
ce3818dfd.jpg,False,False,True,False,False,1,3
ce408e4bc.jpg,False,False,False,False,True,0,none
ce42693fb.jpg,False,False,True,False,False,1,3
ce43bdd06.jpg,False,False,True,False,False,1,3
ce44910a4.jpg,False,False,True,False,False,1,3
ce4d5f713.jpg,False,False,True,False,False,1,3
ce54cb872.jpg,False,False,True,False,False,1,3
ce58cf8e1.jpg,False,False,True,False,False,1,3
ce5f0cec3.jpg,False,False,True,False,False,1,3
ce61b565b.jpg,False,False,False,False,True,0,none
ce6358d6f.jpg,False,False,False,False,True,0,none
ce68af0bf.jpg,False,False,True,False,False,1,3
ce71311e1.jpg,False,False,True,False,False,1,3
ce72a126f.jpg,False,False,False,True,False,1,4
ce7570214.jpg,False,False,False,True,False,1,4
ce7b7ac0b.jpg,False,True,False,False,False,1,2
ce7dd1fac.jpg,False,False,False,False,True,0,none
ce817d720.jpg,False,False,False,False,True,0,none
ce8a0a234.jpg,False,False,False,False,True,0,none
ce8c0267e.jpg,False,False,False,False,True,0,none
ce8da6d72.jpg,True,False,False,False,False,1,1
ce93931e9.jpg,False,False,True,False,False,1,3
ce9c575ae.jpg,False,False,False,False,True,0,none
cea2ea962.jpg,False,False,False,True,False,1,4
ceab96202.jpg,False,False,True,False,False,1,3
ceae95bea.jpg,False,False,False,False,True,0,none
ceb4d3861.jpg,False,False,False,False,True,0,none
ceba9dc16.jpg,False,False,True,True,False,2,3+4
cebd47968.jpg,False,False,False,False,True,0,none
cebdada28.jpg,False,False,False,False,True,0,none
cec71df2a.jpg,False,False,False,False,True,0,none
cecab5a39.jpg,False,False,True,False,False,1,3
ceccb1eef.jpg,True,False,False,False,False,1,1
cececa61c.jpg,False,False,False,False,True,0,none
ced2b708b.jpg,False,False,False,False,True,0,none
ced4439da.jpg,False,False,True,False,False,1,3
ced626afb.jpg,False,False,True,False,False,1,3
cedd9ca39.jpg,False,False,False,False,True,0,none
cede14189.jpg,False,False,True,False,False,1,3
cedf1a460.jpg,False,False,False,False,True,0,none
cee5fab38.jpg,True,False,False,False,False,1,1
cee644043.jpg,False,False,False,False,True,0,none
cee6f5bec.jpg,False,False,True,False,False,1,3
ceeab1c90.jpg,False,False,False,False,True,0,none
cef371355.jpg,False,False,True,False,False,1,3
cef5ff47d.jpg,False,True,False,False,False,1,2
cefae46dd.jpg,False,False,False,False,True,0,none
cefbcc992.jpg,True,False,False,False,False,1,1
cf048c9d2.jpg,False,False,False,False,True,0,none
cf0641053.jpg,False,False,True,True,False,2,3+4
cf06584db.jpg,True,False,False,False,False,1,1
cf1152c44.jpg,False,False,True,False,False,1,3
cf1f3345c.jpg,False,False,True,False,False,1,3
cf29a866a.jpg,False,False,True,False,False,1,3
cf2af7292.jpg,False,False,False,False,True,0,none
cf2c7e42c.jpg,False,False,False,False,True,0,none
cf3589519.jpg,False,False,False,False,True,0,none
cf37ed7ca.jpg,False,False,False,False,True,0,none
cf384e2e4.jpg,False,False,False,False,True,0,none
cf4008024.jpg,False,False,True,False,False,1,3
cf45f7a4a.jpg,False,False,False,False,True,0,none
cf48232c6.jpg,False,False,True,True,False,2,3+4
cf5231a23.jpg,False,False,True,False,False,1,3
cf5a6b951.jpg,False,False,False,False,True,0,none
cf5df8ebd.jpg,False,False,False,False,True,0,none
cf5e8eb2c.jpg,False,False,True,False,False,1,3
cf78b36e0.jpg,False,False,False,False,True,0,none
cf7dbc448.jpg,False,False,True,False,False,1,3
cf853b06f.jpg,False,False,True,False,False,1,3
cf85856f2.jpg,False,False,False,False,True,0,none
cf86d1632.jpg,False,False,False,False,True,0,none
cf8e21964.jpg,False,False,True,False,False,1,3
cf938dcaa.jpg,False,False,False,False,True,0,none
cfc00dc7f.jpg,False,False,False,False,True,0,none
cfc45fdbf.jpg,False,False,False,False,True,0,none
cfc4c57bd.jpg,False,False,False,False,True,0,none
cfcd8a44e.jpg,False,False,False,False,True,0,none
cfd9c074e.jpg,False,False,False,False,True,0,none
cfe40128c.jpg,False,False,True,False,False,1,3
cfeaf9434.jpg,False,False,True,False,False,1,3
cfed66579.jpg,False,False,True,False,False,1,3
cfedba84c.jpg,False,False,True,False,False,1,3
cff20dde9.jpg,False,False,True,False,False,1,3
cff387e60.jpg,False,False,True,False,False,1,3
cff9230ae.jpg,False,False,True,False,False,1,3
cffc0e85b.jpg,False,False,True,False,False,1,3
d000d7ef5.jpg,False,False,True,False,False,1,3
d002b93da.jpg,False,False,True,False,False,1,3
d01d3e444.jpg,False,True,False,False,False,1,2
d0274160d.jpg,False,False,False,False,True,0,none
d02f1b229.jpg,False,False,True,False,False,1,3
d0328c686.jpg,False,False,True,False,False,1,3
d03cc713b.jpg,False,False,False,False,True,0,none
d03dd68d9.jpg,False,False,True,False,False,1,3
d048a5a71.jpg,True,False,False,False,False,1,1
d04b0722b.jpg,False,False,False,False,True,0,none
d04e02d1f.jpg,False,False,False,True,False,1,4
d0557935f.jpg,False,False,False,False,True,0,none
d0566a76a.jpg,False,False,False,False,True,0,none
d0577e299.jpg,False,False,True,False,False,1,3
d0578ca87.jpg,False,False,True,False,False,1,3
d06052fa8.jpg,False,False,True,False,False,1,3
d068f2cd9.jpg,False,False,False,False,True,0,none
d07524f7c.jpg,False,False,False,False,True,0,none
d075922ef.jpg,False,False,False,False,True,0,none
d07afd5bf.jpg,True,False,False,False,False,1,1
d081c88b5.jpg,False,False,False,False,True,0,none
d0a0b9951.jpg,False,False,True,False,False,1,3
d0a4de7c8.jpg,False,False,True,False,False,1,3
d0a956f92.jpg,True,False,True,False,False,2,1+3
d0aa4a6df.jpg,False,False,False,False,True,0,none
d0ab4f210.jpg,False,False,False,False,True,0,none
d0b18f33e.jpg,False,False,False,False,True,0,none
d0b234faa.jpg,False,False,False,True,False,1,4
d0ba35b7f.jpg,True,False,False,False,False,1,1
d0befd683.jpg,True,False,False,False,False,1,1
d0c84eccb.jpg,False,False,False,False,True,0,none
d0cf465a8.jpg,True,False,False,False,False,1,1
d0d0e589a.jpg,False,False,True,False,False,1,3
d0d472709.jpg,False,False,False,False,True,0,none
d0d818b7d.jpg,False,True,False,False,False,1,2
d0da68d07.jpg,False,False,False,False,True,0,none
d0dde3c93.jpg,False,False,False,False,True,0,none
d0efba2d6.jpg,False,False,False,False,True,0,none
d0f88f6d2.jpg,False,False,False,False,True,0,none
d0fa0e7d6.jpg,False,False,False,False,True,0,none
d0fb25531.jpg,False,False,True,False,False,1,3
d1023fa39.jpg,False,False,True,False,False,1,3
d103df723.jpg,False,False,False,False,True,0,none
d10c885f3.jpg,True,False,False,False,False,1,1
d11130898.jpg,False,False,True,False,False,1,3
d111e8715.jpg,False,False,False,False,True,0,none
d11f3fd35.jpg,False,False,True,False,False,1,3
d1202c95e.jpg,False,False,True,False,False,1,3
d1267facd.jpg,False,False,False,False,True,0,none
d127abcc8.jpg,False,False,True,False,False,1,3
d129fe51e.jpg,False,False,True,False,False,1,3
d12cfc50a.jpg,False,False,True,False,False,1,3
d12e3a4dc.jpg,False,False,False,False,True,0,none
d13688eac.jpg,False,False,True,False,False,1,3
d137859d1.jpg,False,False,False,False,True,0,none
d13d67029.jpg,False,False,False,False,True,0,none
d142b7f92.jpg,False,False,False,False,True,0,none
d14c9c6e6.jpg,False,False,True,False,False,1,3
d1517f67e.jpg,False,False,False,False,True,0,none
d15823291.jpg,False,False,True,False,False,1,3
d160b5de3.jpg,False,False,True,False,False,1,3
d1643488c.jpg,False,False,False,False,True,0,none
d169e1b81.jpg,False,False,False,True,False,1,4
d174d21ae.jpg,False,False,False,False,True,0,none
d178d246a.jpg,False,False,True,False,False,1,3
d178f1c42.jpg,False,False,True,False,False,1,3
d17a26f0c.jpg,False,False,False,False,True,0,none
d183a7238.jpg,False,False,False,False,True,0,none
d1867aa1d.jpg,False,False,False,False,True,0,none
d1886af80.jpg,False,False,True,False,False,1,3
d1890b5e7.jpg,False,False,False,False,True,0,none
d18bec611.jpg,False,False,True,False,False,1,3
d194687f4.jpg,False,False,False,False,True,0,none
d1987c227.jpg,False,False,False,False,True,0,none
d199a9843.jpg,False,False,False,False,True,0,none
d19e7a3c2.jpg,False,False,False,False,True,0,none
d1a618e4f.jpg,False,False,True,False,False,1,3
d1a774781.jpg,False,False,True,False,False,1,3
d1aaada08.jpg,True,False,False,False,False,1,1
d1ac060b3.jpg,False,False,False,False,True,0,none
d1acc3cc2.jpg,False,False,False,False,True,0,none
d1ba24779.jpg,False,False,False,False,True,0,none
d1bc386ce.jpg,False,False,True,False,False,1,3
d1cd969d5.jpg,False,False,True,False,False,1,3
d1cea465b.jpg,True,False,False,False,False,1,1
d1cfa9327.jpg,False,False,False,False,True,0,none
d1dc95b58.jpg,False,False,True,False,False,1,3
d1dd9098c.jpg,False,False,True,False,False,1,3
d1e1bf13e.jpg,True,False,False,False,False,1,1
d1e9e969f.jpg,False,False,True,False,False,1,3
d1ec80102.jpg,False,False,False,False,True,0,none
d1ed49385.jpg,False,False,True,False,False,1,3
d1fdc8367.jpg,False,False,True,False,False,1,3
d1fedf96b.jpg,False,False,True,True,False,2,3+4
d201f7d4b.jpg,False,False,True,False,False,1,3
d20bb7f7b.jpg,False,False,True,False,False,1,3
d20ee0a9b.jpg,False,False,False,False,True,0,none
d2133ec61.jpg,False,False,False,False,True,0,none
d21be4a4b.jpg,False,False,True,True,False,2,3+4
d2291de5c.jpg,True,True,False,False,False,2,1+2
d23373fe5.jpg,False,False,False,False,True,0,none
d238605c1.jpg,False,True,False,False,False,1,2
d2391cadf.jpg,False,False,False,False,True,0,none
d239a83c4.jpg,False,False,True,False,False,1,3
d23a1bdc9.jpg,False,False,True,False,False,1,3
d23d243cc.jpg,False,False,True,False,False,1,3
d243bd0ac.jpg,False,False,False,False,True,0,none
d2454fd68.jpg,True,False,False,False,False,1,1
d245c4e7f.jpg,True,False,False,False,False,1,1
d246ea324.jpg,False,False,True,False,False,1,3
d250196f8.jpg,False,False,False,False,True,0,none
d251e9992.jpg,False,False,False,False,True,0,none
d25356a51.jpg,False,False,True,False,False,1,3
d25a11fdd.jpg,False,False,True,False,False,1,3
d25a9387d.jpg,False,False,False,False,True,0,none
d25e4bddc.jpg,False,False,False,False,True,0,none
d26092cc6.jpg,False,False,False,False,True,0,none
d2649178a.jpg,False,False,False,False,True,0,none
d2670190d.jpg,False,False,True,False,False,1,3
d267355be.jpg,False,False,True,False,False,1,3
d26ead1d8.jpg,True,True,False,False,False,2,1+2
d27ccc7d1.jpg,False,False,False,False,True,0,none
d283f3744.jpg,False,False,True,False,False,1,3
d28dc89f1.jpg,False,False,False,False,True,0,none
d28e2e457.jpg,False,False,False,False,True,0,none
d291f8de6.jpg,False,False,True,False,False,1,3
d2938b2af.jpg,False,False,True,False,False,1,3
d2945fc9f.jpg,False,False,False,True,False,1,4
d2a854e69.jpg,True,False,False,False,False,1,1
d2bbde0a4.jpg,False,False,True,False,False,1,3
d2bf41a92.jpg,False,False,False,True,False,1,4
d2c14891a.jpg,False,False,True,False,False,1,3
d2dbe0265.jpg,False,False,False,False,True,0,none
d2e68511e.jpg,False,False,False,False,True,0,none
d2e7ba266.jpg,False,False,False,False,True,0,none
d2e980156.jpg,False,False,False,False,True,0,none
d2f07a8db.jpg,True,False,False,False,False,1,1
d2f6c8fa2.jpg,False,False,False,False,True,0,none
d2f9dd85f.jpg,False,False,False,False,True,0,none
d2fd4e0d5.jpg,True,False,False,False,False,1,1
d3034da7a.jpg,False,False,False,False,True,0,none
d3053d477.jpg,False,False,True,False,False,1,3
d30ad2e83.jpg,True,False,False,False,False,1,1
d3162c193.jpg,False,False,False,False,True,0,none
d31e0200c.jpg,True,False,False,False,False,1,1
d32cc0a14.jpg,False,False,True,False,False,1,3
d32f48999.jpg,False,False,True,False,False,1,3
d335a12b1.jpg,False,False,True,True,False,2,3+4
d3369b607.jpg,False,False,True,False,False,1,3
d3478f166.jpg,False,False,False,False,True,0,none
d34f96af3.jpg,False,False,False,False,True,0,none
d352c88ea.jpg,False,False,False,False,True,0,none
d357592ec.jpg,False,False,False,False,True,0,none
d35fb7129.jpg,True,False,False,False,False,1,1
d36a3a7a8.jpg,False,False,False,False,True,0,none
d36c6b5ec.jpg,False,False,False,False,True,0,none
d36deb533.jpg,False,False,False,False,True,0,none
d36df54f6.jpg,False,False,True,False,False,1,3
d3705e767.jpg,False,False,False,False,True,0,none
d37231205.jpg,False,False,False,False,True,0,none
d377de6cc.jpg,False,False,True,False,False,1,3
d37c88411.jpg,False,False,True,False,False,1,3
d37fb426f.jpg,False,False,True,True,False,2,3+4
d38405dce.jpg,False,False,False,False,True,0,none
d38a0784b.jpg,True,False,False,False,False,1,1
d3993f134.jpg,False,False,True,False,False,1,3
d3a0a3378.jpg,False,False,False,False,True,0,none
d3b2a00de.jpg,False,False,False,True,False,1,4
d3ba7a242.jpg,False,False,False,False,True,0,none
d3c436e76.jpg,False,False,False,False,True,0,none
d3cb5f498.jpg,False,False,False,False,True,0,none
d3ce7af90.jpg,False,False,False,False,True,0,none
d3d281132.jpg,False,False,False,False,True,0,none
d3d2df811.jpg,False,False,True,False,False,1,3
d3d6d9b6a.jpg,False,False,True,False,False,1,3
d3e44d1b4.jpg,False,False,True,False,False,1,3
d3e7c7c17.jpg,False,False,False,False,True,0,none
d3ef0c943.jpg,False,False,True,False,False,1,3
d3ef4bac1.jpg,False,True,False,False,False,1,2
d3f297e2d.jpg,False,False,False,False,True,0,none
d407563d4.jpg,False,False,True,False,False,1,3
d41b69a83.jpg,False,False,True,False,False,1,3
d422920e3.jpg,True,False,False,False,False,1,1
d426f0d76.jpg,False,False,True,False,False,1,3
d43062a18.jpg,False,False,False,False,True,0,none
d43406cb3.jpg,False,False,False,False,True,0,none
d43429032.jpg,False,False,False,False,True,0,none
d4387afd3.jpg,False,False,True,False,False,1,3
d439bb2ad.jpg,False,False,False,False,True,0,none
d43c06a93.jpg,False,False,False,True,False,1,4
d442be7a6.jpg,False,False,False,False,True,0,none
d444fedff.jpg,False,False,False,False,True,0,none
d4458a6bb.jpg,False,False,False,False,True,0,none
d44663f51.jpg,False,False,True,False,False,1,3
d44910079.jpg,False,False,False,False,True,0,none
d449eeae4.jpg,False,False,False,False,True,0,none
d44db82d2.jpg,False,False,True,False,False,1,3
d451b5308.jpg,False,False,False,False,True,0,none
d452dff24.jpg,False,False,False,False,True,0,none
d46866225.jpg,False,False,True,False,False,1,3
d47afce21.jpg,False,False,False,False,True,0,none
d47dfa0e4.jpg,False,False,True,False,False,1,3
d47e33408.jpg,False,False,False,False,True,0,none
d48178eaa.jpg,False,False,True,False,False,1,3
d482f0159.jpg,False,False,False,True,False,1,4
d4841f891.jpg,False,False,False,False,True,0,none
d484c6454.jpg,False,False,False,False,True,0,none
d48b223c7.jpg,False,False,False,False,True,0,none
d490180a3.jpg,True,False,False,False,False,1,1
d4932b31a.jpg,False,False,False,False,True,0,none
d4935dbfe.jpg,False,False,True,False,False,1,3
d497baf53.jpg,False,False,True,False,False,1,3
d4a504f7c.jpg,False,False,False,False,True,0,none
d4a80d75f.jpg,False,False,False,False,True,0,none
d4aeee4c8.jpg,False,False,True,False,False,1,3
d4af6d206.jpg,False,False,True,False,False,1,3
d4b242b2a.jpg,False,False,False,False,True,0,none
d4bd2a591.jpg,False,False,False,False,True,0,none
d4c0b4c3b.jpg,False,False,True,False,False,1,3
d4c8f8461.jpg,False,False,True,False,False,1,3
d4ce2a21d.jpg,False,False,True,False,False,1,3
d4d05f3cf.jpg,False,False,False,False,True,0,none
d4da4dc47.jpg,False,False,True,False,False,1,3
d4df89ff9.jpg,False,False,False,False,True,0,none
d4e26768d.jpg,False,False,True,False,False,1,3
d4e66ad89.jpg,False,False,True,False,False,1,3
d4f486ee1.jpg,False,False,True,False,False,1,3
d4f7f47eb.jpg,False,False,False,False,True,0,none
d4fc42b43.jpg,False,False,False,False,True,0,none
d4ff02f24.jpg,False,False,False,False,True,0,none
d50164a40.jpg,False,False,True,False,False,1,3
d501fc917.jpg,False,False,False,False,True,0,none
d50c2bbae.jpg,False,False,False,False,True,0,none
d50ea5181.jpg,False,False,False,False,True,0,none
d51288846.jpg,False,False,False,False,True,0,none
d5133ffca.jpg,False,False,False,False,True,0,none
d51a45df9.jpg,False,False,True,False,False,1,3
d51ea5c21.jpg,False,False,True,False,False,1,3
d520b53fa.jpg,False,False,False,False,True,0,none
d52150d70.jpg,False,False,False,False,True,0,none
d525bc38a.jpg,False,False,False,False,True,0,none
d529a0295.jpg,False,False,False,False,True,0,none
d52b35e0e.jpg,False,False,True,False,False,1,3
d52f44bd0.jpg,False,False,False,False,True,0,none
d531d3070.jpg,False,False,False,False,True,0,none
d5345c3da.jpg,False,False,True,False,False,1,3
d5353adfc.jpg,False,False,True,False,False,1,3
d535c41bf.jpg,False,False,True,False,False,1,3
d5425f5f5.jpg,False,False,True,False,False,1,3
d54e6eb82.jpg,False,False,False,False,True,0,none
d557c4ee7.jpg,False,False,False,False,True,0,none
d55dd8719.jpg,False,False,True,False,False,1,3
d56eec590.jpg,False,False,True,False,False,1,3
d571030d2.jpg,False,False,True,False,False,1,3
d572dc596.jpg,False,False,True,False,False,1,3
d57629343.jpg,False,False,True,False,False,1,3
d57873aaa.jpg,False,False,True,True,False,2,3+4
d57af4d8b.jpg,False,False,False,False,True,0,none
d57d0d3d1.jpg,False,False,False,False,True,0,none
d58350401.jpg,False,False,False,False,True,0,none
d585a6acc.jpg,False,False,False,False,True,0,none
d588537b9.jpg,False,False,True,False,False,1,3
d58a16a93.jpg,False,False,True,False,False,1,3
d58b336d8.jpg,False,False,False,True,False,1,4
d5918178b.jpg,False,False,False,False,True,0,none
d598af62f.jpg,False,False,True,False,False,1,3
d598d9bef.jpg,False,False,False,False,True,0,none
d59b4476a.jpg,True,False,False,False,False,1,1
d5a1067a2.jpg,True,False,False,False,False,1,1
d5a746371.jpg,False,False,False,False,True,0,none
d5a7bd3de.jpg,False,False,False,False,True,0,none
d5a8b7ba4.jpg,False,False,False,True,False,1,4
d5b0b7372.jpg,False,False,False,False,True,0,none
d5b2ba152.jpg,False,False,True,False,False,1,3
d5b346386.jpg,False,False,False,False,True,0,none
d5b37beb7.jpg,True,False,False,False,False,1,1
d5b5a1a10.jpg,False,False,False,False,True,0,none
d5b6bb4bb.jpg,False,False,False,False,True,0,none
d5bdfa378.jpg,False,False,True,False,False,1,3
d5cf4a417.jpg,False,False,True,False,False,1,3
d5d024e03.jpg,False,False,True,False,False,1,3
d5d900def.jpg,False,False,False,True,False,1,4
d5e8af85b.jpg,True,False,False,False,False,1,1
d5f4e7481.jpg,False,False,True,False,False,1,3
d5f7cde8a.jpg,False,False,True,False,False,1,3
d5f86c715.jpg,False,False,False,False,True,0,none
d5ff65cd6.jpg,True,False,False,False,False,1,1
d6039d5d3.jpg,False,False,False,False,True,0,none
d606a3bc4.jpg,False,False,False,False,True,0,none
d60ae28dc.jpg,False,False,True,False,False,1,3
d60caeae2.jpg,False,False,False,False,True,0,none
d60d97779.jpg,False,False,False,False,True,0,none
d6102d7d2.jpg,False,False,True,False,False,1,3
d614b65db.jpg,False,False,True,False,False,1,3
d61dca6c7.jpg,False,False,True,False,False,1,3
d62a78499.jpg,False,False,False,False,True,0,none
d62bdbfa6.jpg,False,False,False,False,True,0,none
d62c3879c.jpg,False,False,True,False,False,1,3
d62e553a8.jpg,False,False,True,False,False,1,3
d6322390f.jpg,False,False,False,False,True,0,none
d636cbd42.jpg,False,False,False,True,False,1,4
d6505b987.jpg,False,False,True,False,False,1,3
d652c9109.jpg,False,False,True,False,False,1,3
d6577ddc1.jpg,False,False,False,False,True,0,none
d65ad4cfa.jpg,True,False,False,False,False,1,1
d65b30b32.jpg,False,False,True,False,False,1,3
d65fc70b5.jpg,False,False,True,False,False,1,3
d66219b6a.jpg,False,False,False,False,True,0,none
d665abf9d.jpg,False,False,True,False,False,1,3
d6674b01e.jpg,False,False,True,False,False,1,3
d66b6be33.jpg,False,False,False,False,True,0,none
d66e4eb3f.jpg,False,False,True,False,False,1,3
d67745c5b.jpg,False,True,False,False,False,1,2
d6777d642.jpg,False,False,False,True,False,1,4
d67f4b258.jpg,False,False,True,False,False,1,3
d68320987.jpg,True,True,False,False,False,2,1+2
d68408f44.jpg,False,False,False,False,True,0,none
d685dc83f.jpg,False,False,False,True,False,1,4
d68b1117c.jpg,False,False,False,True,False,1,4
d68f45dc5.jpg,False,False,True,False,False,1,3
d691b03b6.jpg,False,False,False,False,True,0,none
d69cd7557.jpg,True,False,False,False,False,1,1
d6a450631.jpg,False,False,True,False,False,1,3
d6b6434e5.jpg,False,False,True,False,False,1,3
d6be92c8c.jpg,False,False,True,False,False,1,3
d6c91e8e7.jpg,False,False,True,False,False,1,3
d6cecaebc.jpg,False,False,False,False,True,0,none
d6d275bb5.jpg,False,False,False,False,True,0,none
d6d2ca6e1.jpg,False,True,True,False,False,2,2+3
d6d3224d2.jpg,False,False,True,False,False,1,3
d6d71b8ec.jpg,False,False,True,False,False,1,3
d6d78fa78.jpg,False,False,False,False,True,0,none
d6dab923a.jpg,False,False,True,False,False,1,3
d6dd8245a.jpg,False,False,False,False,True,0,none
d6de5f24f.jpg,False,False,False,False,True,0,none
d6deb1f35.jpg,False,False,False,False,True,0,none
d6ef360e3.jpg,False,False,True,True,False,2,3+4
d6f5d9247.jpg,False,False,True,False,False,1,3
d6f74b2a0.jpg,False,False,False,False,True,0,none
d6f8c31a2.jpg,False,False,False,False,True,0,none
d6ff87222.jpg,False,False,False,True,False,1,4
d70100be8.jpg,True,False,False,False,False,1,1
d706e7f5e.jpg,False,False,False,False,True,0,none
d708fbaa0.jpg,False,False,False,False,True,0,none
d70e75dca.jpg,True,False,False,False,False,1,1
d7145a746.jpg,False,False,False,False,True,0,none
d717541d8.jpg,False,False,False,False,True,0,none
d717685ea.jpg,False,False,False,False,True,0,none
d71e73d6f.jpg,False,False,True,False,False,1,3
d72037f3c.jpg,False,False,True,False,False,1,3
d7221e8ce.jpg,True,False,False,False,False,1,1
d72237bd5.jpg,False,False,False,False,True,0,none
d7311b37e.jpg,False,False,False,False,True,0,none
d73e9b13b.jpg,False,False,True,False,False,1,3
d74442547.jpg,False,False,True,False,False,1,3
d7446a2b2.jpg,False,False,False,False,True,0,none
d74c7c967.jpg,False,False,True,False,False,1,3
d75725fc3.jpg,False,True,False,False,False,1,2
d75a84b44.jpg,False,False,True,False,False,1,3
d75bc6f97.jpg,False,False,False,False,True,0,none
d7608fbdb.jpg,True,False,False,False,False,1,1
d762461d5.jpg,False,False,True,False,False,1,3
d767630fe.jpg,False,False,False,False,True,0,none
d7686d307.jpg,False,False,True,False,False,1,3
d76b0dc68.jpg,False,False,False,False,True,0,none
d76dc5d62.jpg,False,False,False,False,True,0,none
d773ff10c.jpg,False,False,True,False,False,1,3
d7749f865.jpg,False,False,True,True,False,2,3+4
d77a3d70e.jpg,False,False,False,False,True,0,none
d77e9ff45.jpg,False,False,False,True,False,1,4
d784bd04b.jpg,False,False,False,False,True,0,none
d78b273c3.jpg,False,False,False,False,True,0,none
d78e97810.jpg,False,False,True,False,False,1,3
d7939330f.jpg,False,False,False,False,True,0,none
d79e948c4.jpg,True,False,False,False,False,1,1
d7a43c6f6.jpg,False,False,True,False,False,1,3
d7a6b31ea.jpg,False,False,True,True,False,2,3+4
d7a966551.jpg,False,False,True,False,False,1,3
d7aa8391c.jpg,False,False,False,False,True,0,none
d7ae2c9be.jpg,False,False,True,False,False,1,3
d7af729ba.jpg,False,False,False,False,True,0,none
d7af73039.jpg,False,False,False,False,True,0,none
d7b0f2130.jpg,False,False,True,False,False,1,3
d7b55e108.jpg,False,False,False,False,True,0,none
d7b5d31e5.jpg,False,False,False,False,True,0,none
d7bd3c79c.jpg,False,False,False,False,True,0,none
d7c2c6ba8.jpg,False,False,True,False,False,1,3
d7c3e7334.jpg,False,False,False,False,True,0,none
d7c4cd2dd.jpg,False,False,False,False,True,0,none
d7c560ed5.jpg,False,False,True,False,False,1,3
d7c5eab80.jpg,False,False,False,False,True,0,none
d7c7e1747.jpg,False,False,False,False,True,0,none
d7dba3a05.jpg,False,False,True,False,False,1,3
d7e3d3784.jpg,False,False,True,False,False,1,3
d7e693160.jpg,False,False,False,True,False,1,4
d7eb453fe.jpg,True,False,False,False,False,1,1
d7f6f26c4.jpg,False,False,False,False,True,0,none
d7fc606cd.jpg,False,False,False,False,True,0,none
d802b10c5.jpg,False,False,True,False,False,1,3
d806c4bd6.jpg,True,False,False,False,False,1,1
d808c5310.jpg,False,False,False,False,True,0,none
d80ccc3d8.jpg,False,False,False,False,True,0,none
d80d59653.jpg,False,False,False,True,False,1,4
d810f2ad7.jpg,False,False,False,False,True,0,none
d812de018.jpg,False,False,True,False,False,1,3
d81776111.jpg,False,False,False,False,True,0,none
d81c1025c.jpg,False,False,False,False,True,0,none
d81eb8a93.jpg,False,False,True,False,False,1,3
d81f90b35.jpg,False,False,True,False,False,1,3
d820dc2dd.jpg,False,False,False,False,True,0,none
d8254a8ee.jpg,False,False,True,False,False,1,3
d8255f13a.jpg,True,False,False,False,False,1,1
d836aca54.jpg,False,False,False,False,True,0,none
d846db3b6.jpg,False,False,True,False,False,1,3
d849d7a48.jpg,False,False,True,False,False,1,3
d84ad849e.jpg,True,False,False,False,False,1,1
d85c49519.jpg,False,False,False,False,True,0,none
d85d973bd.jpg,False,False,False,False,True,0,none
d85e86732.jpg,False,False,False,False,True,0,none
d85f94a97.jpg,False,False,True,False,False,1,3
d860da430.jpg,False,False,True,False,False,1,3
d86727f32.jpg,False,False,True,False,False,1,3
d869026cd.jpg,False,False,True,True,False,2,3+4
d86b373f5.jpg,False,False,False,False,True,0,none
d86b4b652.jpg,False,False,False,False,True,0,none
d8907a2aa.jpg,False,False,False,False,True,0,none
d8978ca15.jpg,False,False,True,False,False,1,3
d89d52e53.jpg,True,False,False,False,False,1,1
d8a2472a7.jpg,False,False,False,False,True,0,none
d8a7f9cab.jpg,False,False,False,True,False,1,4
d8a8fed32.jpg,False,False,True,False,False,1,3
d8aeec2d5.jpg,False,False,True,True,False,2,3+4
d8b6334f7.jpg,False,False,True,False,False,1,3
d8bdca735.jpg,False,False,False,False,True,0,none
d8be02bfa.jpg,False,False,False,False,True,0,none
d8c10c73f.jpg,False,False,False,False,True,0,none
d8c29060a.jpg,False,False,False,False,True,0,none
d8cc693b1.jpg,False,False,False,False,True,0,none
d8ce6ab59.jpg,False,False,False,False,True,0,none
d8cf18d6b.jpg,False,False,False,False,True,0,none
d8d7851ee.jpg,False,False,False,False,True,0,none
d8d851749.jpg,False,False,True,False,False,1,3
d8dbdc59e.jpg,False,False,False,True,False,1,4
d8e11064e.jpg,False,False,False,False,True,0,none
d8e21a2ae.jpg,False,False,True,False,False,1,3
d8e384009.jpg,False,False,False,False,True,0,none
d8e9d10b6.jpg,False,False,False,False,True,0,none
d8f40c205.jpg,False,False,False,False,True,0,none
d8f5a6706.jpg,False,False,True,True,False,2,3+4
d8fd862af.jpg,False,False,False,False,True,0,none
d8fe48b12.jpg,False,False,False,False,True,0,none
d9038cc42.jpg,False,False,False,False,True,0,none
d90687600.jpg,False,False,False,False,True,0,none
d9077b7f2.jpg,True,False,False,False,False,1,1
d9145f0fb.jpg,False,False,True,False,False,1,3
d91c205e6.jpg,False,False,False,False,True,0,none
d9285f64c.jpg,False,False,False,False,True,0,none
d930342a1.jpg,False,False,False,False,True,0,none
d931d995f.jpg,False,False,False,False,True,0,none
d9378a0a0.jpg,False,False,True,False,False,1,3
d94082fe6.jpg,False,False,True,False,False,1,3
d94942d60.jpg,False,False,True,False,False,1,3
d95598b3a.jpg,False,False,True,False,False,1,3
d95a9bc58.jpg,False,False,False,False,True,0,none
d95b18cf8.jpg,False,False,False,False,True,0,none
d95c9d342.jpg,True,False,False,False,False,1,1
d963739c3.jpg,False,False,False,False,True,0,none
d96428a9e.jpg,False,False,True,False,False,1,3
d9697c9ab.jpg,False,False,False,False,True,0,none
d96a243a2.jpg,False,False,False,False,True,0,none
d96baa2ce.jpg,False,False,True,False,False,1,3
d96bf6404.jpg,False,False,False,False,True,0,none
d96c0e264.jpg,False,False,False,True,False,1,4
d97933f5f.jpg,False,False,True,False,False,1,3
d97ec0357.jpg,False,False,False,False,True,0,none
d9845d7ae.jpg,False,False,False,False,True,0,none
d98592ff2.jpg,False,False,False,False,True,0,none
d98664198.jpg,False,True,True,False,False,2,2+3
d989f3b29.jpg,False,False,False,False,True,0,none
d99f9f7ac.jpg,False,False,True,True,False,2,3+4
d9a3af776.jpg,False,False,False,False,True,0,none
d9a5c3aae.jpg,False,False,True,False,False,1,3
d9a63b372.jpg,False,False,False,True,False,1,4
d9aa04f0f.jpg,False,False,False,False,True,0,none
d9acdf5cd.jpg,False,False,True,False,False,1,3
d9bfea1ea.jpg,False,False,True,False,False,1,3
d9ce68f4f.jpg,False,False,True,False,False,1,3
d9d94945c.jpg,False,False,False,False,True,0,none
d9d9f2b25.jpg,False,False,True,False,False,1,3
d9e856cff.jpg,False,False,False,False,True,0,none
d9efa06f0.jpg,False,False,False,False,True,0,none
d9fb2247f.jpg,False,False,True,False,False,1,3
d9fc7e2f2.jpg,False,False,False,False,True,0,none
da0262fcf.jpg,False,False,True,False,False,1,3
da0dfd191.jpg,False,False,False,False,True,0,none
da1cc77a7.jpg,False,False,False,False,True,0,none
da20fe743.jpg,False,False,True,False,False,1,3
da2c63b68.jpg,False,False,False,False,True,0,none
da2ee0937.jpg,False,False,False,False,True,0,none
da30cbaf7.jpg,False,False,True,False,False,1,3
da3d96f2f.jpg,False,False,True,False,False,1,3
da42cc9c1.jpg,False,False,False,False,True,0,none
da505edce.jpg,False,False,True,False,False,1,3
da515d6df.jpg,False,False,False,False,True,0,none
da522f333.jpg,False,False,True,False,False,1,3
da55b8d85.jpg,False,False,False,False,True,0,none
da57134fa.jpg,False,False,False,False,True,0,none
da5d7e692.jpg,False,False,False,False,True,0,none
da691bc2e.jpg,False,False,True,False,False,1,3
da6fb7dc1.jpg,True,False,False,False,False,1,1
da730ca91.jpg,False,False,False,False,True,0,none
da800944b.jpg,False,False,False,False,True,0,none
da8ace073.jpg,False,False,True,False,False,1,3
daa45a546.jpg,False,False,False,False,True,0,none
daacde94c.jpg,False,False,True,False,False,1,3
dab01ae21.jpg,False,False,False,False,True,0,none
dab4aae2e.jpg,False,False,False,False,True,0,none
dab5666d9.jpg,False,False,True,False,False,1,3
dabbc106c.jpg,False,False,False,True,False,1,4
dac8a53f7.jpg,False,False,False,False,True,0,none
dac8b95fb.jpg,False,False,False,False,True,0,none
dac8bf38a.jpg,True,False,False,False,False,1,1
dac94b2f6.jpg,False,False,False,False,True,0,none
dae3c563a.jpg,False,False,True,False,False,1,3
daeb19735.jpg,False,False,False,False,True,0,none
daeea39b1.jpg,False,False,True,False,False,1,3
daf0cb98c.jpg,False,False,False,False,True,0,none
daf2897e4.jpg,False,False,True,False,False,1,3
daf330a10.jpg,False,False,False,False,True,0,none
dafaf1165.jpg,False,False,True,False,False,1,3
db03ee270.jpg,False,False,True,False,False,1,3
db0547371.jpg,False,False,True,False,False,1,3
db064ce4a.jpg,True,False,False,False,False,1,1
db1203cf7.jpg,False,False,False,False,True,0,none
db17c18f9.jpg,False,False,True,False,False,1,3
db17f3e99.jpg,False,False,True,False,False,1,3
db1b35480.jpg,False,False,True,False,False,1,3
db1b6f6b5.jpg,False,False,False,False,True,0,none
db1c5b4f7.jpg,True,False,False,False,False,1,1
db2d6da08.jpg,False,False,True,False,False,1,3
db3531bcf.jpg,False,False,False,False,True,0,none
db3712c6d.jpg,False,False,True,False,False,1,3
db37f7aee.jpg,False,False,True,False,False,1,3
db3ce9c95.jpg,False,False,True,True,False,2,3+4
db3d85bc9.jpg,False,False,True,False,False,1,3
db4716807.jpg,False,False,False,True,False,1,4
db4867ee8.jpg,True,True,True,False,False,3,1+2+3
db5241f19.jpg,False,False,True,False,False,1,3
db5aabcb0.jpg,False,False,True,False,False,1,3
db5dd1ed3.jpg,False,False,False,True,False,1,4
db62a970a.jpg,False,False,False,True,False,1,4
db6b86601.jpg,False,False,True,False,False,1,3
db6e420b2.jpg,False,False,False,False,True,0,none
db6f3871b.jpg,False,False,False,False,True,0,none
db749e5a8.jpg,False,False,False,False,True,0,none
db7670e3e.jpg,False,False,True,False,False,1,3
db82efbd9.jpg,False,False,False,False,True,0,none
db8942667.jpg,False,False,False,False,True,0,none
db89feeba.jpg,False,False,True,False,False,1,3
db8b09f05.jpg,False,False,True,False,False,1,3
db91bc8fd.jpg,False,False,False,False,True,0,none
db9a3c664.jpg,False,False,False,False,True,0,none
db9a5ede4.jpg,False,False,False,False,True,0,none
dba57b15f.jpg,False,False,False,False,True,0,none
dbac90dc5.jpg,False,True,False,False,False,1,2
dbb8a1051.jpg,False,False,False,False,True,0,none
dbbd64250.jpg,False,False,False,False,True,0,none
dbc93dc99.jpg,False,False,True,False,False,1,3
dbcd9e81c.jpg,False,False,True,False,False,1,3
dbd727558.jpg,False,False,False,False,True,0,none
dbd7ba010.jpg,False,False,True,False,False,1,3
dbd7f1a99.jpg,False,False,False,False,True,0,none
dbe255803.jpg,False,False,True,False,False,1,3
dbe26ec70.jpg,False,False,False,False,True,0,none
dbe2d92ec.jpg,False,False,True,False,False,1,3
dbe3f3192.jpg,False,False,True,False,False,1,3
dbe808a3d.jpg,False,False,False,False,True,0,none
dbed55a94.jpg,False,False,False,False,True,0,none
dbf8177c1.jpg,False,False,False,True,False,1,4
dbfb99099.jpg,False,False,False,False,True,0,none
dc03b4f94.jpg,False,False,False,False,True,0,none
dc0c6c0de.jpg,False,False,True,False,False,1,3
dc0fc027e.jpg,False,False,False,False,True,0,none
dc1acc527.jpg,False,False,True,False,False,1,3
dc2b020ba.jpg,False,False,True,False,False,1,3
dc319912e.jpg,False,False,True,False,False,1,3
dc3740c5c.jpg,False,False,True,False,False,1,3
dc3959c7b.jpg,False,False,False,False,True,0,none
dc46bd374.jpg,False,False,True,False,False,1,3
dc46cd893.jpg,False,False,True,False,False,1,3
dc4900cb3.jpg,False,False,False,False,True,0,none
dc499be11.jpg,True,False,False,False,False,1,1
dc4c76517.jpg,False,False,True,False,False,1,3
dc5110311.jpg,False,False,False,False,True,0,none
dc58fa33b.jpg,False,True,False,False,False,1,2
dc59b5377.jpg,False,False,False,False,True,0,none
dc5e7f2c8.jpg,False,False,False,False,True,0,none
dc5f711fa.jpg,False,False,False,False,True,0,none
dc6028399.jpg,False,False,True,False,False,1,3
dc607256d.jpg,False,False,True,False,False,1,3
dc636ab48.jpg,False,True,False,False,False,1,2
dc66cdc19.jpg,False,False,True,False,False,1,3
dc67d78bf.jpg,True,False,False,False,False,1,1
dc6ab466a.jpg,False,False,False,False,True,0,none
dc6bc2963.jpg,False,False,True,False,False,1,3
dc702eb04.jpg,False,False,True,True,False,2,3+4
dc7c4b465.jpg,False,False,False,False,True,0,none
dc815052a.jpg,False,False,False,False,True,0,none
dc845f534.jpg,False,False,False,False,True,0,none
dc8e7690a.jpg,False,False,True,False,False,1,3
dc94faafc.jpg,False,False,False,True,False,1,4
dc9a471e6.jpg,False,False,False,False,True,0,none
dca8e6597.jpg,False,False,False,False,True,0,none
dcb12d9cc.jpg,False,False,False,False,True,0,none
dcb3d23c8.jpg,False,False,True,False,False,1,3
dcb5c0ae0.jpg,False,False,False,False,True,0,none
dcc2e4f93.jpg,False,False,True,False,False,1,3
dcc3c7a50.jpg,False,False,True,False,False,1,3
dcc4ae98f.jpg,False,False,True,False,False,1,3
dcc794850.jpg,False,False,False,False,True,0,none
dccad1675.jpg,False,False,False,False,True,0,none
dccd32def.jpg,False,False,False,True,False,1,4
dcd1ff127.jpg,False,False,False,True,False,1,4
dcd2b0763.jpg,False,False,False,False,True,0,none
dcd6231d8.jpg,False,False,False,False,True,0,none
dce018412.jpg,False,False,False,False,True,0,none
dce70d399.jpg,True,False,False,False,False,1,1
dcebef38e.jpg,True,False,False,False,False,1,1
dcf0a3a06.jpg,False,False,True,False,False,1,3
dcf78e7eb.jpg,False,False,True,False,False,1,3
dcfd9b8c4.jpg,False,False,True,False,False,1,3
dd0435139.jpg,False,False,False,False,True,0,none
dd1088aa8.jpg,False,False,False,False,True,0,none
dd154baf9.jpg,False,False,False,False,True,0,none
dd1683e7b.jpg,False,False,True,False,False,1,3
dd172eb82.jpg,False,False,True,False,False,1,3
dd175c50c.jpg,False,False,True,False,False,1,3
dd2390317.jpg,False,False,False,True,False,1,4
dd2a5ec17.jpg,False,False,False,False,True,0,none
dd2c992b2.jpg,False,False,True,False,False,1,3
dd2f53d43.jpg,False,False,False,False,True,0,none
dd3306311.jpg,False,False,False,False,True,0,none
dd345169c.jpg,False,False,True,False,False,1,3
dd39e9c31.jpg,False,False,False,False,True,0,none
dd3bf4f47.jpg,False,False,False,False,True,0,none
dd3cc78a9.jpg,False,False,False,False,True,0,none
dd3efb748.jpg,False,False,True,False,False,1,3
dd41bdd9e.jpg,False,False,False,False,True,0,none
dd4364aa4.jpg,False,False,False,False,True,0,none
dd441d6a0.jpg,True,False,True,False,False,2,1+3
dd44675da.jpg,False,False,False,False,True,0,none
dd4508ac4.jpg,False,False,False,False,True,0,none
dd488d695.jpg,False,False,False,False,True,0,none
dd5e8791e.jpg,False,False,False,False,True,0,none
dd72a8eef.jpg,False,False,True,False,False,1,3
dd74ce9d1.jpg,False,False,False,True,False,1,4
dd7ddd0a8.jpg,False,False,True,False,False,1,3
dd7ef13fb.jpg,False,False,False,False,True,0,none
dd7fcaf4e.jpg,False,False,True,True,False,2,3+4
dd8af6471.jpg,False,False,True,False,False,1,3
dd8df432e.jpg,False,False,True,False,False,1,3
dd8e822bb.jpg,True,False,False,False,False,1,1
dd939d22f.jpg,False,False,False,False,True,0,none
dd975164a.jpg,False,False,False,False,True,0,none
dd97d4b45.jpg,False,False,True,False,False,1,3
dd9e0257b.jpg,False,False,True,False,False,1,3
dda75acd0.jpg,False,False,False,False,True,0,none
ddb6adb93.jpg,False,False,False,False,True,0,none
ddc1ce35c.jpg,False,False,False,False,True,0,none
ddca3e643.jpg,False,False,True,False,False,1,3
ddce2a301.jpg,False,False,True,False,False,1,3
dddb213a1.jpg,False,False,False,False,True,0,none
dde1f8ad2.jpg,False,False,False,False,True,0,none
dde377e40.jpg,False,False,False,False,True,0,none
ddef064ae.jpg,False,False,True,False,False,1,3
ddf1692c2.jpg,False,False,False,True,False,1,4
ddff7e914.jpg,False,False,False,False,True,0,none
de001c4e1.jpg,False,False,True,True,False,2,3+4
de049d393.jpg,False,False,True,False,False,1,3
de087910f.jpg,False,False,True,False,False,1,3
de09c0302.jpg,False,False,False,False,True,0,none
de0b3e7fa.jpg,False,False,False,False,True,0,none
de114dfdd.jpg,False,False,False,True,False,1,4
de144dd49.jpg,False,False,True,False,False,1,3
de15e1a31.jpg,False,False,True,False,False,1,3
de18da6c9.jpg,False,False,False,False,True,0,none
de1983d54.jpg,False,False,True,False,False,1,3
de1ca5185.jpg,False,False,False,False,True,0,none
de1f2b234.jpg,False,False,True,False,False,1,3
de3037e2a.jpg,False,False,False,False,True,0,none
de30e1d91.jpg,False,False,False,False,True,0,none
de37ca856.jpg,False,False,True,False,False,1,3
de3e52e11.jpg,False,False,True,False,False,1,3
de3feffe8.jpg,False,False,False,False,True,0,none
de4a7df6e.jpg,False,False,True,False,False,1,3
de50ea03d.jpg,False,False,False,False,True,0,none
de5a08726.jpg,True,False,False,False,False,1,1
de5c88140.jpg,False,False,False,False,True,0,none
de5f11a6b.jpg,False,False,False,False,True,0,none
de6c85c29.jpg,False,False,True,False,False,1,3
de6d967a7.jpg,False,False,False,False,True,0,none
de7529941.jpg,False,False,False,False,True,0,none
de79fa864.jpg,False,False,True,False,False,1,3
de7ccd490.jpg,False,False,True,False,False,1,3
de7e172fb.jpg,False,False,True,False,False,1,3
de7e1bfcb.jpg,False,False,False,False,True,0,none
de7eb4006.jpg,False,False,False,False,True,0,none
de85a0a75.jpg,False,False,True,False,False,1,3
de85c63cb.jpg,False,False,True,True,False,2,3+4
de8718f9d.jpg,False,False,False,False,True,0,none
de8913f2c.jpg,False,False,False,False,True,0,none
de89591c4.jpg,True,False,False,False,False,1,1
de8aa269b.jpg,False,False,True,False,False,1,3
de90cb5f1.jpg,False,False,True,False,False,1,3
de964f1e4.jpg,False,False,True,False,False,1,3
de9737017.jpg,False,False,True,False,False,1,3
de9ce7271.jpg,True,False,False,False,False,1,1
dea277f4a.jpg,False,False,True,False,False,1,3
dea31c6e2.jpg,False,False,True,False,False,1,3
dea514023.jpg,False,False,False,False,True,0,none
dea52fa7a.jpg,False,False,False,False,True,0,none
deaa30604.jpg,True,False,False,False,False,1,1
deb036a27.jpg,False,False,True,False,False,1,3
deb491e54.jpg,False,False,False,False,True,0,none
deb688828.jpg,False,False,False,False,True,0,none
deb855665.jpg,False,False,False,False,True,0,none
deb8bf4c3.jpg,False,False,False,False,True,0,none
debacdfce.jpg,False,False,False,False,True,0,none
dec7344c8.jpg,True,False,False,False,False,1,1
deca512a1.jpg,False,False,False,False,True,0,none
ded190c2b.jpg,False,False,False,False,True,0,none
ded3e76e3.jpg,False,False,True,False,False,1,3
ded434019.jpg,False,False,False,False,True,0,none
ded5c87e8.jpg,False,False,True,False,False,1,3
dedd68ca3.jpg,False,False,False,False,True,0,none
dee367c77.jpg,False,False,True,False,False,1,3
dee68db68.jpg,False,False,True,False,False,1,3
deeaf3acf.jpg,False,False,False,False,True,0,none
def010af5.jpg,False,False,True,False,False,1,3
def2ac19d.jpg,False,False,True,False,False,1,3
def2e3f57.jpg,False,False,True,False,False,1,3
def2ff0c5.jpg,False,False,True,False,False,1,3
defcae4cc.jpg,True,False,False,False,False,1,1
defee8509.jpg,False,False,True,False,False,1,3
deff23782.jpg,True,False,False,False,False,1,1
df0168063.jpg,False,False,True,False,False,1,3
df0430717.jpg,False,False,True,False,False,1,3
df052e6d3.jpg,False,False,False,False,True,0,none
df17684d1.jpg,False,False,True,False,False,1,3
df233f70a.jpg,False,False,False,False,True,0,none
df3241f54.jpg,False,False,False,False,True,0,none
df404d739.jpg,False,False,False,False,True,0,none
df4b00e66.jpg,False,False,False,False,True,0,none
df4d01acb.jpg,False,False,True,False,False,1,3
df501d7c9.jpg,False,False,False,False,True,0,none
df55b085a.jpg,False,False,False,True,False,1,4
df562f187.jpg,False,False,False,False,True,0,none
df5a28d84.jpg,False,False,False,False,True,0,none
df5c68422.jpg,False,False,True,False,False,1,3
df5fa0c40.jpg,False,False,False,False,True,0,none
df656b199.jpg,False,False,True,False,False,1,3
df6e8da02.jpg,False,False,True,False,False,1,3
df70a7e07.jpg,True,False,False,False,False,1,1
df7597610.jpg,False,False,False,False,True,0,none
df76ae5b5.jpg,False,False,False,False,True,0,none
df79cce6c.jpg,False,False,False,False,True,0,none
df79e76af.jpg,False,False,False,False,True,0,none
df8db80e1.jpg,False,False,False,False,True,0,none
df8e56f94.jpg,False,False,True,False,False,1,3
df917bee3.jpg,False,False,False,False,True,0,none
df957cf27.jpg,False,False,False,False,True,0,none
df983abed.jpg,False,False,True,False,False,1,3
df997913a.jpg,False,False,False,False,True,0,none
df9f30a8f.jpg,False,False,False,False,True,0,none
dfaf08628.jpg,False,False,False,False,True,0,none
dfb34ff29.jpg,False,False,False,False,True,0,none
dfbd6656a.jpg,False,False,True,False,False,1,3
dfc4b8d29.jpg,False,False,True,False,False,1,3
dfc895f18.jpg,False,False,False,True,False,1,4
dfc9f643d.jpg,False,False,False,False,True,0,none
dfcbbe004.jpg,False,False,False,False,True,0,none
dfcc8d751.jpg,False,False,True,False,False,1,3
dfd0385e1.jpg,False,False,False,False,True,0,none
dfd8a544d.jpg,False,False,True,False,False,1,3
dfe59369c.jpg,False,False,False,False,True,0,none
dfe79ed0f.jpg,False,False,True,False,False,1,3
dfefd11c4.jpg,False,False,False,False,True,0,none
dff0b1993.jpg,False,False,False,False,True,0,none
dff14f87b.jpg,False,False,False,True,False,1,4
dff1d028a.jpg,False,False,True,False,False,1,3
dff8ecef4.jpg,True,False,False,False,False,1,1
dffdd2aba.jpg,False,False,False,False,True,0,none
e00119994.jpg,False,False,False,False,True,0,none
e003d691f.jpg,False,False,True,False,False,1,3
e006b532b.jpg,True,False,False,False,False,1,1
e007cfe77.jpg,False,False,True,False,False,1,3
e00ad65a3.jpg,False,False,False,False,True,0,none
e013286ef.jpg,False,False,False,True,False,1,4
e02ffc95b.jpg,False,False,True,False,False,1,3
e03364e95.jpg,False,False,False,False,True,0,none
e0354613c.jpg,False,False,False,False,True,0,none
e036add44.jpg,False,False,True,False,False,1,3
e03bf53d8.jpg,False,False,True,False,False,1,3
e03dd6e96.jpg,False,False,True,False,False,1,3
e047325fc.jpg,False,False,False,False,True,0,none
e0490b7cf.jpg,False,False,True,False,False,1,3
e04be8eca.jpg,False,False,True,False,False,1,3
e04f1f2a6.jpg,False,False,True,False,False,1,3
e04f5c163.jpg,False,False,True,False,False,1,3
e0524919c.jpg,False,False,False,False,True,0,none
e0546380b.jpg,False,False,False,False,True,0,none
e054a983d.jpg,False,False,True,False,False,1,3
e055a603c.jpg,False,False,True,False,False,1,3
e055afd50.jpg,False,False,True,False,False,1,3
e0593f542.jpg,False,False,True,False,False,1,3
e06b62ce3.jpg,False,False,False,False,True,0,none
e06eb8f50.jpg,False,False,False,False,True,0,none
e06ffc6cb.jpg,False,False,False,False,True,0,none
e078bff60.jpg,False,False,True,True,False,2,3+4
e07c94229.jpg,False,False,True,False,False,1,3
e07f3eb4b.jpg,False,False,True,False,False,1,3
e07f3f1b3.jpg,False,False,True,False,False,1,3
e082660b1.jpg,False,False,False,False,True,0,none
e083ac9a7.jpg,False,False,False,False,True,0,none
e097b9586.jpg,False,False,False,False,True,0,none
e09da86ae.jpg,False,False,False,False,True,0,none
e09fc9a60.jpg,False,False,False,False,True,0,none
e0a10c8dc.jpg,False,False,False,False,True,0,none
e0a16fca0.jpg,False,False,False,False,True,0,none
e0a29a9da.jpg,False,False,False,False,True,0,none
e0ad8fed3.jpg,False,False,True,False,False,1,3
e0b3e7b3f.jpg,False,False,True,True,False,2,3+4
e0bbfc7b9.jpg,False,False,False,False,True,0,none
e0c12a442.jpg,False,False,False,False,True,0,none
e0c2546c3.jpg,False,False,False,False,True,0,none
e0c5c05ad.jpg,False,False,False,False,True,0,none
e0cc2a416.jpg,False,False,True,False,False,1,3
e0cf5558b.jpg,False,False,True,False,False,1,3
e0eade7b1.jpg,False,False,True,True,False,2,3+4
e0eefb4a2.jpg,False,False,True,True,False,2,3+4
e0ef5458c.jpg,False,False,False,False,True,0,none
e0f80254f.jpg,False,False,True,False,False,1,3
e0fc2a4c2.jpg,True,False,False,False,False,1,1
e104181f2.jpg,False,False,True,False,False,1,3
e112722b3.jpg,False,False,False,False,True,0,none
e11ed6a65.jpg,False,False,True,False,False,1,3
e11fba57d.jpg,False,False,False,False,True,0,none
e12136afc.jpg,False,False,True,False,False,1,3
e122028b3.jpg,False,False,False,False,True,0,none
e1260600a.jpg,False,False,False,False,True,0,none
e1295bfa5.jpg,False,False,False,False,True,0,none
e131b10b3.jpg,False,False,True,False,False,1,3
e1375b0a1.jpg,False,False,False,False,True,0,none
e13c443d5.jpg,False,False,True,False,False,1,3
e13c54eb6.jpg,False,False,False,False,True,0,none
e13e952d1.jpg,False,False,True,False,False,1,3
e1560e1d0.jpg,False,False,True,False,False,1,3
e15a18c3e.jpg,False,False,True,False,False,1,3
e15eff9bd.jpg,False,False,False,False,True,0,none
e1662a8c3.jpg,False,False,True,False,False,1,3
e16b7d494.jpg,False,False,False,True,False,1,4
e1727840b.jpg,False,False,False,False,True,0,none
e1811b98f.jpg,False,False,False,False,True,0,none
e18358461.jpg,False,False,False,False,True,0,none
e18453e79.jpg,False,False,False,False,True,0,none
e195c6b17.jpg,False,False,True,False,False,1,3
e19ca4457.jpg,False,False,True,False,False,1,3
e19dec218.jpg,False,False,False,False,True,0,none
e1a1a00a7.jpg,False,False,False,False,True,0,none
e1a9e7c49.jpg,False,False,False,True,False,1,4
e1aec490e.jpg,False,False,False,False,True,0,none
e1b18d841.jpg,False,False,True,False,False,1,3
e1b97f71c.jpg,False,False,False,False,True,0,none
e1bc34727.jpg,False,False,True,False,False,1,3
e1bf6b458.jpg,False,False,False,False,True,0,none
e1c960f0b.jpg,False,False,False,False,True,0,none
e1db7ee54.jpg,False,False,True,False,False,1,3
e1de957d4.jpg,False,False,False,False,True,0,none
e1e0a91b8.jpg,False,False,True,False,False,1,3
e1eaea5df.jpg,False,False,False,False,True,0,none
e1ef0b25d.jpg,False,False,False,False,True,0,none
e1f08c59c.jpg,False,False,True,False,False,1,3
e1fd49274.jpg,False,False,False,False,True,0,none
e2037da93.jpg,False,False,True,True,False,2,3+4
e20a13965.jpg,False,False,False,False,True,0,none
e215c6958.jpg,False,False,False,False,True,0,none
e21fd95ad.jpg,False,False,False,True,False,1,4
e225d313b.jpg,False,False,False,False,True,0,none
e22b027ee.jpg,False,False,True,False,False,1,3
e22b3105b.jpg,False,False,False,False,True,0,none
e22c8bee8.jpg,False,False,False,False,True,0,none
e23f2d103.jpg,False,False,False,True,False,1,4
e24be9ec4.jpg,False,False,False,False,True,0,none
e2512d5f4.jpg,False,False,True,False,False,1,3
e252d3b42.jpg,False,False,False,False,True,0,none
e252d3c98.jpg,False,False,False,False,True,0,none
e2793bad2.jpg,False,False,False,False,True,0,none
e279406f9.jpg,False,False,False,False,True,0,none
e29a708e0.jpg,True,False,False,False,False,1,1
e29d6c141.jpg,False,False,True,False,False,1,3
e29f1a47a.jpg,False,False,True,False,False,1,3
e2a6c57b8.jpg,False,False,False,False,True,0,none
e2abceace.jpg,False,False,True,False,False,1,3
e2ad8a12a.jpg,False,False,True,False,False,1,3
e2b3cf9a4.jpg,True,False,False,False,False,1,1
e2b67b778.jpg,False,False,False,False,True,0,none
e2bdd4236.jpg,False,False,True,False,False,1,3
e2c071661.jpg,False,False,False,False,True,0,none
e2c203a0f.jpg,False,False,True,False,False,1,3
e2c3cb4ec.jpg,False,False,False,False,True,0,none
e2c3eb1ff.jpg,False,False,False,False,True,0,none
e2c4275d6.jpg,False,True,False,False,False,1,2
e2cc5ba4f.jpg,False,False,False,False,True,0,none
e2d02393b.jpg,False,False,True,False,False,1,3
e2d64c010.jpg,True,False,True,False,False,2,1+3
e2d7cf5a9.jpg,False,False,False,True,False,1,4
e2ec0b2fc.jpg,False,False,False,False,True,0,none
e2f004578.jpg,False,False,True,False,False,1,3
e2f3d138a.jpg,False,False,True,False,False,1,3
e2f601a45.jpg,False,False,False,False,True,0,none
e2fa1744f.jpg,False,False,False,False,True,0,none
e30a322d7.jpg,False,False,True,True,False,2,3+4
e30ea20d9.jpg,False,False,True,False,False,1,3
e3134b6c1.jpg,False,False,False,False,True,0,none
e3143c8d2.jpg,False,False,True,False,False,1,3
e31906f91.jpg,False,False,False,False,True,0,none
e31ec1eb2.jpg,False,False,False,False,True,0,none
e31f8c3de.jpg,False,False,False,True,False,1,4
e3228a3cf.jpg,False,False,False,False,True,0,none
e3275fb2f.jpg,False,False,False,False,True,0,none
e3279f86e.jpg,False,False,True,False,False,1,3
e32bb7b41.jpg,False,False,True,False,False,1,3
e32bba07f.jpg,False,False,True,False,False,1,3
e32dfbf22.jpg,False,False,False,False,True,0,none
e33294689.jpg,False,False,False,False,True,0,none
e335e17b2.jpg,False,False,False,False,True,0,none
e336d67b7.jpg,False,False,False,False,True,0,none
e3382c0b9.jpg,False,False,False,False,True,0,none
e34486a68.jpg,False,False,False,False,True,0,none
e3485d08f.jpg,False,False,True,False,False,1,3
e3497bffb.jpg,False,False,False,False,True,0,none
e34f68168.jpg,False,False,True,False,False,1,3
e35988507.jpg,False,False,False,False,True,0,none
e35a68f07.jpg,True,False,False,False,False,1,1
e35d1e99c.jpg,False,False,False,False,True,0,none
e364fb7b7.jpg,False,False,False,False,True,0,none
e36a70d40.jpg,False,False,True,False,False,1,3
e385380e1.jpg,False,False,True,True,False,2,3+4
e387ce326.jpg,False,False,False,False,True,0,none
e38fb8774.jpg,False,False,False,False,True,0,none
e3988634c.jpg,False,False,True,False,False,1,3
e39c0bbac.jpg,False,False,False,False,True,0,none
e39ce3e34.jpg,False,False,False,False,True,0,none
e3abf3c7a.jpg,False,False,False,False,True,0,none
e3adffbc1.jpg,False,False,False,False,True,0,none
e3b9a7b07.jpg,False,False,True,True,False,2,3+4
e3c8b3a70.jpg,False,False,True,False,False,1,3
e3cb41559.jpg,False,False,False,False,True,0,none
e3d92bcc1.jpg,False,False,False,False,True,0,none
e3e1bb16a.jpg,False,False,True,False,False,1,3
e3e8594fa.jpg,False,False,True,False,False,1,3
e3ef636f3.jpg,False,False,False,False,True,0,none
e3f979ef5.jpg,False,False,True,False,False,1,3
e3fe831b7.jpg,False,False,True,False,False,1,3
e401b6539.jpg,True,False,False,False,False,1,1
e40347dd6.jpg,False,False,False,False,True,0,none
e40b5fde7.jpg,False,False,False,False,True,0,none
e40e068f3.jpg,True,False,False,False,False,1,1
e414bb64e.jpg,False,False,False,False,True,0,none
e4173df9a.jpg,False,False,False,False,True,0,none
e42311f08.jpg,False,False,False,True,False,1,4
e430d4f76.jpg,False,False,False,False,True,0,none
e4329f291.jpg,False,False,False,False,True,0,none
e43a0ca28.jpg,False,False,False,False,True,0,none
e43b67340.jpg,False,False,True,False,False,1,3
e44250e76.jpg,False,False,False,False,True,0,none
e4454f42e.jpg,False,False,True,False,False,1,3
e44a065d8.jpg,False,False,True,False,False,1,3
e45010a6a.jpg,False,False,True,False,False,1,3
e4547788b.jpg,False,False,True,False,False,1,3
e461fe709.jpg,False,False,False,True,False,1,4
e4645dffc.jpg,False,False,True,False,False,1,3
e46526f80.jpg,False,False,False,False,True,0,none
e47028cb2.jpg,False,False,False,False,True,0,none
e473f2647.jpg,False,False,True,False,False,1,3
e4757c6fc.jpg,False,False,False,False,True,0,none
e475fb44e.jpg,False,False,True,False,False,1,3
e479a2e88.jpg,True,False,False,False,False,1,1
e47ea998e.jpg,False,False,True,False,False,1,3
e481c68fd.jpg,False,False,True,False,False,1,3
e482bf630.jpg,False,False,True,False,False,1,3
e48411a83.jpg,False,False,False,False,True,0,none
e490e1b5b.jpg,False,False,False,False,True,0,none
e4911993d.jpg,False,False,True,False,False,1,3
e493a8167.jpg,False,False,True,False,False,1,3
e49407f6c.jpg,False,False,True,False,False,1,3
e495d5456.jpg,False,False,True,True,False,2,3+4
e4a08cef1.jpg,False,False,False,False,True,0,none
e4a7202d9.jpg,False,True,False,False,False,1,2
e4a964382.jpg,False,False,True,False,False,1,3
e4acd9063.jpg,False,False,False,False,True,0,none
e4ad9f339.jpg,False,False,False,False,True,0,none
e4b3b7491.jpg,False,False,True,False,False,1,3
e4b71594a.jpg,False,False,False,False,True,0,none
e4c674de4.jpg,False,False,False,False,True,0,none
e4c74d00a.jpg,False,False,False,True,False,1,4
e4c9c8ab3.jpg,False,False,True,False,False,1,3
e4cf989d9.jpg,False,False,False,False,True,0,none
e4d0d99fd.jpg,False,False,False,False,True,0,none
e4d2933d9.jpg,False,False,True,False,False,1,3
e4d31b81a.jpg,False,False,False,False,True,0,none
e4d59620c.jpg,False,False,False,False,True,0,none
e4d934562.jpg,False,False,False,False,True,0,none
e4d9efbaa.jpg,True,False,True,False,False,2,1+3
e4da37c1e.jpg,True,True,False,False,False,2,1+2
e4dffa21c.jpg,False,False,False,False,True,0,none
e4e295238.jpg,False,False,False,False,True,0,none
e4e9700de.jpg,False,False,False,True,False,1,4
e4f4ee905.jpg,False,False,True,False,False,1,3
e4f959925.jpg,False,False,False,False,True,0,none
e4fe95209.jpg,False,False,True,False,False,1,3
e4fefe327.jpg,False,False,False,False,True,0,none
e4ffb90cb.jpg,False,False,False,False,True,0,none
e514a96ce.jpg,False,False,False,False,True,0,none
e518fa6aa.jpg,False,False,False,False,True,0,none
e51c76beb.jpg,False,False,True,False,False,1,3
e523f2341.jpg,False,False,False,False,True,0,none
e529500db.jpg,False,False,False,False,True,0,none
e52f2f2de.jpg,True,False,False,False,False,1,1
e5396a44e.jpg,False,False,True,False,False,1,3
e54b50c33.jpg,False,False,False,False,True,0,none
e55bc715f.jpg,False,False,False,True,False,1,4
e564abf31.jpg,False,False,False,False,True,0,none
e56c928ee.jpg,False,False,True,False,False,1,3
e56d5dfde.jpg,False,True,False,False,False,1,2
e56f52c1e.jpg,False,True,False,False,False,1,2
e573261f9.jpg,False,False,False,False,True,0,none
e573ac857.jpg,False,False,True,True,False,2,3+4
e57c6ff76.jpg,False,False,True,False,False,1,3
e57efd4b4.jpg,False,False,True,False,False,1,3
e5875ecbd.jpg,False,False,False,False,True,0,none
e58764ee5.jpg,False,False,True,False,False,1,3
e589cb68b.jpg,False,False,True,False,False,1,3
e58a3db1c.jpg,False,False,False,False,True,0,none
e58d23f69.jpg,False,False,False,False,True,0,none
e59a4b5cb.jpg,False,True,False,False,False,1,2
e59ee3b8e.jpg,False,False,False,False,True,0,none
e5a19c1ea.jpg,False,False,False,False,True,0,none
e5a59184b.jpg,False,False,True,False,False,1,3
e5acd8af8.jpg,False,False,True,False,False,1,3
e5b65b5ec.jpg,False,False,True,False,False,1,3
e5c50b997.jpg,False,False,True,False,False,1,3
e5cc898b6.jpg,False,False,True,False,False,1,3
e5ccbb1b8.jpg,False,False,False,False,True,0,none
e5d954e34.jpg,False,False,True,False,False,1,3
e5dc1f3a9.jpg,False,False,False,False,True,0,none
e5dd1ea97.jpg,False,False,True,False,False,1,3
e5dfaf632.jpg,False,False,True,False,False,1,3
e5e0fe470.jpg,False,False,True,False,False,1,3
e5e22441b.jpg,False,False,False,False,True,0,none
e5ea04944.jpg,False,False,True,False,False,1,3
e5f1d5a38.jpg,False,False,True,False,False,1,3
e5f9a5bb9.jpg,False,False,True,True,False,2,3+4
e6042b9a7.jpg,False,False,False,False,True,0,none
e60c46d38.jpg,False,False,False,False,True,0,none
e6123fb08.jpg,True,False,False,False,False,1,1
e616ad745.jpg,False,False,True,False,False,1,3
e616d2879.jpg,False,False,False,False,True,0,none
e6207db1a.jpg,False,False,False,False,True,0,none
e622e319f.jpg,False,False,True,False,False,1,3
e626f4152.jpg,False,False,False,False,True,0,none
e628d230c.jpg,False,False,True,False,False,1,3
e63a509d7.jpg,False,False,False,False,True,0,none
e63aa9aaa.jpg,False,False,True,False,False,1,3
e63ad114c.jpg,False,False,True,False,False,1,3
e642dfc8d.jpg,False,False,False,False,True,0,none
e658a2891.jpg,False,False,True,False,False,1,3
e658c360c.jpg,False,False,False,False,True,0,none
e65c374a9.jpg,False,False,False,False,True,0,none
e65e78f68.jpg,False,False,False,False,True,0,none
e6654d18f.jpg,False,False,False,False,True,0,none
e665a434f.jpg,False,False,True,False,False,1,3
e6678c621.jpg,False,False,False,False,True,0,none
e667de6f9.jpg,True,False,False,False,False,1,1
e668e4735.jpg,False,False,False,False,True,0,none
e669ef644.jpg,False,False,True,False,False,1,3
e66eb3d68.jpg,False,False,True,False,False,1,3
e66ed68e9.jpg,False,False,False,False,True,0,none
e66f146bd.jpg,False,False,False,False,True,0,none
e67d2a5b6.jpg,False,False,False,False,True,0,none
e67ffcc83.jpg,False,False,True,False,False,1,3
e685f521b.jpg,False,False,True,False,False,1,3
e6866fc42.jpg,False,False,False,False,True,0,none
e687fcab8.jpg,False,False,False,False,True,0,none
e690329c1.jpg,False,False,True,False,False,1,3
e696ac71b.jpg,False,False,True,False,False,1,3
e6a44cda3.jpg,False,False,True,False,False,1,3
e6ac69712.jpg,False,True,False,False,False,1,2
e6ae8285e.jpg,False,False,False,False,True,0,none
e6b97f991.jpg,False,False,True,False,False,1,3
e6bf1f9ef.jpg,False,False,False,False,True,0,none
e6bf58db7.jpg,False,False,True,False,False,1,3
e6c0fca2a.jpg,False,False,False,False,True,0,none
e6c277ee2.jpg,False,False,False,False,True,0,none
e6c32de72.jpg,False,False,True,False,False,1,3
e6c3e78f4.jpg,False,False,False,False,True,0,none
e6c67a7f2.jpg,False,False,False,False,True,0,none
e6c89d5fd.jpg,False,False,True,False,False,1,3
e6c97a0fe.jpg,False,False,False,False,True,0,none
e6c9dba7f.jpg,False,False,False,False,True,0,none
e6d535148.jpg,False,False,False,False,True,0,none
e6d66fce2.jpg,False,False,False,False,True,0,none
e6da1179b.jpg,False,False,False,False,True,0,none
e6f273c0f.jpg,False,False,False,False,True,0,none
e6f8789d6.jpg,False,False,True,False,False,1,3
e6f9e427b.jpg,False,False,False,False,True,0,none
e6fd24165.jpg,False,False,True,False,False,1,3
e6feea803.jpg,True,False,True,False,False,2,1+3
e7016d2fe.jpg,False,False,False,False,True,0,none
e7047e396.jpg,False,False,True,False,False,1,3
e70c4768b.jpg,False,False,True,False,False,1,3
e715ab77a.jpg,False,False,False,False,True,0,none
e717b8fb9.jpg,False,False,False,False,True,0,none
e717ccca6.jpg,False,False,True,False,False,1,3
e72232b05.jpg,False,False,False,False,True,0,none
e7268620b.jpg,False,False,True,False,False,1,3
e72dc1d19.jpg,False,False,True,False,False,1,3
e72f4f080.jpg,False,False,False,False,True,0,none
e736e9daf.jpg,False,False,False,False,True,0,none
e73e6271d.jpg,False,False,False,False,True,0,none
e741e43bd.jpg,False,False,True,False,False,1,3
e744a55c6.jpg,False,False,True,False,False,1,3
e74522431.jpg,False,False,False,False,True,0,none
e745c7388.jpg,False,False,True,False,False,1,3
e74cf51d9.jpg,False,False,True,False,False,1,3
e75c7bbd9.jpg,True,False,False,False,False,1,1
e75d92916.jpg,False,False,False,False,True,0,none
e7634e770.jpg,False,False,True,False,False,1,3
e764efaa9.jpg,False,False,True,False,False,1,3
e76e3e8a5.jpg,True,False,False,False,False,1,1
e7758b305.jpg,True,False,False,False,False,1,1
e77710d02.jpg,True,False,False,False,False,1,1
e77ab758f.jpg,False,False,False,False,True,0,none
e77b1fe1c.jpg,False,False,False,False,True,0,none
e77d57652.jpg,False,True,False,False,False,1,2
e78034bbe.jpg,False,False,False,False,True,0,none
e78a524d2.jpg,False,False,False,False,True,0,none
e78fbf89f.jpg,False,False,False,False,True,0,none
e7916b283.jpg,False,False,False,False,True,0,none
e7a980a8f.jpg,False,False,False,False,True,0,none
e7aa7746f.jpg,False,False,True,False,False,1,3
e7aec2b3d.jpg,False,False,True,False,False,1,3
e7aff0392.jpg,False,False,True,False,False,1,3
e7b061629.jpg,False,False,True,False,False,1,3
e7bfb9172.jpg,False,False,False,False,True,0,none
e7c3d93b7.jpg,False,False,False,False,True,0,none
e7c69aea5.jpg,False,False,True,False,False,1,3
e7c8bb535.jpg,False,False,False,False,True,0,none
e7c915edc.jpg,False,False,True,False,False,1,3
e7ca69c59.jpg,False,False,False,False,True,0,none
e7ced5b76.jpg,False,False,True,False,False,1,3
e7d7c87e2.jpg,False,False,True,False,False,1,3
e7deb929f.jpg,False,False,True,False,False,1,3
e7e2036ef.jpg,False,False,True,False,False,1,3
e7e3c3df2.jpg,False,False,False,False,True,0,none
e7e8fd526.jpg,False,False,False,False,True,0,none
e7eebb438.jpg,True,False,False,False,False,1,1
e7f6f95c4.jpg,False,False,False,False,True,0,none
e7fb372da.jpg,False,False,True,False,False,1,3
e806a6fd3.jpg,False,False,True,False,False,1,3
e808d020e.jpg,False,False,True,False,False,1,3
e81458200.jpg,False,False,False,False,True,0,none
e816d6d9a.jpg,True,False,False,False,False,1,1
e81ee8548.jpg,False,False,True,False,False,1,3
e8226144f.jpg,False,False,True,False,False,1,3
e831de714.jpg,False,False,True,False,False,1,3
e8340339d.jpg,False,False,True,False,False,1,3
e837ab860.jpg,False,False,False,False,True,0,none
e83d27de8.jpg,False,False,True,False,False,1,3
e840cf262.jpg,False,False,True,False,False,1,3
e848a32dd.jpg,True,False,False,False,False,1,1
e850c3a86.jpg,False,False,False,False,True,0,none
e851fc03a.jpg,True,False,False,False,False,1,1
e857c7372.jpg,True,False,False,False,False,1,1
e859410a7.jpg,False,False,False,False,True,0,none
e862448c8.jpg,False,False,False,False,True,0,none
e863b1467.jpg,False,False,True,False,False,1,3
e865201fb.jpg,False,False,False,False,True,0,none
e8673ecfe.jpg,False,False,False,False,True,0,none
e868908d6.jpg,False,False,True,False,False,1,3
e869118bb.jpg,False,False,True,False,False,1,3
e869869f0.jpg,False,False,False,False,True,0,none
e86b2f3e2.jpg,False,True,False,False,False,1,2
e86fa030c.jpg,False,False,False,False,True,0,none
e8748c3e9.jpg,False,False,False,False,True,0,none
e874f3235.jpg,False,False,True,False,False,1,3
e880e3468.jpg,False,False,True,False,False,1,3
e8814afd2.jpg,False,False,False,True,False,1,4
e8843df4c.jpg,False,False,False,False,True,0,none
e8986ebbe.jpg,False,False,False,False,True,0,none
e899be178.jpg,False,False,False,False,True,0,none
e89c99064.jpg,False,False,True,False,False,1,3
e89d1f0d8.jpg,False,False,True,False,False,1,3
e89dfa2ad.jpg,False,False,False,False,True,0,none
e89f352f1.jpg,False,False,False,False,True,0,none
e8a04b4f8.jpg,False,False,True,False,False,1,3
e8a40861a.jpg,False,False,True,False,False,1,3
e8a8676e0.jpg,False,False,False,False,True,0,none
e8aacce9c.jpg,False,False,True,False,False,1,3
e8b114d2a.jpg,False,False,False,False,True,0,none
e8b4ddc4d.jpg,False,True,False,False,False,1,2
e8c73d030.jpg,False,False,True,False,False,1,3
e8ea20f7f.jpg,False,False,True,False,False,1,3
e8f6b3f16.jpg,False,False,False,False,True,0,none
e8fefd824.jpg,False,False,True,False,False,1,3
e9068360c.jpg,False,False,False,False,True,0,none
e90b5cff0.jpg,False,False,False,False,True,0,none
e90bfe49b.jpg,False,False,False,False,True,0,none
e90c62d96.jpg,False,False,False,False,True,0,none
e90e3e9e3.jpg,False,False,True,False,False,1,3
e91814529.jpg,True,False,False,False,False,1,1
e91e8cf28.jpg,False,False,False,False,True,0,none
e91f2be81.jpg,False,False,False,False,True,0,none
e92a31190.jpg,False,False,False,False,True,0,none
e9309d54e.jpg,False,False,False,False,True,0,none
e93bfa412.jpg,False,False,True,True,False,2,3+4
e93c77e0f.jpg,False,False,False,False,True,0,none
e93f92e53.jpg,False,False,False,False,True,0,none
e941885fb.jpg,True,False,False,False,False,1,1
e943bbc5b.jpg,False,False,False,False,True,0,none
e9463eb04.jpg,False,False,True,False,False,1,3
e95faa0b1.jpg,False,False,True,False,False,1,3
e96249f5a.jpg,False,False,True,True,False,2,3+4
e97006670.jpg,True,True,False,False,False,2,1+2
e970f97d5.jpg,False,False,False,False,True,0,none
e98824ca8.jpg,False,False,True,False,False,1,3
e98a1dd4a.jpg,False,False,False,False,True,0,none
e98ffbe3d.jpg,False,False,True,False,False,1,3
e998b2a8c.jpg,False,False,False,False,True,0,none
e9a938877.jpg,False,True,False,False,False,1,2
e9ab2fa1c.jpg,False,False,False,False,True,0,none
e9b05db06.jpg,False,False,False,False,True,0,none
e9b0ea466.jpg,False,False,False,False,True,0,none
e9b10d130.jpg,False,False,False,False,True,0,none
e9b77950e.jpg,True,False,True,False,False,2,1+3
e9ba8349b.jpg,False,False,False,False,True,0,none
e9bb31483.jpg,False,False,False,False,True,0,none
e9c4686f0.jpg,False,False,True,False,False,1,3
e9c57b010.jpg,False,False,True,True,False,2,3+4
e9c9ac12d.jpg,False,False,True,False,False,1,3
e9ccb6f17.jpg,False,False,True,False,False,1,3
e9ccf81cf.jpg,True,False,False,False,False,1,1
e9ccfe4b5.jpg,False,False,False,False,True,0,none
e9cd3ae87.jpg,False,False,False,False,True,0,none
e9cff204e.jpg,False,False,False,False,True,0,none
e9d0de676.jpg,False,False,True,False,False,1,3
e9d556855.jpg,False,False,False,False,True,0,none
e9d70c726.jpg,False,False,False,False,True,0,none
e9e04715b.jpg,False,False,False,True,False,1,4
e9e65d5f1.jpg,False,False,False,False,True,0,none
e9e95609c.jpg,False,False,False,False,True,0,none
e9eb5a464.jpg,False,False,False,False,True,0,none
e9ed21340.jpg,False,False,True,False,False,1,3
e9f18d64d.jpg,False,False,False,False,True,0,none
e9f4baa36.jpg,True,False,False,False,False,1,1
e9fa75516.jpg,False,False,True,False,False,1,3
ea0cac9af.jpg,False,False,False,False,True,0,none
ea13e9557.jpg,False,False,True,False,False,1,3
ea168de6c.jpg,False,False,True,False,False,1,3
ea17260aa.jpg,False,False,False,False,True,0,none
ea1e42b6a.jpg,False,False,True,False,False,1,3
ea23dae53.jpg,False,False,True,False,False,1,3
ea28bb97c.jpg,False,False,True,False,False,1,3
ea2ebb194.jpg,False,False,True,False,False,1,3
ea2f3714a.jpg,False,False,False,False,True,0,none
ea30f095d.jpg,False,False,True,False,False,1,3
ea3af526f.jpg,False,False,False,False,True,0,none
ea414b9da.jpg,False,False,False,False,True,0,none
ea463471d.jpg,False,False,True,False,False,1,3
ea476b31f.jpg,False,False,True,False,False,1,3
ea48b3962.jpg,False,False,False,False,True,0,none
ea497a14e.jpg,False,False,False,False,True,0,none
ea4f8eb1d.jpg,False,False,True,False,False,1,3
ea54f9247.jpg,False,False,True,False,False,1,3
ea56440ac.jpg,False,False,False,False,True,0,none
ea5c8ec19.jpg,False,False,True,False,False,1,3
ea5d87b7d.jpg,False,False,False,False,True,0,none
ea6227174.jpg,False,False,True,True,False,2,3+4
ea64f7fc8.jpg,False,False,False,False,True,0,none
ea675dd1e.jpg,False,False,True,False,False,1,3
ea69073bd.jpg,False,False,True,False,False,1,3
ea699b78f.jpg,False,False,False,False,True,0,none
ea766c268.jpg,False,False,False,False,True,0,none
ea7752e39.jpg,False,False,False,False,True,0,none
ea7a4f8ca.jpg,False,False,False,False,True,0,none
ea80c7670.jpg,False,False,False,False,True,0,none
ea87a105c.jpg,False,False,False,False,True,0,none
ea8acd661.jpg,False,False,True,False,False,1,3
ea8e93bb5.jpg,True,False,False,False,False,1,1
ea970bedf.jpg,False,False,True,False,False,1,3
ea9f9985a.jpg,False,False,True,True,False,2,3+4
eaa65effb.jpg,False,False,False,True,False,1,4
eaaa61b15.jpg,False,False,True,False,False,1,3
eab4edf22.jpg,False,False,True,False,False,1,3
eab6bfdea.jpg,False,False,True,False,False,1,3
eab9d667f.jpg,False,False,True,False,False,1,3
eabbbc433.jpg,False,False,False,False,True,0,none
eabd4acaa.jpg,False,False,True,False,False,1,3
ead245f1f.jpg,False,False,False,False,True,0,none
ead253ed7.jpg,False,False,True,False,False,1,3
ead262ba8.jpg,False,False,False,False,True,0,none
ead7d8e70.jpg,False,False,False,False,True,0,none
eadff74bc.jpg,False,False,True,False,False,1,3
eae840b74.jpg,False,False,True,False,False,1,3
eae952e95.jpg,False,False,False,False,True,0,none
eaebc549c.jpg,False,False,True,False,False,1,3
eaf7443a7.jpg,False,False,True,False,False,1,3
eafa8d983.jpg,False,False,False,False,True,0,none
eb082ef3e.jpg,False,False,False,False,True,0,none
eb0969906.jpg,False,False,True,False,False,1,3
eb0c5c725.jpg,False,False,False,False,True,0,none
eb10d7ae4.jpg,False,False,True,False,False,1,3
eb1195bcc.jpg,False,False,False,True,False,1,4
eb18f69ed.jpg,False,False,True,False,False,1,3
eb1f38f03.jpg,False,False,True,True,False,2,3+4
eb2008abd.jpg,False,False,True,False,False,1,3
eb27105ee.jpg,False,False,False,False,True,0,none
eb2b64947.jpg,False,False,False,False,True,0,none
eb2b76683.jpg,True,False,False,False,False,1,1
eb38788df.jpg,False,False,False,False,True,0,none
eb3f5c9c8.jpg,False,False,True,False,False,1,3
eb41bc619.jpg,False,False,False,False,True,0,none
eb4225311.jpg,False,False,True,False,False,1,3
eb44ad79d.jpg,False,False,True,True,False,2,3+4
eb4c89edf.jpg,False,False,True,False,False,1,3
eb529d1e2.jpg,False,False,False,False,True,0,none
eb5677124.jpg,False,False,False,False,True,0,none
eb5a90623.jpg,False,False,False,False,True,0,none
eb5aec756.jpg,False,False,False,False,True,0,none
eb5d79866.jpg,False,False,True,True,False,2,3+4
eb6240583.jpg,False,False,False,False,True,0,none
eb62ffab1.jpg,False,False,False,False,True,0,none
eb630c931.jpg,True,False,False,False,False,1,1
eb68932f0.jpg,False,False,False,False,True,0,none
eb6983d21.jpg,False,False,True,False,False,1,3
eb6e21966.jpg,False,False,False,False,True,0,none
eb7ec1f85.jpg,False,False,True,False,False,1,3
eb81bea67.jpg,False,False,True,False,False,1,3
eb8aa849b.jpg,False,False,True,False,False,1,3
eb8fe7e47.jpg,False,False,True,False,False,1,3
eb9a7b893.jpg,False,False,False,False,True,0,none
eba3998d7.jpg,False,False,False,False,True,0,none
eba817e8d.jpg,False,False,True,False,False,1,3
ebb794625.jpg,False,False,False,False,True,0,none
ebb817ec9.jpg,False,False,False,True,False,1,4
ebb8247c6.jpg,False,False,False,False,True,0,none
ebce68542.jpg,False,False,True,False,False,1,3
ebcfa79fd.jpg,False,False,True,False,False,1,3
ebd992f54.jpg,False,False,False,False,True,0,none
ebdc35de8.jpg,False,True,False,False,False,1,2
ebde18416.jpg,False,False,False,False,True,0,none
ebe0d614b.jpg,False,False,True,False,False,1,3
ebe4ba4f4.jpg,False,False,False,False,True,0,none
ebeaefa1b.jpg,False,False,False,False,True,0,none
ebedf35c7.jpg,False,False,True,False,False,1,3
ebf129ba9.jpg,False,False,False,False,True,0,none
ebf1e3a5e.jpg,False,False,False,False,True,0,none
ebfa0cc57.jpg,False,False,False,False,True,0,none
ebfe6e61d.jpg,False,False,False,False,True,0,none
ebffb5d31.jpg,False,False,True,False,False,1,3
ec0c4dd47.jpg,False,False,True,False,False,1,3
ec0e3a1c2.jpg,False,False,True,False,False,1,3
ec10e45db.jpg,False,False,False,True,False,1,4
ec1ab47d4.jpg,False,False,False,False,True,0,none
ec1ffc4eb.jpg,False,False,True,False,False,1,3
ec2ade8c1.jpg,False,False,False,False,True,0,none
ec2ce528a.jpg,False,False,False,False,True,0,none
ec37ebae6.jpg,False,False,True,False,False,1,3
ec3e9deb2.jpg,False,False,False,False,True,0,none
ec3f302f2.jpg,False,False,True,False,False,1,3
ec3fe85d6.jpg,False,False,True,True,False,2,3+4
ec4b5010d.jpg,False,False,False,False,True,0,none
ec52fac2d.jpg,False,False,True,False,False,1,3
ec58aa10d.jpg,False,False,True,False,False,1,3
ec5949047.jpg,False,False,False,False,True,0,none
ec5abc2f0.jpg,False,False,True,False,False,1,3
ec6a951ba.jpg,False,False,True,False,False,1,3
ec6d6e7ea.jpg,False,False,False,False,True,0,none
ec6e13f9c.jpg,False,False,False,False,True,0,none
ec72d1ebd.jpg,False,False,False,False,True,0,none
ec80b6b6d.jpg,False,False,False,False,True,0,none
ec87938ad.jpg,False,False,False,False,True,0,none
ec8c34113.jpg,True,False,False,False,False,1,1
ec90adfcb.jpg,False,False,False,False,True,0,none
ec921fcc7.jpg,False,False,True,False,False,1,3
ec9f97e66.jpg,True,False,False,False,False,1,1
eca0aa4ff.jpg,False,False,True,False,False,1,3
eca85078d.jpg,False,False,False,False,True,0,none
ecad316bb.jpg,False,False,True,False,False,1,3
ecb2bea37.jpg,False,False,False,False,True,0,none
ecb3a4be6.jpg,False,False,True,False,False,1,3
ecb50399d.jpg,False,False,False,True,False,1,4
ecbab23d0.jpg,False,False,True,False,False,1,3
ecc0bf094.jpg,False,False,True,False,False,1,3
ecc3a7d10.jpg,False,False,False,False,True,0,none
ecca5b079.jpg,False,False,True,False,False,1,3
ecd0a3e9d.jpg,False,False,False,False,True,0,none
ecd0a7a42.jpg,False,True,False,False,False,1,2
ecd358e7b.jpg,False,False,False,False,True,0,none
ecd7ecf7e.jpg,False,False,True,False,False,1,3
ecd8fc5e7.jpg,False,False,False,False,True,0,none
ecdebc6ad.jpg,False,False,True,False,False,1,3
ece053dec.jpg,False,False,False,False,True,0,none
eceb96837.jpg,False,False,True,False,False,1,3
ecf1f5bb7.jpg,False,False,False,False,True,0,none
ed0d0866c.jpg,False,False,False,False,True,0,none
ed1c6be8d.jpg,False,False,True,False,False,1,3
ed1e66f9c.jpg,False,False,True,False,False,1,3
ed22af554.jpg,False,False,True,False,False,1,3
ed2871d8f.jpg,False,False,False,False,True,0,none
ed2d06ff7.jpg,True,False,False,False,False,1,1
ed30f8ba4.jpg,False,False,False,False,True,0,none
ed3276a76.jpg,True,False,False,False,False,1,1
ed32e2939.jpg,False,False,False,False,True,0,none
ed3615966.jpg,False,False,True,False,False,1,3
ed3942a81.jpg,False,False,False,False,True,0,none
ed3f080c3.jpg,True,False,False,False,False,1,1
ed466b4df.jpg,False,False,False,False,True,0,none
ed4b2a7b2.jpg,False,False,False,False,True,0,none
ed4cff821.jpg,False,False,False,False,True,0,none
ed4db5cf7.jpg,False,False,True,False,False,1,3
ed5030539.jpg,False,False,False,False,True,0,none
ed54a41e1.jpg,False,False,True,False,False,1,3
ed5d6f10a.jpg,True,False,False,False,False,1,1
ed60642e0.jpg,False,False,False,False,True,0,none
ed62608bc.jpg,False,False,False,False,True,0,none
ed64babcf.jpg,False,False,False,False,True,0,none
ed69c5fcf.jpg,True,False,False,False,False,1,1
ed73c3216.jpg,False,False,False,False,True,0,none
ed7b0a225.jpg,False,False,False,False,True,0,none
ed861754e.jpg,False,False,True,False,False,1,3
ed8678cea.jpg,True,False,False,False,False,1,1
ed8985a80.jpg,False,False,False,False,True,0,none
ed8d0e78c.jpg,False,False,True,False,False,1,3
ed8edd8a1.jpg,False,False,False,False,True,0,none
ed9182a4f.jpg,False,False,False,False,True,0,none
ed94e8b34.jpg,False,False,True,False,False,1,3
ed992aa5a.jpg,False,False,False,False,True,0,none
ed9f33dc2.jpg,False,False,True,False,False,1,3
ed9f593a2.jpg,False,True,False,False,False,1,2
eda0fd38d.jpg,False,False,False,False,True,0,none
eda5114ee.jpg,False,False,True,False,False,1,3
edb00bf08.jpg,False,False,False,False,True,0,none
edb2ae02b.jpg,False,False,False,False,True,0,none
edb3ff5b5.jpg,False,False,True,False,False,1,3
edbb46a8e.jpg,False,False,True,False,False,1,3
edbd80289.jpg,False,False,True,False,False,1,3
edc0d2bf8.jpg,True,False,False,False,False,1,1
edcf5abf7.jpg,True,False,False,False,False,1,1
edd2ff0dd.jpg,False,False,True,False,False,1,3
edd793914.jpg,False,False,False,False,True,0,none
edf12f5f1.jpg,False,False,True,False,False,1,3
edfc18176.jpg,False,False,True,False,False,1,3
edfe6ee4c.jpg,False,False,True,True,False,2,3+4
ee036e6f9.jpg,False,False,False,False,True,0,none
ee0979b81.jpg,False,False,True,False,False,1,3
ee0ad947e.jpg,False,False,True,False,False,1,3
ee0f815a0.jpg,False,False,True,False,False,1,3
ee1450e82.jpg,False,False,True,False,False,1,3
ee1861a8a.jpg,False,False,False,False,True,0,none
ee1a3dcd6.jpg,False,False,False,False,True,0,none
ee1ab393a.jpg,False,False,False,False,True,0,none
ee1fd46e5.jpg,False,False,False,False,True,0,none
ee20efe66.jpg,True,False,False,False,False,1,1
ee21b4b2d.jpg,False,False,True,False,False,1,3
ee329c310.jpg,False,False,False,False,True,0,none
ee346cc79.jpg,False,False,True,False,False,1,3
ee37864ff.jpg,False,False,False,False,True,0,none
ee3ace56f.jpg,False,False,False,True,False,1,4
ee3be2a71.jpg,False,False,False,False,True,0,none
ee44ebd2f.jpg,False,False,False,True,False,1,4
ee45a1736.jpg,False,False,True,False,False,1,3
ee4c5ab7f.jpg,False,False,True,False,False,1,3
ee57ddb83.jpg,False,False,True,False,False,1,3
ee6241bbf.jpg,False,False,False,False,True,0,none
ee63f3e1e.jpg,False,False,False,False,True,0,none
ee65fc6d8.jpg,False,False,True,False,False,1,3
ee68de193.jpg,False,False,False,False,True,0,none
ee73f4685.jpg,False,False,False,False,True,0,none
ee83f88d5.jpg,False,False,True,True,False,2,3+4
ee8ab74c9.jpg,False,False,True,False,False,1,3
ee8e55668.jpg,False,False,False,False,True,0,none
ee9a247ad.jpg,False,False,True,False,False,1,3
eea014d25.jpg,False,False,True,False,False,1,3
eeaccd41b.jpg,False,False,False,False,True,0,none
eeae0a244.jpg,False,False,True,False,False,1,3
eebc69ef5.jpg,False,False,False,False,True,0,none
eebcc0af3.jpg,True,False,False,False,False,1,1
eec244672.jpg,False,False,True,False,False,1,3
eec5da0ae.jpg,False,False,True,False,False,1,3
eed32de1b.jpg,True,False,False,False,False,1,1
eed74bec9.jpg,False,False,True,False,False,1,3
eed932172.jpg,True,False,False,False,False,1,1
eedb60662.jpg,False,False,False,False,True,0,none
eedbd0c92.jpg,False,False,True,False,False,1,3
eee142d9a.jpg,False,False,True,False,False,1,3
eee687cf1.jpg,False,False,False,False,True,0,none
eef087050.jpg,True,False,False,False,False,1,1
eef10580b.jpg,False,False,True,False,False,1,3
eef2cc092.jpg,False,False,True,False,False,1,3
eef394782.jpg,False,False,False,False,True,0,none
eef6ec80a.jpg,False,False,True,False,False,1,3
eefe5b710.jpg,False,False,False,True,False,1,4
eeffa4c49.jpg,True,False,True,False,False,2,1+3
ef0f5ac32.jpg,False,False,True,False,False,1,3
ef17a2418.jpg,False,False,False,False,True,0,none
ef21b3e57.jpg,False,False,True,False,False,1,3
ef2286f15.jpg,False,False,False,False,True,0,none
ef24240a0.jpg,False,False,True,False,False,1,3
ef24da2ba.jpg,True,True,True,False,False,3,1+2+3
ef25cc709.jpg,False,False,False,False,True,0,none
ef3894ac2.jpg,False,False,True,False,False,1,3
ef3c774d4.jpg,False,False,True,False,False,1,3
ef5c1b08e.jpg,True,False,False,False,False,1,1
ef60f8163.jpg,False,False,True,False,False,1,3
ef6f50a86.jpg,False,False,False,False,True,0,none
ef6febf17.jpg,False,False,False,False,True,0,none
ef70641e3.jpg,False,False,True,False,False,1,3
ef7331888.jpg,False,False,False,False,True,0,none
ef88e0b13.jpg,False,False,False,False,True,0,none
ef8ba30c0.jpg,False,False,True,True,False,2,3+4
ef8c8a263.jpg,False,False,True,True,False,2,3+4
ef94ca813.jpg,False,False,False,True,False,1,4
ef96ba685.jpg,False,False,False,False,True,0,none
efa1000e0.jpg,False,False,False,False,True,0,none
efa39707e.jpg,False,False,False,False,True,0,none
efa836d61.jpg,False,False,True,False,False,1,3
efa879d07.jpg,False,False,False,False,True,0,none
efb89f410.jpg,False,False,True,False,False,1,3
efb8d2080.jpg,False,False,False,False,True,0,none
efbd9e66b.jpg,False,False,False,False,True,0,none
efbe1db43.jpg,False,False,False,False,True,0,none
efc63b0b9.jpg,False,False,True,False,False,1,3
efca9c938.jpg,True,False,False,False,False,1,1
efcf1ddbe.jpg,False,False,False,False,True,0,none
efd258b19.jpg,False,False,False,False,True,0,none
efd4c37d9.jpg,False,False,False,False,True,0,none
efda1f523.jpg,False,False,False,False,True,0,none
efdad5db3.jpg,False,False,True,False,False,1,3
efe30162b.jpg,False,False,True,False,False,1,3
efe5694bf.jpg,False,True,False,False,False,1,2
efe80376f.jpg,False,False,False,False,True,0,none
efe81e1da.jpg,False,False,False,False,True,0,none
eff2074df.jpg,False,False,True,False,False,1,3
eff908342.jpg,False,False,False,False,True,0,none
effb2ffd3.jpg,False,False,False,False,True,0,none
f00185797.jpg,False,False,True,False,False,1,3
f0074b888.jpg,False,False,True,False,False,1,3
f0075e43c.jpg,False,False,True,False,False,1,3
f00c6d4b2.jpg,False,False,False,False,True,0,none
f01e4eec6.jpg,False,False,True,False,False,1,3
f024c4789.jpg,False,False,False,False,True,0,none
f02c1a600.jpg,False,False,True,False,False,1,3
f02f4630b.jpg,False,False,False,False,True,0,none
f03379160.jpg,True,False,False,False,False,1,1
f0344b3ad.jpg,False,False,False,False,True,0,none
f035b1e71.jpg,False,False,False,False,True,0,none
f03d88c73.jpg,False,False,False,True,False,1,4
f0437a9c3.jpg,False,False,True,False,False,1,3
f046dc5fa.jpg,False,False,False,False,True,0,none
f04d32eeb.jpg,False,False,True,False,False,1,3
f061c7c53.jpg,False,False,False,False,True,0,none
f0625054e.jpg,False,False,False,False,True,0,none
f06b3cff2.jpg,False,False,False,False,True,0,none
f06fbd0e7.jpg,False,False,True,False,False,1,3
f07399cf6.jpg,False,False,False,False,True,0,none
f07969848.jpg,False,False,False,True,False,1,4
f07e9ccda.jpg,False,False,False,False,True,0,none
f0859ea87.jpg,False,False,False,False,True,0,none
f08716423.jpg,False,False,True,False,False,1,3
f0a08a10c.jpg,False,False,True,False,False,1,3
f0b2483fa.jpg,False,False,False,False,True,0,none
f0d32ba71.jpg,False,False,False,False,True,0,none
f0dbecd3d.jpg,False,False,True,True,False,2,3+4
f0dc068a8.jpg,False,False,True,False,False,1,3
f0df48da0.jpg,True,False,False,False,False,1,1
f0e205516.jpg,False,False,True,False,False,1,3
f0e6210ea.jpg,False,False,False,False,True,0,none
f0f70d7ad.jpg,False,False,True,False,False,1,3
f0fdd6b7f.jpg,False,False,True,False,False,1,3
f0fe4df29.jpg,False,False,True,False,False,1,3
f10768627.jpg,True,False,True,False,False,2,1+3
f10e66f64.jpg,False,False,False,False,True,0,none
f10f625fd.jpg,False,False,True,False,False,1,3
f1119e073.jpg,False,False,True,False,False,1,3
f11471db2.jpg,False,False,False,False,True,0,none
f114d1a28.jpg,True,False,False,False,False,1,1
f11d59e33.jpg,False,False,True,False,False,1,3
f12206185.jpg,True,False,False,False,False,1,1
f13107ec5.jpg,False,False,True,False,False,1,3
f1317e0c9.jpg,False,False,False,False,True,0,none
f1396bc02.jpg,False,False,False,False,True,0,none
f13f86ab1.jpg,False,False,False,False,True,0,none
f14611c67.jpg,False,False,False,False,True,0,none
f14b1878e.jpg,False,False,False,False,True,0,none
f14cec989.jpg,False,False,True,False,False,1,3
f14f39ad8.jpg,False,False,False,False,True,0,none
f1529241c.jpg,False,False,False,False,True,0,none
f157238ea.jpg,False,False,False,False,True,0,none
f1611c743.jpg,False,False,False,False,True,0,none
f1691b37f.jpg,False,False,False,False,True,0,none
f1699acad.jpg,False,True,False,False,False,1,2
f1699cb5a.jpg,False,False,True,False,False,1,3
f16c5b437.jpg,False,False,False,False,True,0,none
f17e982f9.jpg,False,True,False,False,False,1,2
f1807fbdd.jpg,False,False,True,False,False,1,3
f180b829c.jpg,False,False,False,False,True,0,none
f183f0192.jpg,False,False,True,False,False,1,3
f18461ad5.jpg,False,False,False,False,True,0,none
f186527ee.jpg,False,False,True,False,False,1,3
f1889c7bd.jpg,False,False,False,False,True,0,none
f195eeda7.jpg,False,True,False,False,False,1,2
f1a782eb5.jpg,False,False,False,False,True,0,none
f1bd3a48a.jpg,False,False,False,False,True,0,none
f1becb8a5.jpg,False,False,True,True,False,2,3+4
f1bee5caa.jpg,False,False,False,False,True,0,none
f1bf46783.jpg,False,False,True,False,False,1,3
f1c0e4d32.jpg,True,False,False,False,False,1,1
f1d7871fd.jpg,False,False,False,False,True,0,none
f1e00a7fb.jpg,False,False,True,False,False,1,3
f1e348d35.jpg,False,False,True,False,False,1,3
f1ee117a1.jpg,False,False,False,False,True,0,none
f1f00ee31.jpg,False,False,False,False,True,0,none
f1f6b0f09.jpg,False,False,True,False,False,1,3
f1feaa507.jpg,False,False,False,False,True,0,none
f20023b87.jpg,False,False,True,False,False,1,3
f210c637e.jpg,False,False,True,False,False,1,3
f21b0be46.jpg,False,False,True,False,False,1,3
f21d3541c.jpg,False,False,False,False,True,0,none
f22ad3b42.jpg,False,False,False,True,False,1,4
f22b67de8.jpg,False,False,True,False,False,1,3
f22da130b.jpg,False,False,False,True,False,1,4
f23288425.jpg,False,False,True,False,False,1,3
f2370bcfb.jpg,False,False,False,False,True,0,none
f23c857a4.jpg,False,False,True,False,False,1,3
f2444c793.jpg,True,False,False,False,False,1,1
f24af31d1.jpg,False,False,False,True,False,1,4
f254f1765.jpg,False,False,True,False,False,1,3
f25c52683.jpg,False,False,False,False,True,0,none
f2613b2c4.jpg,False,False,True,False,False,1,3
f26715715.jpg,False,False,False,False,True,0,none
f2675f133.jpg,False,False,False,False,True,0,none
f26a1060f.jpg,True,False,False,False,False,1,1
f273460c7.jpg,False,False,False,False,True,0,none
f2739a7ca.jpg,False,False,True,False,False,1,3
f274086c4.jpg,False,False,False,False,True,0,none
f27526824.jpg,False,False,False,False,True,0,none
f276116b0.jpg,True,False,False,False,False,1,1
f278ce929.jpg,False,False,False,False,True,0,none
f27cf9c58.jpg,False,True,False,False,False,1,2
f27d7bda2.jpg,False,False,False,False,True,0,none
f27dfe80a.jpg,False,False,True,False,False,1,3
f2853b5b6.jpg,False,False,False,False,True,0,none
f294b84ed.jpg,False,False,True,False,False,1,3
f297f6838.jpg,False,True,False,False,False,1,2
f298b80d1.jpg,False,False,True,False,False,1,3
f2991ba3c.jpg,False,False,True,False,False,1,3
f2a06c929.jpg,False,False,False,False,True,0,none
f2a7da76d.jpg,True,False,False,False,False,1,1
f2aa8fa9e.jpg,False,False,False,False,True,0,none
f2aaef344.jpg,False,False,False,False,True,0,none
f2ad0871c.jpg,False,False,True,False,False,1,3
f2b20ecf8.jpg,False,False,False,False,True,0,none
f2b6d2c32.jpg,False,False,False,False,True,0,none
f2c12070d.jpg,False,False,True,False,False,1,3
f2cc60a91.jpg,False,False,False,False,True,0,none
f2ce832a0.jpg,False,False,True,False,False,1,3
f2f5ab55c.jpg,False,False,True,False,False,1,3
f2f69d7a4.jpg,False,False,False,False,True,0,none
f2ff5cfd7.jpg,False,False,True,False,False,1,3
f3045532b.jpg,False,False,False,False,True,0,none
f30897f72.jpg,False,False,False,False,True,0,none
f30beded6.jpg,False,True,False,False,False,1,2
f30cde286.jpg,False,False,False,False,True,0,none
f32454873.jpg,False,False,True,False,False,1,3
f327ae983.jpg,False,False,True,False,False,1,3
f32bb5699.jpg,False,False,True,False,False,1,3
f33469843.jpg,True,False,False,False,False,1,1
f338038be.jpg,False,False,True,False,False,1,3
f33e7a4b3.jpg,True,False,False,False,False,1,1
f33e7fc05.jpg,False,False,True,False,False,1,3
f33f47596.jpg,False,False,False,False,True,0,none
f34262e93.jpg,False,False,False,False,True,0,none
f348bf060.jpg,False,False,True,False,False,1,3
f35093ccb.jpg,False,False,False,False,True,0,none
f357575a6.jpg,False,False,False,False,True,0,none
f36729b47.jpg,False,False,False,False,True,0,none
f36acf83d.jpg,False,False,True,False,False,1,3
f36bc094e.jpg,False,False,True,False,False,1,3
f36cf3058.jpg,False,False,False,False,True,0,none
f37003c14.jpg,True,False,False,False,False,1,1
f375d814f.jpg,False,False,True,False,False,1,3
f37af29b7.jpg,False,False,True,False,False,1,3
f37f07255.jpg,False,False,False,False,True,0,none
f3805c0a8.jpg,False,False,False,False,True,0,none
f380e604c.jpg,False,False,True,False,False,1,3
f383950e8.jpg,False,False,True,True,False,2,3+4
f3862285d.jpg,True,False,False,False,False,1,1
f39c2310c.jpg,False,False,True,False,False,1,3
f3a39de53.jpg,False,False,False,False,True,0,none
f3a5748e2.jpg,False,False,False,False,True,0,none
f3a589343.jpg,False,False,False,False,True,0,none
f3a5aa94c.jpg,False,False,True,False,False,1,3
f3a9b7ad1.jpg,True,False,True,False,False,2,1+3
f3b180e26.jpg,False,False,True,False,False,1,3
f3b2ffe61.jpg,False,False,False,False,True,0,none
f3c12bd05.jpg,False,False,False,False,True,0,none
f3c800e30.jpg,False,False,False,False,True,0,none
f3c9fefb0.jpg,False,False,True,False,False,1,3
f3d2fbd91.jpg,True,False,False,False,False,1,1
f3d855e66.jpg,False,False,True,False,False,1,3
f3dca27d6.jpg,False,False,False,False,True,0,none
f3e1e7c47.jpg,False,True,False,False,False,1,2
f3e9dc39c.jpg,False,False,False,False,True,0,none
f3ef25974.jpg,False,False,False,False,True,0,none
f3f049f32.jpg,False,False,False,False,True,0,none
f3f18f763.jpg,False,False,False,False,True,0,none
f3f8f84d8.jpg,False,False,False,False,True,0,none
f3fcb4c7f.jpg,False,False,True,False,False,1,3
f400d2c23.jpg,False,False,False,True,False,1,4
f4077b312.jpg,False,False,True,False,False,1,3
f40bb2e24.jpg,False,False,True,False,False,1,3
f40be459c.jpg,False,False,True,False,False,1,3
f40da0c0d.jpg,False,False,False,False,True,0,none
f40f6db0e.jpg,False,False,False,False,True,0,none
f415f1afc.jpg,False,False,False,False,True,0,none
f41732c94.jpg,False,False,False,True,False,1,4
f41aa7979.jpg,False,False,False,False,True,0,none
f41c0d27c.jpg,False,False,False,False,True,0,none
f4222bcd7.jpg,False,False,False,False,True,0,none
f4223a623.jpg,False,False,False,False,True,0,none
f42768e5d.jpg,False,False,False,False,True,0,none
f4296a45d.jpg,False,False,True,False,False,1,3
f430ab232.jpg,False,False,True,False,False,1,3
f438726f9.jpg,False,False,False,False,True,0,none
f4413e172.jpg,False,False,True,False,False,1,3
f44229f4b.jpg,False,False,True,False,False,1,3
f444c57a7.jpg,False,False,False,True,False,1,4
f4495532f.jpg,False,False,False,True,False,1,4
f44bc4cf4.jpg,False,False,False,False,True,0,none
f45b2b2b0.jpg,False,False,True,False,False,1,3
f45d1ea03.jpg,False,False,False,False,True,0,none
f45dffa97.jpg,False,False,False,False,True,0,none
f45ea237c.jpg,False,False,False,False,True,0,none
f46d86fbe.jpg,False,False,True,False,False,1,3
f46e63337.jpg,False,False,True,False,False,1,3
f4743bc1c.jpg,False,False,False,False,True,0,none
f47f238a3.jpg,False,False,True,False,False,1,3
f480125b7.jpg,False,False,False,False,True,0,none
f4818a932.jpg,False,False,False,False,True,0,none
f4829742c.jpg,False,False,False,False,True,0,none
f482c3553.jpg,True,False,False,False,False,1,1
f48988d6a.jpg,False,False,True,False,False,1,3
f49a67645.jpg,False,False,False,False,True,0,none
f49e1cc05.jpg,False,False,False,False,True,0,none
f4a852272.jpg,False,False,False,False,True,0,none
f4a8adfd2.jpg,False,False,False,False,True,0,none
f4a98f891.jpg,False,False,True,False,False,1,3
f4ac05153.jpg,False,False,False,False,True,0,none
f4b3ac661.jpg,False,False,False,False,True,0,none
f4b95bb65.jpg,False,False,False,False,True,0,none
f4c5a6321.jpg,False,False,True,False,False,1,3
f4c8845b6.jpg,False,False,False,False,True,0,none
f4d41a007.jpg,False,False,False,False,True,0,none
f4dde5dac.jpg,True,False,False,False,False,1,1
f4e2a1748.jpg,False,False,True,False,False,1,3
f4f73481c.jpg,False,False,True,False,False,1,3
f4fa0c7ac.jpg,True,False,False,False,False,1,1
f5018f891.jpg,False,False,False,False,True,0,none
f503725aa.jpg,False,False,False,False,True,0,none
f503817dd.jpg,False,False,False,True,False,1,4
f508bc529.jpg,False,False,True,False,False,1,3
f50ff910b.jpg,False,False,False,False,True,0,none
f514de546.jpg,False,False,True,False,False,1,3
f5222b1b3.jpg,True,False,False,False,False,1,1
f525de3a6.jpg,False,False,False,False,True,0,none
f52e7d092.jpg,False,False,True,False,False,1,3
f539d7bea.jpg,False,False,True,False,False,1,3
f53a8182a.jpg,False,False,False,False,True,0,none
f53e75337.jpg,True,False,False,False,False,1,1
f5479db16.jpg,False,False,True,False,False,1,3
f54c0a5b9.jpg,False,False,False,False,True,0,none
f54e38da9.jpg,False,False,False,False,True,0,none
f5547eecf.jpg,False,False,False,False,True,0,none
f55acfc8e.jpg,True,False,False,False,False,1,1
f56a760ba.jpg,False,False,False,False,True,0,none
f57584fa6.jpg,True,False,False,False,False,1,1
f576a4e75.jpg,False,False,False,False,True,0,none
f58e82c13.jpg,False,False,False,False,True,0,none
f597d415e.jpg,False,False,False,False,True,0,none
f59f1dddb.jpg,False,False,False,False,True,0,none
f5a1bb561.jpg,False,False,False,False,True,0,none
f5a4016bb.jpg,False,False,True,False,False,1,3
f5a68b422.jpg,False,False,True,False,False,1,3
f5b46c3c1.jpg,False,False,True,False,False,1,3
f5b50a959.jpg,True,False,True,False,False,2,1+3
f5be628ef.jpg,False,False,True,False,False,1,3
f5c8f7766.jpg,False,False,False,True,False,1,4
f5cfc6f9c.jpg,False,False,True,False,False,1,3
f5d2ff551.jpg,False,False,False,False,True,0,none
f5d3a64cd.jpg,False,False,True,False,False,1,3
f5d65cd10.jpg,False,False,False,False,True,0,none
f5d8b0c31.jpg,False,False,True,False,False,1,3
f5d969081.jpg,False,False,False,False,True,0,none
f5dbb7e00.jpg,False,False,False,False,True,0,none
f5dbf6137.jpg,False,False,True,False,False,1,3
f5e54ba62.jpg,True,False,False,False,False,1,1
f5e981623.jpg,False,False,True,False,False,1,3
f5ee0e95a.jpg,False,False,True,False,False,1,3
f5ef933b6.jpg,False,False,False,False,True,0,none
f5f37f99a.jpg,False,False,False,False,True,0,none
f5fcc4750.jpg,False,False,True,False,False,1,3
f605d5ede.jpg,False,False,False,False,True,0,none
f6082de16.jpg,False,False,False,False,True,0,none
f6091ef22.jpg,False,False,True,False,False,1,3
f60a5bc2b.jpg,False,False,False,False,True,0,none
f60b4d359.jpg,False,False,False,True,False,1,4
f60cdbdcf.jpg,False,False,False,False,True,0,none
f613991f1.jpg,False,False,False,False,True,0,none
f618df512.jpg,True,True,False,False,False,2,1+2
f61bac8e3.jpg,False,False,False,False,True,0,none
f62546cde.jpg,True,False,False,False,False,1,1
f62aedad6.jpg,False,False,False,False,True,0,none
f62f6fd17.jpg,False,False,False,False,True,0,none
f63112dc2.jpg,False,False,False,False,True,0,none
f63292081.jpg,False,False,True,False,False,1,3
f634eed36.jpg,False,False,False,False,True,0,none
f63ac602e.jpg,False,False,False,False,True,0,none
f63e8c97f.jpg,False,False,True,False,False,1,3
f645abdf0.jpg,False,False,True,False,False,1,3
f64bb97a6.jpg,False,False,True,True,False,2,3+4
f6565a40a.jpg,False,False,True,False,False,1,3
f65921e5a.jpg,False,False,False,True,False,1,4
f65c33996.jpg,False,False,False,False,True,0,none
f65f02fdb.jpg,True,False,False,False,False,1,1
f66000c01.jpg,False,False,False,False,True,0,none
f6620bebb.jpg,False,False,False,False,True,0,none
f66364942.jpg,False,False,True,False,False,1,3
f66a9a7f3.jpg,False,False,True,False,False,1,3
f6749d6fe.jpg,False,False,True,False,False,1,3
f675eb92e.jpg,False,False,False,False,True,0,none
f676e9d6c.jpg,False,False,False,False,True,0,none
f67811762.jpg,False,False,True,False,False,1,3
f67d160b0.jpg,False,False,False,False,True,0,none
f67e682da.jpg,False,False,True,False,False,1,3
f68466331.jpg,True,False,False,False,False,1,1
f68503ec8.jpg,False,False,False,False,True,0,none
f6854fafc.jpg,False,False,False,False,True,0,none
f69caf7dd.jpg,False,False,True,False,False,1,3
f6a0c323a.jpg,False,False,False,False,True,0,none
f6a144845.jpg,False,False,False,False,True,0,none
f6ada445d.jpg,False,False,False,False,True,0,none
f6aebe83b.jpg,False,False,False,False,True,0,none
f6b7fc8e4.jpg,False,False,False,False,True,0,none
f6c5aad59.jpg,False,False,True,False,False,1,3
f6c7845d2.jpg,False,False,False,False,True,0,none
f6c97e5e7.jpg,False,False,True,False,False,1,3
f6c9b6570.jpg,False,False,False,False,True,0,none
f6d0cca5b.jpg,True,False,False,False,False,1,1
f6d99d582.jpg,True,False,False,False,False,1,1
f6db0a2e8.jpg,False,False,False,False,True,0,none
f6e140d3c.jpg,False,False,False,False,True,0,none
f6e2cc602.jpg,False,False,True,False,False,1,3
f6eb68937.jpg,False,False,True,True,False,2,3+4
f6ede545c.jpg,False,False,False,False,True,0,none
f6efc793c.jpg,False,False,False,False,True,0,none
f6f7902a9.jpg,False,False,True,True,False,2,3+4
f6fdd467c.jpg,False,False,False,False,True,0,none
f6ff3d051.jpg,False,False,False,False,True,0,none
f701e3865.jpg,False,False,False,False,True,0,none
f70d09439.jpg,False,False,True,False,False,1,3
f70d4ef13.jpg,False,False,False,False,True,0,none
f710d0506.jpg,False,False,False,False,True,0,none
f710ff0a1.jpg,False,False,False,False,True,0,none
f71c37a0f.jpg,False,False,True,False,False,1,3
f71f9c14b.jpg,False,False,True,False,False,1,3
f7202186a.jpg,False,False,False,False,True,0,none
f727d997a.jpg,False,True,False,False,False,1,2
f72bc3a1a.jpg,True,False,False,False,False,1,1
f72f8467b.jpg,False,False,False,False,True,0,none
f735b179a.jpg,False,False,False,False,True,0,none
f74f33985.jpg,False,False,True,False,False,1,3
f75fb2c26.jpg,False,False,False,False,True,0,none
f76f8e798.jpg,False,False,True,False,False,1,3
f777798f2.jpg,False,False,False,False,True,0,none
f78601072.jpg,False,False,False,False,True,0,none
f789a780c.jpg,False,False,False,False,True,0,none
f789ae3cc.jpg,False,False,False,False,True,0,none
f78c3b312.jpg,False,False,True,False,False,1,3
f7911bc46.jpg,False,False,False,False,True,0,none
f7916450e.jpg,True,False,False,False,False,1,1
f793f797d.jpg,False,False,False,False,True,0,none
f7955d77f.jpg,False,False,False,False,True,0,none
f799d498a.jpg,False,False,False,False,True,0,none
f79e8cbcb.jpg,False,False,True,False,False,1,3
f79f9f617.jpg,False,False,True,False,False,1,3
f7a5fc620.jpg,False,False,False,False,True,0,none
f7a866a28.jpg,False,False,False,False,True,0,none
f7b1dd93a.jpg,False,True,False,False,False,1,2
f7b62d489.jpg,False,False,False,False,True,0,none
f7c4aaaad.jpg,True,False,False,False,False,1,1
f7c7f6fc7.jpg,False,False,False,True,False,1,4
f7cdbc185.jpg,False,False,True,False,False,1,3
f7cf4e28e.jpg,False,False,False,False,True,0,none
f7d9253e4.jpg,False,False,False,False,True,0,none
f7e92727b.jpg,False,False,True,False,False,1,3
f7f1db72c.jpg,False,False,False,False,True,0,none
f7f254746.jpg,False,False,False,False,True,0,none
f7f2d555c.jpg,False,False,True,False,False,1,3
f7f2e339e.jpg,False,False,True,False,False,1,3
f7f48c1a7.jpg,False,False,False,False,True,0,none
f7fc733a7.jpg,False,False,True,False,False,1,3
f801dd10b.jpg,False,False,False,False,True,0,none
f806c9662.jpg,False,False,True,True,False,2,3+4
f806ebb39.jpg,False,False,False,False,True,0,none
f80b4e4e4.jpg,False,False,True,False,False,1,3
f8107b51d.jpg,False,False,False,False,True,0,none
f81484e30.jpg,False,False,True,False,False,1,3
f81b617ec.jpg,False,False,True,False,False,1,3
f8233dc1a.jpg,False,False,False,False,True,0,none
f824f4ba1.jpg,False,False,False,False,True,0,none
f8267203f.jpg,False,False,False,False,True,0,none
f8332f3fc.jpg,False,False,False,False,True,0,none
f8347d282.jpg,False,False,False,False,True,0,none
f836658ad.jpg,False,False,False,False,True,0,none
f83aa5759.jpg,True,False,True,False,False,2,1+3
f83d95885.jpg,False,False,False,False,True,0,none
f83d9cdc4.jpg,False,False,False,False,True,0,none
f83ee60b3.jpg,False,False,False,False,True,0,none
f84697b80.jpg,False,False,True,False,False,1,3
f848466cb.jpg,False,False,True,False,False,1,3
f8496f4e2.jpg,False,False,False,False,True,0,none
f84ae7a4b.jpg,False,False,True,False,False,1,3
f84f601b2.jpg,False,False,True,False,False,1,3
f8507e526.jpg,False,False,True,False,False,1,3
f85515b8b.jpg,False,False,True,False,False,1,3
f86fc3f01.jpg,False,False,False,False,True,0,none
f871a3e63.jpg,False,False,False,False,True,0,none
f877d00ba.jpg,False,False,False,False,True,0,none
f8800a695.jpg,False,False,False,False,True,0,none
f88cdab63.jpg,False,False,False,False,True,0,none
f88d122b9.jpg,False,False,True,True,False,2,3+4
f88e7ab6d.jpg,False,False,True,False,False,1,3
f8952d06e.jpg,False,False,False,False,True,0,none
f8981ac65.jpg,False,False,False,False,True,0,none
f89ce1e24.jpg,False,False,True,False,False,1,3
f8a3b9065.jpg,False,False,True,False,False,1,3
f8a4b0829.jpg,False,False,True,False,False,1,3
f8a56ce6e.jpg,False,False,False,False,True,0,none
f8aa3fcc1.jpg,False,False,False,False,True,0,none
f8ac50f34.jpg,False,False,False,False,True,0,none
f8af268c6.jpg,False,False,True,False,False,1,3
f8bf12de0.jpg,False,False,True,False,False,1,3
f8c41046b.jpg,False,False,True,False,False,1,3
f8cdb7672.jpg,False,False,False,False,True,0,none
f8d0b85ef.jpg,False,False,False,True,False,1,4
f8dadfeb9.jpg,False,False,False,False,True,0,none
f8dcae030.jpg,False,False,True,False,False,1,3
f8e2dbdf4.jpg,False,False,False,False,True,0,none
f8e3ec37a.jpg,False,False,False,False,True,0,none
f8eb9b938.jpg,False,False,True,False,False,1,3
f8f2e908e.jpg,False,False,False,False,True,0,none
f8f3a1eb2.jpg,True,False,False,False,False,1,1
f8f942505.jpg,False,False,True,False,False,1,3
f8fe4e3d9.jpg,False,False,False,False,True,0,none
f8ff8457a.jpg,False,False,True,False,False,1,3
f901632bf.jpg,False,False,True,False,False,1,3
f910b7857.jpg,False,False,True,False,False,1,3
f917bca00.jpg,False,False,True,False,False,1,3
f91d56c49.jpg,False,False,False,False,True,0,none
f92794f0a.jpg,False,False,True,False,False,1,3
f928cdeea.jpg,False,False,False,False,True,0,none
f939530e3.jpg,False,False,False,False,True,0,none
f93b7dc02.jpg,False,False,False,False,True,0,none
f94569eb5.jpg,False,False,True,False,False,1,3
f945df120.jpg,False,False,False,False,True,0,none
f9486d8fd.jpg,False,False,False,False,True,0,none
f950b713a.jpg,False,False,False,False,True,0,none
f95284047.jpg,False,False,True,False,False,1,3
f95867a2b.jpg,False,False,False,False,True,0,none
f95d6f436.jpg,False,False,True,False,False,1,3
f95e24d0a.jpg,False,False,False,False,True,0,none
f96003fac.jpg,False,False,False,False,True,0,none
f965e553b.jpg,False,False,True,False,False,1,3
f9668c7cd.jpg,False,True,True,False,False,2,2+3
f9682bef7.jpg,False,False,True,False,False,1,3
f9683d4b0.jpg,False,False,False,False,True,0,none
f96b502c6.jpg,False,False,False,False,True,0,none
f96b6802d.jpg,False,False,False,False,True,0,none
f97db2626.jpg,False,False,True,False,False,1,3
f98a8ae54.jpg,True,False,False,False,False,1,1
f98ac3ca8.jpg,False,False,False,False,True,0,none
f98ddb64d.jpg,False,False,False,True,False,1,4
f991a6a9e.jpg,True,False,False,False,False,1,1
f99b7c8aa.jpg,False,False,True,False,False,1,3
f9a30423e.jpg,False,False,True,False,False,1,3
f9a93b750.jpg,False,False,False,False,True,0,none
f9b337a42.jpg,False,True,False,False,False,1,2
f9b806612.jpg,False,False,False,False,True,0,none
f9b98ab64.jpg,True,False,False,False,False,1,1
f9d0f27a0.jpg,False,False,True,True,False,2,3+4
f9d912044.jpg,False,False,True,False,False,1,3
f9da1e38a.jpg,False,False,False,False,True,0,none
f9db48c10.jpg,False,False,False,False,True,0,none
fa08fa8c5.jpg,False,False,True,False,False,1,3
fa0a430a6.jpg,False,False,False,False,True,0,none
fa130006f.jpg,False,False,True,False,False,1,3
fa154606d.jpg,False,False,False,False,True,0,none
fa17c01fa.jpg,False,False,False,False,True,0,none
fa241dde2.jpg,False,False,False,True,False,1,4
fa342395f.jpg,True,False,False,False,False,1,1
fa347a114.jpg,False,False,True,False,False,1,3
fa3828a07.jpg,False,False,True,False,False,1,3
fa3a68a38.jpg,True,True,False,False,False,2,1+2
fa434abec.jpg,False,False,True,False,False,1,3
fa492c084.jpg,False,False,False,False,True,0,none
fa4fe42af.jpg,False,False,False,False,True,0,none
fa52d8ecd.jpg,False,False,False,False,True,0,none
fa564380a.jpg,False,False,False,False,True,0,none
fa6567637.jpg,False,False,False,True,False,1,4
fa6905f76.jpg,False,False,False,False,True,0,none
fa6a00996.jpg,False,False,False,False,True,0,none
fa6a65776.jpg,False,False,False,False,True,0,none
fa71602c6.jpg,False,False,True,False,False,1,3
fa764f687.jpg,False,False,False,False,True,0,none
fa7c44dbf.jpg,False,False,False,False,True,0,none
fa80cdac8.jpg,False,False,True,False,False,1,3
fa8f73d4b.jpg,False,False,True,False,False,1,3
fa9a5da40.jpg,True,False,False,False,False,1,1
fa9c1b2e4.jpg,False,False,True,False,False,1,3
faa053217.jpg,False,False,False,False,True,0,none
faa0cdf84.jpg,True,False,False,False,False,1,1
faa1000af.jpg,False,False,True,False,False,1,3
faa4010e1.jpg,False,False,False,False,True,0,none
faa73f1d9.jpg,False,False,True,False,False,1,3
faa80e2e8.jpg,False,False,True,False,False,1,3
faab4b759.jpg,False,False,True,False,False,1,3
fab50d91a.jpg,True,False,False,False,False,1,1
fab8b357c.jpg,False,False,False,False,True,0,none
fabd4faef.jpg,False,False,False,False,True,0,none
fac3481a4.jpg,False,False,False,False,True,0,none
fac87dc98.jpg,False,False,False,False,True,0,none
fac91988f.jpg,False,False,True,False,False,1,3
fac9867d0.jpg,False,False,False,False,True,0,none
fac9c2cb8.jpg,False,False,True,False,False,1,3
facc4ddc7.jpg,False,False,True,False,False,1,3
facfab806.jpg,False,False,False,False,True,0,none
fad2dd8ee.jpg,False,True,True,False,False,2,2+3
fad32acdd.jpg,False,False,False,False,True,0,none
fadccb348.jpg,False,False,False,False,True,0,none
fae50c768.jpg,False,False,True,False,False,1,3
faea44200.jpg,False,False,True,False,False,1,3
faf0dc448.jpg,False,False,False,False,True,0,none
fafd76f70.jpg,False,False,True,False,False,1,3
fb0434dea.jpg,True,False,False,False,False,1,1
fb18f4f82.jpg,False,False,True,False,False,1,3
fb1a7bc67.jpg,False,False,True,False,False,1,3
fb208afce.jpg,False,False,True,False,False,1,3
fb217517b.jpg,False,False,False,False,True,0,none
fb22747f2.jpg,False,False,False,False,True,0,none
fb227f89f.jpg,False,False,False,False,True,0,none
fb23968c0.jpg,False,False,True,False,False,1,3
fb252eb78.jpg,True,False,False,False,False,1,1
fb2c208eb.jpg,False,False,False,False,True,0,none
fb2d75aea.jpg,False,True,False,False,False,1,2
fb3273735.jpg,False,False,False,False,True,0,none
fb352c185.jpg,True,False,False,False,False,1,1
fb357de4d.jpg,False,False,True,True,False,2,3+4
fb36b84e7.jpg,True,False,False,False,False,1,1
fb37207e8.jpg,False,False,False,False,True,0,none
fb38bb7bf.jpg,False,False,True,False,False,1,3
fb3a54000.jpg,False,False,True,False,False,1,3
fb49750e4.jpg,False,False,False,False,True,0,none
fb4ad0679.jpg,False,False,False,False,True,0,none
fb565bc91.jpg,False,False,True,False,False,1,3
fb6666769.jpg,False,False,True,False,False,1,3
fb6a70917.jpg,False,False,True,False,False,1,3
fb6e418f2.jpg,False,False,False,False,True,0,none
fb6ed1e5a.jpg,False,False,False,False,True,0,none
fb714819e.jpg,False,False,False,False,True,0,none
fb7812d7c.jpg,False,False,False,False,True,0,none
fb8a8c8be.jpg,False,False,False,False,True,0,none
fb8c8f732.jpg,False,False,True,False,False,1,3
fb9558035.jpg,False,False,True,True,False,2,3+4
fb9a07c8f.jpg,True,True,False,False,False,2,1+2
fb9bed1bb.jpg,False,False,True,False,False,1,3
fbab82e58.jpg,False,False,False,False,True,0,none
fbadf780f.jpg,False,False,False,True,False,1,4
fbb44ab31.jpg,False,False,True,False,False,1,3
fbbb8f8b2.jpg,False,False,True,False,False,1,3
fbbd2ed0d.jpg,True,False,False,False,False,1,1
fbbecd1d9.jpg,False,False,False,False,True,0,none
fbc970f36.jpg,False,False,False,False,True,0,none
fbc97ac61.jpg,True,True,False,False,False,2,1+2
fbcb3df55.jpg,False,False,True,False,False,1,3
fbccd24e3.jpg,False,False,False,False,True,0,none
fbce1e845.jpg,False,False,False,False,True,0,none
fbce992e6.jpg,False,False,False,False,True,0,none
fbd219354.jpg,False,False,True,False,False,1,3
fbdc2daae.jpg,False,True,False,False,False,1,2
fbdde63d5.jpg,True,False,False,False,False,1,1
fbe24003b.jpg,False,False,False,False,True,0,none
fbedb4788.jpg,False,False,False,False,True,0,none
fbf0bf047.jpg,False,False,False,False,True,0,none
fbf282a60.jpg,False,False,True,False,False,1,3
fbf7ac43e.jpg,False,False,True,False,False,1,3
fc0541a53.jpg,True,False,False,False,False,1,1
fc0d2f65e.jpg,False,False,False,False,True,0,none
fc113cb7e.jpg,True,False,False,False,False,1,1
fc1e573df.jpg,False,False,False,False,True,0,none
fc1ee52dc.jpg,False,False,False,False,True,0,none
fc20db1e0.jpg,False,False,False,False,True,0,none
fc230eb3c.jpg,False,False,True,False,False,1,3
fc23f981b.jpg,False,False,False,False,True,0,none
fc2968239.jpg,False,False,True,False,False,1,3
fc2d2d29e.jpg,True,False,True,False,False,2,1+3
fc2e9c877.jpg,False,False,False,False,True,0,none
fc3151ab5.jpg,False,False,True,False,False,1,3
fc37492b6.jpg,False,False,False,False,True,0,none
fc46a5d97.jpg,False,False,False,False,True,0,none
fc477f3c8.jpg,False,False,True,False,False,1,3
fc4ef4356.jpg,False,False,True,False,False,1,3
fc4f997c5.jpg,False,False,True,True,False,2,3+4
fc55baa4f.jpg,False,False,False,False,True,0,none
fc5cb6d9e.jpg,False,False,False,False,True,0,none
fc5e5979c.jpg,False,False,True,False,False,1,3
fc62ebb8b.jpg,False,False,True,False,False,1,3
fc6cbd71b.jpg,False,False,False,False,True,0,none
fc70bf091.jpg,False,False,True,False,False,1,3
fc8cb11db.jpg,True,False,False,False,False,1,1
fc921f66a.jpg,False,False,False,False,True,0,none
fc937f4b5.jpg,False,False,False,False,True,0,none
fc9557838.jpg,False,False,False,False,True,0,none
fc9f88417.jpg,False,False,True,False,False,1,3
fca5cbc24.jpg,False,False,False,False,True,0,none
fcacd299d.jpg,False,False,True,False,False,1,3
fcb1f2469.jpg,False,False,True,False,False,1,3
fcb25f2ec.jpg,False,False,True,False,False,1,3
fcbe0914f.jpg,False,False,False,False,True,0,none
fcc15caae.jpg,False,False,False,False,True,0,none
fcc7c9c3c.jpg,False,False,False,False,True,0,none
fcce5b9cc.jpg,False,False,True,False,False,1,3
fcd374576.jpg,False,True,False,False,False,1,2
fcd874407.jpg,False,False,True,False,False,1,3
fcddbcbc0.jpg,True,False,False,False,False,1,1
fcdec6c2f.jpg,False,False,False,False,True,0,none
fcdeccead.jpg,True,False,False,False,False,1,1
fcded3d29.jpg,False,False,True,False,False,1,3
fcdfdbf64.jpg,False,False,True,False,False,1,3
fce971b43.jpg,False,False,True,False,False,1,3
fcea4a36f.jpg,False,False,True,False,False,1,3
fcf0d3eeb.jpg,False,False,False,False,True,0,none
fcf5cf8e2.jpg,False,False,True,False,False,1,3
fcfffb388.jpg,False,False,True,False,False,1,3
fd02408b4.jpg,False,False,False,False,True,0,none
fd0c52161.jpg,False,False,False,False,True,0,none
fd14dd6dc.jpg,False,False,True,False,False,1,3
fd183310f.jpg,False,False,False,False,True,0,none
fd184c14c.jpg,False,False,True,False,False,1,3
fd1c572bb.jpg,False,False,False,False,True,0,none
fd2094971.jpg,False,False,False,False,True,0,none
fd26ab9ad.jpg,False,False,True,True,False,2,3+4
fd297963a.jpg,False,False,False,False,True,0,none
fd2a53b9a.jpg,False,False,True,False,False,1,3
fd2f7b4f4.jpg,False,False,False,False,True,0,none
fd319a9a3.jpg,False,False,False,False,True,0,none
fd32f8ad3.jpg,True,False,False,False,False,1,1
fd3afa979.jpg,False,False,True,False,False,1,3
fd3dd0ae2.jpg,False,False,False,False,True,0,none
fd4b9e7c0.jpg,False,False,False,False,True,0,none
fd5de08ea.jpg,False,False,True,False,False,1,3
fd6208bbc.jpg,True,False,False,False,False,1,1
fd64f3fd7.jpg,False,False,False,False,True,0,none
fd76d8b3d.jpg,False,False,True,False,False,1,3
fd7b70c7b.jpg,False,False,True,False,False,1,3
fd81ef9be.jpg,False,False,False,False,True,0,none
fd83f3489.jpg,False,False,False,False,True,0,none
fd85c439e.jpg,False,False,False,False,True,0,none
fd86d4201.jpg,False,False,True,False,False,1,3
fd88ec534.jpg,False,False,False,True,False,1,4
fd8e2675c.jpg,False,False,False,False,True,0,none
fd9b1a987.jpg,False,False,False,False,True,0,none
fda1a539d.jpg,False,False,False,True,False,1,4
fda40e618.jpg,False,False,False,False,True,0,none
fda56a365.jpg,False,False,True,False,False,1,3
fda720bac.jpg,False,False,True,False,False,1,3
fdaaaf9d9.jpg,False,False,True,False,False,1,3
fdab86eb7.jpg,False,False,True,False,False,1,3
fdabe52ee.jpg,False,False,True,False,False,1,3
fdac6eb7b.jpg,False,False,False,False,True,0,none
fdb58f4ec.jpg,False,False,False,False,True,0,none
fdb5ae9d4.jpg,False,False,True,False,False,1,3
fdb705792.jpg,False,False,True,False,False,1,3
fdb71f007.jpg,False,False,False,False,True,0,none
fdb7c0397.jpg,False,False,True,True,False,2,3+4
fdb8a4e70.jpg,False,False,True,False,False,1,3
fdbae58d2.jpg,False,False,False,False,True,0,none
fdc7bc599.jpg,False,False,False,False,True,0,none
fdc83849e.jpg,False,False,True,False,False,1,3
fdc84bdc4.jpg,False,False,False,False,True,0,none
fdcaa4692.jpg,False,False,True,False,False,1,3
fdd363326.jpg,False,False,True,False,False,1,3
fdd592bf5.jpg,False,False,False,False,True,0,none
fdd63753f.jpg,False,False,False,False,True,0,none
fde8b6a20.jpg,False,False,False,False,True,0,none
fde8d37fc.jpg,False,False,True,False,False,1,3
fdefeca1f.jpg,False,False,True,False,False,1,3
fdf0d8b7a.jpg,False,False,True,False,False,1,3
fdf3a16fc.jpg,False,False,True,False,False,1,3
fdf6a925f.jpg,False,False,False,False,True,0,none
fdf8a8fda.jpg,False,False,False,False,True,0,none
fdfbe4d02.jpg,False,False,False,False,True,0,none
fe01b0ce0.jpg,False,False,True,False,False,1,3
fe123ce40.jpg,False,False,False,False,True,0,none
fe1f25a02.jpg,False,False,True,False,False,1,3
fe2136368.jpg,False,False,False,False,True,0,none
fe21a795a.jpg,False,False,True,False,False,1,3
fe2234ba6.jpg,True,False,True,False,False,2,1+3
fe2637bd9.jpg,True,False,False,False,False,1,1
fe335d9b8.jpg,False,False,True,False,False,1,3
fe3c40c86.jpg,False,False,False,False,True,0,none
fe44d3c92.jpg,False,False,False,False,True,0,none
fe471b6c5.jpg,False,False,False,False,True,0,none
fe56055d0.jpg,False,False,False,False,True,0,none
fe5f1f766.jpg,False,False,False,False,True,0,none
fe6065792.jpg,False,False,False,False,True,0,none
fe618d8ad.jpg,False,False,False,False,True,0,none
fe65bce69.jpg,False,False,True,False,False,1,3
fe689cf0a.jpg,False,True,False,False,False,1,2
fe6f8e502.jpg,False,False,True,False,False,1,3
fe7459fe6.jpg,False,False,False,False,True,0,none
fe793c552.jpg,False,False,True,False,False,1,3
fe7b99496.jpg,False,False,True,False,False,1,3
fe849b86c.jpg,False,False,False,False,True,0,none
fe8e137c0.jpg,True,False,False,False,False,1,1
fe90516f3.jpg,False,False,True,False,False,1,3
fe96a088d.jpg,False,False,True,False,False,1,3
fe9f07422.jpg,False,False,False,False,True,0,none
fea2f6ad2.jpg,False,False,True,False,False,1,3
fea3da755.jpg,False,False,True,False,False,1,3
fea4c4feb.jpg,True,False,False,False,False,1,1
fea8e46ad.jpg,False,False,True,False,False,1,3
feababedf.jpg,False,False,False,False,True,0,none
feb2cfa94.jpg,False,False,True,False,False,1,3
feb7f851f.jpg,False,False,False,False,True,0,none
feb959e50.jpg,False,False,False,False,True,0,none
febaaaaa7.jpg,False,False,False,False,True,0,none
febd24f9a.jpg,False,False,True,False,False,1,3
fec35dc6d.jpg,False,False,False,False,True,0,none
fec4b10d0.jpg,False,False,True,False,False,1,3
fec666a05.jpg,False,False,False,False,True,0,none
fec86da3c.jpg,False,False,True,False,False,1,3
fed07ccf3.jpg,True,False,False,False,False,1,1
fed23a483.jpg,False,False,True,False,False,1,3
fee93875b.jpg,False,False,True,False,False,1,3
feebccc73.jpg,False,False,False,False,True,0,none
feebe80d4.jpg,False,False,True,False,False,1,3
feec56162.jpg,False,False,False,True,False,1,4
fef3329b7.jpg,False,False,False,False,True,0,none
fef40d085.jpg,False,False,False,False,True,0,none
ff001adfe.jpg,True,False,False,False,False,1,1
ff09babee.jpg,False,False,False,False,True,0,none
ff1020719.jpg,False,False,True,False,False,1,3
ff18dded1.jpg,False,False,False,False,True,0,none
ff27b4b1b.jpg,False,False,True,False,False,1,3
ff300484e.jpg,False,False,True,False,False,1,3
ff35c950a.jpg,False,False,False,False,True,0,none
ff3bac947.jpg,False,False,False,False,True,0,none
ff44fa556.jpg,False,False,True,False,False,1,3
ff4ddccf9.jpg,False,False,True,False,False,1,3
ff52f9fe2.jpg,False,False,True,False,False,1,3
ff5483763.jpg,False,False,True,False,False,1,3
ff5590fbe.jpg,False,False,True,False,False,1,3
ff5c7f868.jpg,False,False,True,False,False,1,3
ff6bfada2.jpg,False,False,True,True,False,2,3+4
ff6cc90ca.jpg,False,False,True,False,False,1,3
ff6e35e0a.jpg,True,True,False,False,False,2,1+2
ff6ec63cf.jpg,False,False,False,False,True,0,none
ff6f1a404.jpg,False,False,False,False,True,0,none
ff73c8e76.jpg,False,False,False,False,True,0,none
ff882d69e.jpg,False,False,False,False,True,0,none
ff8c44174.jpg,False,False,False,False,True,0,none
ff933e271.jpg,False,False,True,False,False,1,3
ff96da52e.jpg,False,False,False,False,True,0,none
ff96dfa95.jpg,False,False,True,False,False,1,3
ff9923932.jpg,False,False,True,False,False,1,3
ff9d46e95.jpg,False,False,False,True,False,1,4
ffa55c731.jpg,False,False,False,False,True,0,none
ffa8210a1.jpg,False,False,False,False,True,0,none
ffaa05016.jpg,False,False,False,False,True,0,none
ffb48ee43.jpg,False,False,True,False,False,1,3
ffbd081d5.jpg,False,False,True,False,False,1,3
ffc9fdf70.jpg,False,False,True,False,False,1,3
ffcf72ecf.jpg,False,False,True,False,False,1,3
ffd0223a7.jpg,False,False,False,False,True,0,none
ffe93442c.jpg,False,False,False,False,True,0,none
fff0295e1.jpg,False,False,False,False,True,0,none
fff02e9c5.jpg,False,False,True,False,False,1,3
fffe98443.jpg,False,False,True,False,False,1,3
ffff4eaa8.jpg,False,False,True,False,False,1,3
ffffd67df.jpg,False,False,True,False,False,1,3
